Page,District_Name,Category,Investment_Amount
2,Alaska 0th,Airports,273
2,Alaska 0th,Courts and Courtroom Facilities,115.09
2,Alaska 0th,Fire Stations and Equipment,6.14
2,Alaska 0th,GAS,11.79
2,Alaska 0th,General Purpose/Public Improvements,678.36
2,Alaska 0th,Government and Public Buildings,20.82
2,Alaska 0th,Hospitals,197.86
2,Alaska 0th,Human Services,39.14
2,Alaska 0th,Multi-Family Housing,10
2,Alaska 0th,New Public Housing,6.9
2,Alaska 0th,Other Transportation,10.98
2,Alaska 0th,"Parks, Zoos and Beaches",18.5
2,Alaska 0th,Primary/Secondary Education,490.65
2,Alaska 0th,Public Higher Education,114.17
2,Alaska 0th,Sanitation,108.76
2,Alaska 0th,Sewer,56.84
2,Alaska 0th,Streets and Highways,70.66
2,Alaska 0th,Water Utilities,80.2
6,Alabama 1st,Airports,4.98
6,Alabama 1st,Combined Utilities,61.74
6,Alabama 1st,Courts and Courtroom Facilities,62.67
6,Alabama 1st,Electric Utilities and Public Power,2022.76
6,Alabama 1st,Fire Stations and Equipment,2.9
6,Alabama 1st,GAS,12097.6
6,Alabama 1st,General Purpose/Public Improvements,673.21
6,Alabama 1st,Government and Public Buildings,17.15
6,Alabama 1st,Hospitals,310.82
6,Alabama 1st,Industrial Development,6
6,Alabama 1st,Lifecare/Retirement Centers,168.44
6,Alabama 1st,Mass/Rapid Transit,23.58
6,Alabama 1st,Nursing Homes,10.58
6,Alabama 1st,Other,17.1
6,Alabama 1st,"Parks, Zoos and Beaches",19
6,Alabama 1st,Pollution Control,857.78
6,Alabama 1st,Primary/Secondary Education,525.04
6,Alabama 1st,Private Higher Education,26.68
6,Alabama 1st,Redevelopment/Land Clearance,365
6,Alabama 1st,Sewer,4.5
6,Alabama 1st,Solid Waste/Resource Recovery,211.5
6,Alabama 1st,Stadiums/Sports Complexes,83.14
6,Alabama 1st,Streets and Highways,0.48
6,Alabama 1st,Water Utilities,36.36
6,Alabama 1st,Water/Sewer Utilities,12.96
11,Alabama 2nd,Airports,7.52
11,Alabama 2nd,Combined Utilities,37.48
11,Alabama 2nd,Courts and Courtroom Facilities,10.16
11,Alabama 2nd,Economic Development,82.34
11,Alabama 2nd,Electric Utilities and Public Power,2022.76
11,Alabama 2nd,GAS,13314.87
11,Alabama 2nd,General Purpose/Public Improvements,592.54
11,Alabama 2nd,Government and Public Buildings,5.64
11,Alabama 2nd,Hospitals,909.43
11,Alabama 2nd,Industrial Development,6
11,Alabama 2nd,Lifecare/Retirement Centers,99.17
11,Alabama 2nd,Multi-Family Housing,11.8
11,Alabama 2nd,"Parks, Zoos and Beaches",22.68
11,Alabama 2nd,Pollution Control,857.78
11,Alabama 2nd,Primary/Secondary Education,506.58
11,Alabama 2nd,Private Higher Education,122.76
11,Alabama 2nd,Public Higher Education,1034.16
11,Alabama 2nd,Seaports and Marine Terminals,6.13
11,Alabama 2nd,Sewer,1.22
11,Alabama 2nd,Solid Waste/Resource Recovery,211.5
11,Alabama 2nd,Streets and Highways,12.34
11,Alabama 2nd,Toll Roads,1
11,Alabama 2nd,Water/Sewer Utilities,232.93
17,Alabama 3rd,Combined Utilities,92.76
17,Alabama 3rd,Courts and Courtroom Facilities,8.72
17,Alabama 3rd,Electric Utilities and Public Power,2028.94
17,Alabama 3rd,GAS,5431.28
17,Alabama 3rd,General Purpose/Public Improvements,558.1
17,Alabama 3rd,Government and Public Buildings,2.1
17,Alabama 3rd,Hospitals,1028.48
17,Alabama 3rd,Industrial Development,4.04
17,Alabama 3rd,Lifecare/Retirement Centers,83.21
17,Alabama 3rd,Mass/Rapid Transit,2.8
17,Alabama 3rd,Police Stations and Equipment,4.84
17,Alabama 3rd,Pollution Control,438.28
17,Alabama 3rd,Primary/Secondary Education,635.49
17,Alabama 3rd,Private Higher Education,41.32
17,Alabama 3rd,Public Higher Education,1256.96
17,Alabama 3rd,Sewer,5.13
17,Alabama 3rd,Solid Waste/Resource Recovery,186
17,Alabama 3rd,UNKNOWN,11.93
17,Alabama 3rd,Water Utilities,57.18
17,Alabama 3rd,Water/Sewer Utilities,88.24
22,Alabama 4th,Combined Utilities,7.16
22,Alabama 4th,Courts and Courtroom Facilities,35.96
22,Alabama 4th,Economic Development,4.88
22,Alabama 4th,Electric Utilities and Public Power,25.96
22,Alabama 4th,GAS,793.2
22,Alabama 4th,General Purpose/Public Improvements,563.01
22,Alabama 4th,Hospitals,220.52
22,Alabama 4th,"Parks, Zoos and Beaches",43.49
22,Alabama 4th,Pollution Control,438.28
22,Alabama 4th,Primary/Secondary Education,573.24
22,Alabama 4th,Public Higher Education,274.32
22,Alabama 4th,Sanitation,13.6
22,Alabama 4th,Seaports and Marine Terminals,25
22,Alabama 4th,Sewer,4.37
22,Alabama 4th,Solid Waste/Resource Recovery,186
22,Alabama 4th,Stadiums/Sports Complexes,44.88
22,Alabama 4th,Streets and Highways,60.94
22,Alabama 4th,Water Utilities,137.28
22,Alabama 4th,Water/Sewer Utilities,150.84
27,Alabama 5th,Combined Utilities,14.74
27,Alabama 5th,Courts and Courtroom Facilities,0.98
27,Alabama 5th,Economic Development,76.06
27,Alabama 5th,Electric Utilities and Public Power,139.27
27,Alabama 5th,GAS,10.62
27,Alabama 5th,General Purpose/Public Improvements,816.64
27,Alabama 5th,Government and Public Buildings,64.84
27,Alabama 5th,Hospitals,683.24
27,Alabama 5th,Lifecare/Retirement Centers,89.92
27,Alabama 5th,Multi-Family Housing,35.92
27,Alabama 5th,Other,47.91
27,Alabama 5th,Pollution Control,438.28
27,Alabama 5th,Primary/Secondary Education,808.9
27,Alabama 5th,Public Higher Education,1114.54
27,Alabama 5th,Sewer,43.28
27,Alabama 5th,Solid Waste/Resource Recovery,186
27,Alabama 5th,Streets and Highways,3.28
27,Alabama 5th,Water Utilities,139.84
27,Alabama 5th,Water/Sewer Utilities,487.46
31,Alabama 6th,Civic/Convention Centers,173.51
31,Alabama 6th,Combined Utilities,11.77
31,Alabama 6th,GAS,5806.16
31,Alabama 6th,General Purpose/Public Improvements,652.86
31,Alabama 6th,Government and Public Buildings,17.44
31,Alabama 6th,Hospitals,375
31,Alabama 6th,Industrial Development,3.86
31,Alabama 6th,Lifecare/Retirement Centers,168.44
31,Alabama 6th,Other Recreation,26.02
31,Alabama 6th,"Parks, Zoos and Beaches",103.98
31,Alabama 6th,Pollution Control,448.53
31,Alabama 6th,Primary/Secondary Education,854.7
31,Alabama 6th,Private Higher Education,324.71
31,Alabama 6th,Public Higher Education,33.88
31,Alabama 6th,Sewer,2368.22
31,Alabama 6th,Solid Waste/Resource Recovery,190
31,Alabama 6th,Stadiums/Sports Complexes,216.44
31,Alabama 6th,Water Utilities,628.56
31,Alabama 6th,Water/Sewer Utilities,9.86
36,Alabama 7th,Airports,91.41
36,Alabama 7th,Bridges,2.52
36,Alabama 7th,Civic/Convention Centers,173.51
36,Alabama 7th,Combined Utilities,1.72
36,Alabama 7th,Courts and Courtroom Facilities,6.15
36,Alabama 7th,Electric Utilities and Public Power,6.9
36,Alabama 7th,GAS,12097.1
36,Alabama 7th,General Purpose/Public Improvements,673.06
36,Alabama 7th,Government and Public Buildings,4.46
36,Alabama 7th,Hospitals,483.98
36,Alabama 7th,Hotels,3
36,Alabama 7th,Industrial Development,100
36,Alabama 7th,Lifecare/Retirement Centers,83.21
36,Alabama 7th,Malls/Shopping Centers,10.26
36,Alabama 7th,Other,47.91
36,Alabama 7th,"Parks, Zoos and Beaches",103.98
36,Alabama 7th,Pollution Control,438.28
36,Alabama 7th,Primary/Secondary Education,717.5
36,Alabama 7th,Public Higher Education,1140.13
36,Alabama 7th,Seaports and Marine Terminals,25
36,Alabama 7th,Senior Housing/Independent Living,19.94
36,Alabama 7th,Sewer,2354.69
36,Alabama 7th,Solid Waste/Resource Recovery,242.95
36,Alabama 7th,Stadiums/Sports Complexes,190.26
36,Alabama 7th,Streets and Highways,67.79
36,Alabama 7th,Student Housing,70.24
36,Alabama 7th,Toll Roads,1
36,Alabama 7th,Water Utilities,652.46
36,Alabama 7th,Water/Sewer Utilities,73.96
41,Arkansas 1st,Airports,2.04
41,Arkansas 1st,Combined Utilities,130.09
41,Arkansas 1st,Courts and Courtroom Facilities,49.74
41,Arkansas 1st,Electric Utilities and Public Power,17.2
41,Arkansas 1st,Fire Stations and Equipment,9.36
41,Arkansas 1st,General Purpose/Public Improvements,183.83
41,Arkansas 1st,Government and Public Buildings,2.88
41,Arkansas 1st,Hospitals,278.29
41,Arkansas 1st,"Parks, Zoos and Beaches",72.56
41,Arkansas 1st,Primary/Secondary Education,1181.01
41,Arkansas 1st,Private Higher Education,2.71
41,Arkansas 1st,Public Higher Education,1035.18
41,Arkansas 1st,Redevelopment/Land Clearance,7.04
41,Arkansas 1st,Sewer,35.3
41,Arkansas 1st,Solid Waste/Resource Recovery,4.92
41,Arkansas 1st,Streets and Highways,24.92
41,Arkansas 1st,Water Utilities,9.74
41,Arkansas 1st,Water/Sewer Utilities,48.63
48,Arkansas 2nd,Charter Schools,47.44
48,Arkansas 2nd,Courts and Courtroom Facilities,6.8
48,Arkansas 2nd,Electric Utilities and Public Power,24.16
48,Arkansas 2nd,Fire Stations and Equipment,17.32
48,Arkansas 2nd,General Purpose/Public Improvements,246.14
48,Arkansas 2nd,Hospitals,571.28
48,Arkansas 2nd,Libraries and Museums,69.1
48,Arkansas 2nd,Lifecare/Retirement Centers,3.36
48,Arkansas 2nd,Multi-Family Housing,9
48,Arkansas 2nd,Other Recreation,53.12
48,Arkansas 2nd,"Parks, Zoos and Beaches",64.7
48,Arkansas 2nd,Police Stations and Equipment,6.88
48,Arkansas 2nd,Primary/Secondary Education,1606.05
48,Arkansas 2nd,Private Higher Education,29.48
48,Arkansas 2nd,Public Higher Education,1240.03
48,Arkansas 2nd,Sewer,192.46
48,Arkansas 2nd,Streets and Highways,12.02
48,Arkansas 2nd,Student Housing,74.35
48,Arkansas 2nd,Telecommunications Equipment,2.44
48,Arkansas 2nd,Water Utilities,149.18
48,Arkansas 2nd,Water/Sewer Utilities,56.77
54,Arkansas 3rd,Charter Schools,22.79
54,Arkansas 3rd,Fire Stations and Equipment,10.08
54,Arkansas 3rd,General Purpose/Public Improvements,352.01
54,Arkansas 3rd,Government and Public Buildings,3.88
54,Arkansas 3rd,Hotels,7.7
54,Arkansas 3rd,Libraries and Museums,22.86
54,Arkansas 3rd,Parking Facilities,3.95
54,Arkansas 3rd,"Parks, Zoos and Beaches",11.71
54,Arkansas 3rd,Primary/Secondary Education,1596.68
54,Arkansas 3rd,Public Higher Education,903.67
54,Arkansas 3rd,Redevelopment/Land Clearance,3.72
54,Arkansas 3rd,Sewer,20.94
54,Arkansas 3rd,Streets and Highways,275.7
54,Arkansas 3rd,Water Utilities,158.2
54,Arkansas 3rd,Water/Sewer Utilities,291.22
59,Arkansas 4th,Combined Utilities,24.62
59,Arkansas 4th,Courts and Courtroom Facilities,11.7
59,Arkansas 4th,Fire Stations and Equipment,2.16
59,Arkansas 4th,General Purpose/Public Improvements,79.98
59,Arkansas 4th,Hospitals,247.59
59,Arkansas 4th,Libraries and Museums,11.34
59,Arkansas 4th,OTHER HSG,2
59,Arkansas 4th,Other Recreation,6.99
59,Arkansas 4th,"Parks, Zoos and Beaches",12.38
59,Arkansas 4th,Primary/Secondary Education,1122.9
59,Arkansas 4th,Private Higher Education,76.14
59,Arkansas 4th,Public Higher Education,1126.83
59,Arkansas 4th,Sewer,87.31
59,Arkansas 4th,Solid Waste/Resource Recovery,1.68
59,Arkansas 4th,Streets and Highways,14.08
59,Arkansas 4th,Student Housing,71.18
59,Arkansas 4th,Water Utilities,191.72
59,Arkansas 4th,Water/Sewer Utilities,91.78
66,Arizona 1st,Airports,901.02
66,Arizona 1st,Charter Schools,670.28
66,Arizona 1st,Civic/Convention Centers,514.47
66,Arizona 1st,Electric Utilities and Public Power,5189.68
66,Arizona 1st,Fire Stations and Equipment,8.18
66,Arizona 1st,Flood Control/Storm Drainage,7.74
66,Arizona 1st,GAS,1038.92
66,Arizona 1st,General Purpose/Public Improvements,1209.44
66,Arizona 1st,Hospitals,4257.73
66,Arizona 1st,Industrial Development,33.18
66,Arizona 1st,LD PRESERVTN,1.43
66,Arizona 1st,Lifecare/Retirement Centers,133.98
66,Arizona 1st,Mass/Rapid Transit,21.68
66,Arizona 1st,Multi-Family Housing,275.8
66,Arizona 1st,Other,10.65
66,Arizona 1st,Pollution Control,163.98
66,Arizona 1st,Primary/Secondary Education,1304.56
66,Arizona 1st,Public Higher Education,2997.72
66,Arizona 1st,Redevelopment/Land Clearance,11.88
66,Arizona 1st,Sewer,728.08
66,Arizona 1st,Single Family Housing,119.72
66,Arizona 1st,Solid Waste/Resource Recovery,4
66,Arizona 1st,Stadiums/Sports Complexes,150.64
66,Arizona 1st,Water Utilities,1276.68
66,Arizona 1st,Water/Sewer Utilities,172.88
70,Arizona 2nd,Charter Schools,1293.2
70,Arizona 2nd,Courts and Courtroom Facilities,76.41
70,Arizona 2nd,Electric Utilities and Public Power,5281.33
70,Arizona 2nd,Fire Stations and Equipment,2.54
70,Arizona 2nd,GAS,1038.92
70,Arizona 2nd,General Purpose/Public Improvements,238.9
70,Arizona 2nd,Government and Public Buildings,56.33
70,Arizona 2nd,Hospitals,2528.18
70,Arizona 2nd,IRRIGATION,4.03
70,Arizona 2nd,Lifecare/Retirement Centers,93.24
70,Arizona 2nd,Mass/Rapid Transit,21.64
70,Arizona 2nd,Multi-Family Housing,130.85
70,Arizona 2nd,Other,0.2
70,Arizona 2nd,Other Recreation,3.82
70,Arizona 2nd,"Parks, Zoos and Beaches",24.42
70,Arizona 2nd,Police Stations and Equipment,5.73
70,Arizona 2nd,Pollution Control,163.98
70,Arizona 2nd,Primary/Secondary Education,786.05
70,Arizona 2nd,Public Higher Education,2034.22
70,Arizona 2nd,Sewer,5.12
70,Arizona 2nd,Stadiums/Sports Complexes,5.64
70,Arizona 2nd,Streets and Highways,56.82
70,Arizona 2nd,Water Utilities,30.1
75,Arizona 3rd,Airports,1246.36
75,Arizona 3rd,Charter Schools,2389.36
75,Arizona 3rd,Civic/Convention Centers,514.47
75,Arizona 3rd,Electric Utilities and Public Power,5189.68
75,Arizona 3rd,Fire Stations and Equipment,8.18
75,Arizona 3rd,GAS,1038.92
75,Arizona 3rd,General Purpose/Public Improvements,981
75,Arizona 3rd,Hospitals,3681.64
75,Arizona 3rd,Industrial Development,33.18
75,Arizona 3rd,Mass/Rapid Transit,21.68
75,Arizona 3rd,Multi-Family Housing,165.18
75,Arizona 3rd,Other,10.65
75,Arizona 3rd,Pollution Control,163.98
75,Arizona 3rd,Primary/Secondary Education,1884.68
75,Arizona 3rd,Public Higher Education,2997.72
75,Arizona 3rd,Redevelopment/Land Clearance,11.88
75,Arizona 3rd,Sewer,728.08
75,Arizona 3rd,Single Family Housing,119.72
75,Arizona 3rd,Solid Waste/Resource Recovery,4
75,Arizona 3rd,Stadiums/Sports Complexes,150.64
75,Arizona 3rd,Student Housing,153.46
75,Arizona 3rd,Water Utilities,1258.63
80,Arizona 4th,Airports,802.06
80,Arizona 4th,Charter Schools,1181.74
80,Arizona 4th,Civic/Convention Centers,514.47
80,Arizona 4th,Combined Utilities,1371.52
80,Arizona 4th,Electric Utilities and Public Power,5189.68
80,Arizona 4th,Fire Stations and Equipment,8.18
80,Arizona 4th,GAS,1038.92
80,Arizona 4th,General Purpose/Public Improvements,1802.71
80,Arizona 4th,Government and Public Buildings,54.46
80,Arizona 4th,Hospitals,3141.76
80,Arizona 4th,Industrial Development,33.18
80,Arizona 4th,Lifecare/Retirement Centers,323.43
80,Arizona 4th,Mass/Rapid Transit,21.68
80,Arizona 4th,Multi-Family Housing,170.8
80,Arizona 4th,Other,26.37
80,Arizona 4th,"Parks, Zoos and Beaches",173.77
80,Arizona 4th,Primary/Secondary Education,897.97
80,Arizona 4th,Private Human Service Providers,3.64
80,Arizona 4th,Public Higher Education,3050.32
80,Arizona 4th,Redevelopment/Land Clearance,11.88
80,Arizona 4th,Sewer,728.08
80,Arizona 4th,Single Family Housing,119.72
80,Arizona 4th,Solid Waste/Resource Recovery,4
80,Arizona 4th,Stadiums/Sports Complexes,150.64
80,Arizona 4th,Streets and Highways,18.54
80,Arizona 4th,Student Housing,104.1
80,Arizona 4th,Water Utilities,1258.63
80,Arizona 4th,Water/Sewer Utilities,213.25
85,Arizona 5th,Charter Schools,1244.43
85,Arizona 5th,Combined Utilities,1371.52
85,Arizona 5th,Electric Utilities and Public Power,5281.33
85,Arizona 5th,Fire Stations and Equipment,14.17
85,Arizona 5th,GAS,1038.92
85,Arizona 5th,General Purpose/Public Improvements,851.17
85,Arizona 5th,Government and Public Buildings,56.33
85,Arizona 5th,Hospitals,3141.76
85,Arizona 5th,IRRIGATION,4.03
85,Arizona 5th,Industrial Development,33.18
85,Arizona 5th,Mass/Rapid Transit,174.69
85,Arizona 5th,Multi-Family Housing,53.06
85,Arizona 5th,Other,15.92
85,Arizona 5th,"Parks, Zoos and Beaches",276.1
85,Arizona 5th,Primary/Secondary Education,1031.3
85,Arizona 5th,Private Higher Education,30.9
85,Arizona 5th,Public Higher Education,3049.16
85,Arizona 5th,Single Family Housing,16.29
85,Arizona 5th,Solid Waste/Resource Recovery,4
85,Arizona 5th,Stadiums/Sports Complexes,430.02
85,Arizona 5th,Streets and Highways,68.56
85,Arizona 5th,Water Utilities,550.71
85,Arizona 5th,Water/Sewer Utilities,173.58
90,Arizona 6th,Charter Schools,894.14
90,Arizona 6th,Civic/Convention Centers,70.04
90,Arizona 6th,Courts and Courtroom Facilities,21.98
90,Arizona 6th,Electric Utilities and Public Power,91.64
90,Arizona 6th,Fire Stations and Equipment,35.59
90,Arizona 6th,GAS,1038.92
90,Arizona 6th,General Purpose/Public Improvements,430.26
90,Arizona 6th,Government and Public Buildings,89.67
90,Arizona 6th,Hospitals,2528.54
90,Arizona 6th,Lifecare/Retirement Centers,306.21
90,Arizona 6th,Other,0.2
90,Arizona 6th,Other Recreation,0.64
90,Arizona 6th,"Parks, Zoos and Beaches",18.78
90,Arizona 6th,Pollution Control,163.98
90,Arizona 6th,Primary/Secondary Education,596.28
90,Arizona 6th,Public Higher Education,350.67
90,Arizona 6th,Sewer,337.03
90,Arizona 6th,Streets and Highways,101.47
90,Arizona 6th,Water Utilities,322.88
95,Arizona 7th,Charter Schools,1011.02
95,Arizona 7th,Courts and Courtroom Facilities,26.05
95,Arizona 7th,Electric Utilities and Public Power,91.64
95,Arizona 7th,Fire Stations and Equipment,43.19
95,Arizona 7th,GAS,1038.92
95,Arizona 7th,General Purpose/Public Improvements,663.94
95,Arizona 7th,Government and Public Buildings,170.54
95,Arizona 7th,Hospitals,3072.67
95,Arizona 7th,Industrial Development,33.18
95,Arizona 7th,Libraries and Museums,24.39
95,Arizona 7th,Lifecare/Retirement Centers,26.58
95,Arizona 7th,Mass/Rapid Transit,21.68
95,Arizona 7th,Multi-Family Housing,53.06
95,Arizona 7th,OTHER PUB SVC,0.25
95,Arizona 7th,Other,0.2
95,Arizona 7th,Other Recreation,14.26
95,Arizona 7th,Pollution Control,163.98
95,Arizona 7th,Primary/Secondary Education,1091.72
95,Arizona 7th,Public Higher Education,2152.11
95,Arizona 7th,Sewer,337.03
95,Arizona 7th,Single Family Housing,16.29
95,Arizona 7th,Solid Waste/Resource Recovery,4
95,Arizona 7th,Stadiums/Sports Complexes,194.78
95,Arizona 7th,Streets and Highways,112.36
95,Arizona 7th,Student Housing,104.1
95,Arizona 7th,Water Utilities,309.26
95,Arizona 7th,Water/Sewer Utilities,301.44
100,Arizona 8th,Airports,802.06
100,Arizona 8th,Charter Schools,1126.92
100,Arizona 8th,Civic/Convention Centers,514.47
100,Arizona 8th,Electric Utilities and Public Power,5189.68
100,Arizona 8th,Fire Stations and Equipment,25.66
100,Arizona 8th,GAS,1038.92
100,Arizona 8th,General Purpose/Public Improvements,1555.52
100,Arizona 8th,Government and Public Buildings,44.46
100,Arizona 8th,Hospitals,3779.08
100,Arizona 8th,Industrial Development,33.18
100,Arizona 8th,Lifecare/Retirement Centers,355.04
100,Arizona 8th,Mass/Rapid Transit,43.4
100,Arizona 8th,Multi-Family Housing,179.22
100,Arizona 8th,Other,10.65
100,Arizona 8th,Pollution Control,163.98
100,Arizona 8th,Primary/Secondary Education,805.73
100,Arizona 8th,Private Higher Education,52.5
100,Arizona 8th,Private Human Service Providers,3.64
100,Arizona 8th,Public Higher Education,2997.72
100,Arizona 8th,Redevelopment/Land Clearance,11.88
100,Arizona 8th,Sewer,728.08
100,Arizona 8th,Single Family Housing,119.72
100,Arizona 8th,Solid Waste/Resource Recovery,4
100,Arizona 8th,Stadiums/Sports Complexes,150.64
100,Arizona 8th,Streets and Highways,38.54
100,Arizona 8th,Water Utilities,1258.63
100,Arizona 8th,Water/Sewer Utilities,205.28
105,Arizona 9th,Airports,98.95
105,Arizona 9th,Charter Schools,1406.89
105,Arizona 9th,Fire Stations and Equipment,26.34
105,Arizona 9th,GAS,1038.92
105,Arizona 9th,General Purpose/Public Improvements,941.77
105,Arizona 9th,Government and Public Buildings,127.66
105,Arizona 9th,Hospitals,1099.14
105,Arizona 9th,Industrial Development,33.18
105,Arizona 9th,Libraries and Museums,24.39
105,Arizona 9th,Lifecare/Retirement Centers,107.1
105,Arizona 9th,Mass/Rapid Transit,21.68
105,Arizona 9th,Multi-Family Housing,53.06
105,Arizona 9th,OTHER PUB SVC,0.25
105,Arizona 9th,Pollution Control,163.98
105,Arizona 9th,Primary/Secondary Education,618.9
105,Arizona 9th,Private Higher Education,38.52
105,Arizona 9th,Public Higher Education,1366.22
105,Arizona 9th,Single Family Housing,16.29
105,Arizona 9th,Solid Waste/Resource Recovery,4
105,Arizona 9th,Stadiums/Sports Complexes,203.1
105,Arizona 9th,Streets and Highways,57.84
105,Arizona 9th,Water Utilities,179.82
105,Arizona 9th,Water/Sewer Utilities,627.48
110,California 1st,Charter Schools,10.24
110,California 1st,Combined Utilities,22.43
110,California 1st,Courts and Courtroom Facilities,15.49
110,California 1st,Economic Development,288.07
110,California 1st,Electric Utilities and Public Power,102.32
110,California 1st,Flood Control/Storm Drainage,130.46
110,California 1st,GAS,919.54
110,California 1st,General Purpose/Public Improvements,143.84
110,California 1st,Government and Public Buildings,16.43
110,California 1st,Hospitals,3685.65
110,California 1st,Industrial Development,100
110,California 1st,Multi-Family Housing,554.36
110,California 1st,Other,0.15
110,California 1st,"Parks, Zoos and Beaches",6.38
110,California 1st,Primary/Secondary Education,659.88
110,California 1st,Private Higher Education,29.5
110,California 1st,Private Human Service Providers,2.9
110,California 1st,Public Higher Education,5462.72
110,California 1st,Redevelopment/Land Clearance,23.58
110,California 1st,Sewer,74.44
110,California 1st,Single Family Housing,18.41
110,California 1st,Water Utilities,16.57
116,California 2nd,Bridges,5237.46
116,California 2nd,Charter Schools,25.9
116,California 2nd,Courts and Courtroom Facilities,19.2
116,California 2nd,Electric Utilities and Public Power,15.7
116,California 2nd,Fire Stations and Equipment,34.93
116,California 2nd,Flood Control/Storm Drainage,4.24
116,California 2nd,General Purpose/Public Improvements,261.58
116,California 2nd,Government and Public Buildings,55.56
116,California 2nd,Higher Education,39.2
116,California 2nd,Hospitals,10172.26
116,California 2nd,Industrial Development,100
116,California 2nd,Libraries and Museums,9.82
116,California 2nd,Lifecare/Retirement Centers,307.18
116,California 2nd,Multi-Family Housing,1311.19
116,California 2nd,Other,0.15
116,California 2nd,Parking Facilities,3.4
116,California 2nd,Police Stations and Equipment,13.5
116,California 2nd,Primary/Secondary Education,2375.3
116,California 2nd,Public Higher Education,5686.55
116,California 2nd,Redevelopment/Land Clearance,40.12
116,California 2nd,Sanitation,61.3
116,California 2nd,Sewer,234.58
116,California 2nd,Streets and Highways,13.38
116,California 2nd,Toll Roads,1773.36
116,California 2nd,Water Utilities,175.28
116,California 2nd,Water/Sewer Utilities,25.98
123,California 3rd,Charter Schools,102.75
123,California 3rd,Civic/Convention Centers,32.06
123,California 3rd,Combined Utilities,3.13
123,California 3rd,Courts and Courtroom Facilities,5.64
123,California 3rd,Electric Utilities and Public Power,499.28
123,California 3rd,Flood Control/Storm Drainage,74.06
123,California 3rd,GAS,59.7
123,California 3rd,General Purpose/Public Improvements,1176.82
123,California 3rd,Government and Public Buildings,34.04
123,California 3rd,Hospitals,8890.58
123,California 3rd,IRRIGATION,114.45
123,California 3rd,Industrial Development,100
123,California 3rd,Mobile Homes,156.32
123,California 3rd,Multi-Family Housing,2206.44
123,California 3rd,OFFICE BLDG/LTD PARTN,11.92
123,California 3rd,Other Recreation,50.54
123,California 3rd,Pollution Control,273.5
123,California 3rd,Primary/Secondary Education,1797.39
123,California 3rd,Private Higher Education,65.83
123,California 3rd,Public Higher Education,998.13
123,California 3rd,Redevelopment/Land Clearance,121.08
123,California 3rd,Sanitation,83.96
123,California 3rd,Sewer,126.02
123,California 3rd,Single/Multi-Family Housing,8.44
123,California 3rd,Solid Waste/Resource Recovery,8.14
123,California 3rd,Streets and Highways,13.51
123,California 3rd,Water Utilities,282.9
123,California 3rd,Water/Sewer Utilities,14.96
130,California 4th,Bridges,5237.46
130,California 4th,Charter Schools,21.26
130,California 4th,Courts and Courtroom Facilities,8.56
130,California 4th,Flood Control/Storm Drainage,20.6
130,California 4th,General Purpose/Public Improvements,377.51
130,California 4th,Hospitals,11623.22
130,California 4th,Industrial Development,100
130,California 4th,Libraries and Museums,3.74
130,California 4th,Lifecare/Retirement Centers,356.32
130,California 4th,Mobile Homes,277.02
130,California 4th,Multi-Family Housing,3110.36
130,California 4th,Other,12.87
130,California 4th,Other Recreation,2.74
130,California 4th,Primary/Secondary Education,1903.6
130,California 4th,Public Higher Education,21414.87
130,California 4th,Redevelopment/Land Clearance,74.54
130,California 4th,Sanitation,21.81
130,California 4th,Sewer,165.02
130,California 4th,Single Family Housing,18.41
130,California 4th,Solid Waste/Resource Recovery,10.14
130,California 4th,Streets and Highways,4.82
130,California 4th,Student Housing,1037.31
130,California 4th,Toll Roads,1773.36
130,California 4th,Water Utilities,156.97
130,California 4th,Water/Sewer Utilities,34.24
137,California 5th,Charter Schools,192.38
137,California 5th,Combined Utilities,56.64
137,California 5th,Electric Utilities and Public Power,493.64
137,California 5th,General Purpose/Public Improvements,374.53
137,California 5th,Government and Public Buildings,65.17
137,California 5th,Hospitals,11066.44
137,California 5th,IRRIGATION,141.96
137,California 5th,Industrial Development,100
137,California 5th,Lifecare/Retirement Centers,24.54
137,California 5th,Multi-Family Housing,2.2
137,California 5th,Other,5.78
137,California 5th,"Parks, Zoos and Beaches",9.02
137,California 5th,Pollution Control,273.5
137,California 5th,Primary/Secondary Education,823.63
137,California 5th,Public Higher Education,5687.12
137,California 5th,Redevelopment/Land Clearance,13.94
137,California 5th,Sewer,36.81
137,California 5th,Streets and Highways,29.5
137,California 5th,Water Utilities,382.8
137,California 5th,Water/Sewer Utilities,4.7
143,California 6th,Airports,957.32
143,California 6th,Charter Schools,192.38
143,California 6th,Civic/Convention Centers,304.63
143,California 6th,Combined Utilities,689.7
143,California 6th,Courts and Courtroom Facilities,18.87
143,California 6th,Electric Utilities and Public Power,2133.28
143,California 6th,Flood Control/Storm Drainage,335.88
143,California 6th,GAS,458.45
143,California 6th,General Purpose/Public Improvements,1125.09
143,California 6th,Government and Public Buildings,203.21
143,California 6th,Hospitals,6176.04
143,California 6th,Mass/Rapid Transit,35.48
143,California 6th,Multi-Family Housing,844.07
143,California 6th,Other,0
143,California 6th,Other Transportation,296.42
143,California 6th,"Parks, Zoos and Beaches",24.54
143,California 6th,Primary/Secondary Education,2552.69
143,California 6th,Public Higher Education,342.5
143,California 6th,Redevelopment/Land Clearance,104.81
143,California 6th,Sanitation,668.48
143,California 6th,Sewer,453.9
143,California 6th,Streets and Highways,46.46
143,California 6th,Water Utilities,549.15
148,California 7th,Airports,957.32
148,California 7th,Civic/Convention Centers,304.63
148,California 7th,Combined Utilities,689.7
148,California 7th,Courts and Courtroom Facilities,18.87
148,California 7th,Electric Utilities and Public Power,2133.28
148,California 7th,Fire Stations and Equipment,9.11
148,California 7th,Flood Control/Storm Drainage,316.42
148,California 7th,GAS,458.45
148,California 7th,General Purpose/Public Improvements,1394.7
148,California 7th,Government and Public Buildings,454.02
148,California 7th,Hospitals,11600.42
148,California 7th,Industrial Development,100
148,California 7th,Lifecare/Retirement Centers,37.1
148,California 7th,Mass/Rapid Transit,35.48
148,California 7th,Multi-Family Housing,835.79
148,California 7th,Other,0
148,California 7th,Other Transportation,296.42
148,California 7th,"Parks, Zoos and Beaches",56.28
148,California 7th,Police Stations and Equipment,11.13
148,California 7th,Primary/Secondary Education,1826.56
148,California 7th,Public Higher Education,5491.8
148,California 7th,Redevelopment/Land Clearance,61.6
148,California 7th,Sanitation,668.48
148,California 7th,Sewer,461.59
148,California 7th,Single Family Housing,18.41
148,California 7th,Solid Waste/Resource Recovery,10.14
148,California 7th,Water Utilities,516.59
153,California 8th,Bridges,5237.46
153,California 8th,Charter Schools,671.07
153,California 8th,Civic/Convention Centers,78.66
153,California 8th,Electric Utilities and Public Power,8901.4
153,California 8th,General Purpose/Public Improvements,457.44
153,California 8th,Government and Public Buildings,341.81
153,California 8th,Hospitals,7263.5
153,California 8th,Industrial Development,100
153,California 8th,Lifecare/Retirement Centers,3.16
153,California 8th,Mass/Rapid Transit,2903.95
153,California 8th,Multi-Family Housing,1571.9
153,California 8th,Other,0.15
153,California 8th,Other Transportation,82.98
153,California 8th,"Parks, Zoos and Beaches",161.36
153,California 8th,Police Stations and Equipment,29.12
153,California 8th,Primary/Secondary Education,2266.51
153,California 8th,Public Higher Education,5543.6
153,California 8th,Redevelopment/Land Clearance,192.07
153,California 8th,Senior Housing/Independent Living,4.3
153,California 8th,Sewer,159.51
153,California 8th,Single Family Housing,0.66
153,California 8th,Solid Waste/Resource Recovery,3.53
153,California 8th,Streets and Highways,12.46
153,California 8th,Toll Roads,1773.36
153,California 8th,Water Utilities,382.69
153,California 8th,Water/Sewer Utilities,26.96
158,California 9th,Charter Schools,192.38
158,California 9th,Combined Utilities,124.47
158,California 9th,Economic Development,288.07
158,California 9th,Electric Utilities and Public Power,197.44
158,California 9th,Flood Control/Storm Drainage,55.48
158,California 9th,General Purpose/Public Improvements,689.05
158,California 9th,Government and Public Buildings,58.22
158,California 9th,Hospitals,10114.76
158,California 9th,Industrial Development,100
158,California 9th,Lifecare/Retirement Centers,82.08
158,California 9th,Malls/Shopping Centers,5.72
158,California 9th,Mass/Rapid Transit,229.1
158,California 9th,Multi-Family Housing,365.66
158,California 9th,Other,0.15
158,California 9th,Other Recreation,50.36
158,California 9th,Parking Facilities,23.2
158,California 9th,Primary/Secondary Education,1645.96
158,California 9th,Private Higher Education,138.12
158,California 9th,Public Higher Education,303.21
158,California 9th,Redevelopment/Land Clearance,89.26
158,California 9th,Seaports and Marine Terminals,15.96
158,California 9th,Sewer,96.38
158,California 9th,Single Family Housing,4.4
158,California 9th,Single/Multi-Family Housing,8.44
158,California 9th,Stadiums/Sports Complexes,15.82
158,California 9th,Streets and Highways,53.8
158,California 9th,Water Utilities,169.64
158,California 9th,Water/Sewer Utilities,59.86
164,California 10th,Bridges,5237.46
164,California 10th,Charter Schools,16.06
164,California 10th,Civic/Convention Centers,24.28
164,California 10th,Electric Utilities and Public Power,8892.2
164,California 10th,Fire Stations and Equipment,40.78
164,California 10th,General Purpose/Public Improvements,658.87
164,California 10th,Government and Public Buildings,327.82
164,California 10th,Hospitals,5206.34
164,California 10th,Industrial Development,100
164,California 10th,Lifecare/Retirement Centers,44.16
164,California 10th,Mass/Rapid Transit,2903.95
164,California 10th,Multi-Family Housing,1277.68
164,California 10th,Other Transportation,82.98
164,California 10th,"Parks, Zoos and Beaches",161.36
164,California 10th,Police Stations and Equipment,1.29
164,California 10th,Primary/Secondary Education,2510.35
164,California 10th,Private Higher Education,198.52
164,California 10th,Public Higher Education,934.1
164,California 10th,Redevelopment/Land Clearance,72.14
164,California 10th,Senior Housing/Independent Living,4.3
164,California 10th,Sewer,80.8
164,California 10th,Single Family Housing,22.81
164,California 10th,Streets and Highways,2.48
164,California 10th,Toll Roads,1773.36
164,California 10th,UNKNOWN,2.96
164,California 10th,Water Utilities,266.76
169,California 11th,Bridges,5237.46
169,California 11th,Charter Schools,299.68
169,California 11th,Civic/Convention Centers,491
169,California 11th,Courts and Courtroom Facilities,53.26
169,California 11th,Electric Utilities and Public Power,279.06
169,California 11th,General Purpose/Public Improvements,2051.58
169,California 11th,Government and Public Buildings,316.73
169,California 11th,Hospitals,9065.64
169,California 11th,Industrial Development,100
169,California 11th,Libraries and Museums,287.48
169,California 11th,Lifecare/Retirement Centers,433.12
169,California 11th,Mass/Rapid Transit,3535.34
169,California 11th,Multi-Family Housing,2786.19
169,California 11th,OFFICE BLDG/LTD PARTN,236.82
169,California 11th,Other,8.97
169,California 11th,Parking Facilities,30
169,California 11th,"Parks, Zoos and Beaches",22.61
169,California 11th,Primary/Secondary Education,875.57
169,California 11th,Private Higher Education,140
169,California 11th,Private Human Service Providers,15.28
169,California 11th,Public Higher Education,21131.82
169,California 11th,Redevelopment/Land Clearance,404.87
169,California 11th,Seaports and Marine Terminals,15.72
169,California 11th,Sewer,3232.52
169,California 11th,Streets and Highways,204.5
169,California 11th,Student Housing,447.32
169,California 11th,Toll Roads,1773.36
169,California 11th,VETERANS,214.58
169,California 11th,Water Utilities,2816.58
174,California 12th,Bridges,5237.46
174,California 12th,Charter Schools,492.07
174,California 12th,Courts and Courtroom Facilities,64.49
174,California 12th,Electric Utilities and Public Power,10530.52
174,California 12th,General Purpose/Public Improvements,1105.59
174,California 12th,Government and Public Buildings,238.87
174,California 12th,Hospitals,4703.99
174,California 12th,Industrial Development,106.5
174,California 12th,Libraries and Museums,15.86
174,California 12th,Lifecare/Retirement Centers,585.14
174,California 12th,Mass/Rapid Transit,2855.53
174,California 12th,Multi-Family Housing,1361.67
174,California 12th,Other,29.32
174,California 12th,Parking Facilities,29.92
174,California 12th,"Parks, Zoos and Beaches",166.55
174,California 12th,Primary/Secondary Education,2237.47
174,California 12th,Private Higher Education,132.9
174,California 12th,Public Higher Education,16909.84
174,California 12th,Redevelopment/Land Clearance,136.6
174,California 12th,Seaports and Marine Terminals,47.62
174,California 12th,Senior Housing/Independent Living,74
174,California 12th,Sewer,369.58
174,California 12th,Streets and Highways,116.16
174,California 12th,Student Housing,36.26
174,California 12th,Toll Roads,1773.36
174,California 12th,Water Utilities,1843.55
174,California 12th,Water/Sewer Utilities,2.16
180,California 13th,Charter Schools,192.38
180,California 13th,Civic/Convention Centers,3.56
180,California 13th,Combined Utilities,92.61
180,California 13th,Courts and Courtroom Facilities,31.12
180,California 13th,Electric Utilities and Public Power,581.06
180,California 13th,Fire Stations and Equipment,3.32
180,California 13th,Flood Control/Storm Drainage,19.32
180,California 13th,General Purpose/Public Improvements,1274.74
180,California 13th,Government and Public Buildings,65.17
180,California 13th,Hospitals,1741.69
180,California 13th,IRRIGATION,375.44
180,California 13th,Industrial Development,100
180,California 13th,Multi-Family Housing,464.58
180,California 13th,Other,14.6
180,California 13th,"Parks, Zoos and Beaches",9.02
180,California 13th,Primary/Secondary Education,2109.77
180,California 13th,Public Higher Education,16206.51
180,California 13th,Redevelopment/Land Clearance,51.28
180,California 13th,Sewer,107.37
180,California 13th,Streets and Highways,38.75
180,California 13th,Water Utilities,214.48
180,California 13th,Water/Sewer Utilities,63.33
187,California 14th,Bridges,5237.46
187,California 14th,Courts and Courtroom Facilities,64.49
187,California 14th,Electric Utilities and Public Power,10243.57
187,California 14th,Fire Stations and Equipment,22.36
187,California 14th,General Purpose/Public Improvements,342.38
187,California 14th,Government and Public Buildings,223.02
187,California 14th,Hospitals,6554.72
187,California 14th,Industrial Development,112.3
187,California 14th,Mass/Rapid Transit,2672.72
187,California 14th,Mobile Homes,120.7
187,California 14th,Multi-Family Housing,844.31
187,California 14th,Other,0.15
187,California 14th,Parking Facilities,39.55
187,California 14th,"Parks, Zoos and Beaches",293.12
187,California 14th,Police Stations and Equipment,49
187,California 14th,Primary/Secondary Education,2864.72
187,California 14th,Public Higher Education,5949.16
187,California 14th,Redevelopment/Land Clearance,126.72
187,California 14th,Sewer,383.82
187,California 14th,Streets and Highways,118.05
187,California 14th,Theaters,6.59
187,California 14th,Toll Roads,1773.36
187,California 14th,Water Utilities,2108.28
192,California 15th,Airports,2249.92
192,California 15th,Bridges,5237.46
192,California 15th,Charter Schools,585.06
192,California 15th,Courts and Courtroom Facilities,135.08
192,California 15th,Electric Utilities and Public Power,8239.55
192,California 15th,Flood Control/Storm Drainage,105.96
192,California 15th,General Purpose/Public Improvements,394.55
192,California 15th,Government and Public Buildings,228.59
192,California 15th,Hospitals,7241.57
192,California 15th,Human Services,153
192,California 15th,Industrial Development,100
192,California 15th,LD PRESERVTN,113.8
192,California 15th,Libraries and Museums,14.56
192,California 15th,Lifecare/Retirement Centers,84.28
192,California 15th,Mass/Rapid Transit,593
192,California 15th,Mobile Homes,50.1
192,California 15th,Multi-Family Housing,1262.81
192,California 15th,Other,0.18
192,California 15th,Other Recreation,28.15
192,California 15th,Other Transportation,21.5
192,California 15th,"Parks, Zoos and Beaches",34.34
192,California 15th,Police Stations and Equipment,57.28
192,California 15th,Primary/Secondary Education,3064.84
192,California 15th,Public Higher Education,627.59
192,California 15th,Redevelopment/Land Clearance,316.54
192,California 15th,Sewer,974.8
192,California 15th,Solid Waste/Resource Recovery,31.86
192,California 15th,Streets and Highways,7.29
192,California 15th,Toll Roads,1873.36
192,California 15th,Water Utilities,177.15
192,California 15th,Water/Sewer Utilities,75.66
198,California 16th,Bridges,5237.46
198,California 16th,Charter Schools,149.38
198,California 16th,Civic/Convention Centers,1.25
198,California 16th,Combined Utilities,2.78
198,California 16th,Courts and Courtroom Facilities,135.08
198,California 16th,Electric Utilities and Public Power,11367.25
198,California 16th,Fire Stations and Equipment,28.57
198,California 16th,Flood Control/Storm Drainage,87.88
198,California 16th,General Purpose/Public Improvements,994.93
198,California 16th,Government and Public Buildings,449.61
198,California 16th,Hospitals,3790.42
198,California 16th,Human Services,153
198,California 16th,Industrial Development,100
198,California 16th,LD PRESERVTN,113.8
198,California 16th,Libraries and Museums,9.72
198,California 16th,Lifecare/Retirement Centers,802.3
198,California 16th,Mass/Rapid Transit,1055.58
198,California 16th,Multi-Family Housing,1602.97
198,California 16th,Other,0.18
198,California 16th,Other Transportation,21.5
198,California 16th,Parking Facilities,37.82
198,California 16th,Primary/Secondary Education,4183.14
198,California 16th,Private Higher Education,2168.85
198,California 16th,Public Higher Education,1770.22
198,California 16th,Redevelopment/Land Clearance,0.72
198,California 16th,Sewer,24.7
198,California 16th,Solid Waste/Resource Recovery,31.86
198,California 16th,Toll Roads,1873.36
198,California 16th,Water Utilities,1050.76
198,California 16th,Water/Sewer Utilities,35.18
204,California 17th,Airports,174.51
204,California 17th,Bridges,5237.46
204,California 17th,Charter Schools,21.98
204,California 17th,Civic/Convention Centers,150.56
204,California 17th,Courts and Courtroom Facilities,64.49
204,California 17th,Electric Utilities and Public Power,12545.96
204,California 17th,Fire Stations and Equipment,49.49
204,California 17th,Flood Control/Storm Drainage,75.68
204,California 17th,GAS,901.62
204,California 17th,General Purpose/Public Improvements,1461.37
204,California 17th,Government and Public Buildings,381.22
204,California 17th,Hospitals,6026.81
204,California 17th,Industrial Development,106.5
204,California 17th,LD PRESERVTN,113.8
204,California 17th,Libraries and Museums,10.06
204,California 17th,Lifecare/Retirement Centers,290.46
204,California 17th,Mass/Rapid Transit,3559.41
204,California 17th,Multi-Family Housing,2867.63
204,California 17th,Other,70.1
204,California 17th,Parking Facilities,22.72
204,California 17th,"Parks, Zoos and Beaches",147.68
204,California 17th,Police Stations and Equipment,49
204,California 17th,Primary/Secondary Education,3796.07
204,California 17th,Private Higher Education,263.91
204,California 17th,Public Higher Education,1862.32
204,California 17th,Redevelopment/Land Clearance,285.14
204,California 17th,Senior Housing/Independent Living,26
204,California 17th,Sewer,482.94
204,California 17th,Streets and Highways,131.42
204,California 17th,Toll Roads,1773.36
204,California 17th,Water Utilities,1122.7
204,California 17th,Water/Sewer Utilities,12.01
211,California 18th,Bridges,5237.46
211,California 18th,Charter Schools,134.96
211,California 18th,Courts and Courtroom Facilities,15.85
211,California 18th,Economic Development,11.04
211,California 18th,Electric Utilities and Public Power,11055.18
211,California 18th,Fire Stations and Equipment,27.13
211,California 18th,Flood Control/Storm Drainage,75.68
211,California 18th,General Purpose/Public Improvements,927.62
211,California 18th,Government and Public Buildings,191.25
211,California 18th,Hospitals,1275.86
211,California 18th,Industrial Development,100
211,California 18th,LD PRESERVTN,113.8
211,California 18th,Mass/Rapid Transit,906.58
211,California 18th,Mobile Homes,120.7
211,California 18th,Multi-Family Housing,3362.59
211,California 18th,Other,3.9
211,California 18th,Police Stations and Equipment,5.62
211,California 18th,Primary/Secondary Education,2770.25
211,California 18th,Public Higher Education,6213.95
211,California 18th,Redevelopment/Land Clearance,20.35
211,California 18th,Sewer,108.97
211,California 18th,Streets and Highways,32.97
211,California 18th,Toll Roads,1773.36
211,California 18th,Water Utilities,1032.52
211,California 18th,Water/Sewer Utilities,40.22
217,California 19th,Bridges,5237.46
217,California 19th,Charter Schools,58.39
217,California 19th,Civic/Convention Centers,21.82
217,California 19th,Courts and Courtroom Facilities,6.4
217,California 19th,Electric Utilities and Public Power,11055.18
217,California 19th,Fire Stations and Equipment,27.13
217,California 19th,Flood Control/Storm Drainage,97.94
217,California 19th,General Purpose/Public Improvements,1529.68
217,California 19th,Government and Public Buildings,232.46
217,California 19th,Hospitals,9843.62
217,California 19th,Industrial Development,100
217,California 19th,LD PRESERVTN,113.8
217,California 19th,Libraries and Museums,34.74
217,California 19th,Lifecare/Retirement Centers,325.94
217,California 19th,Mass/Rapid Transit,906.58
217,California 19th,Mobile Homes,9.7
217,California 19th,Multi-Family Housing,1000.46
217,California 19th,Other,35.17
217,California 19th,Primary/Secondary Education,2263.09
217,California 19th,Public Higher Education,21893.5
217,California 19th,Redevelopment/Land Clearance,313.81
217,California 19th,Senior Housing/Independent Living,26
217,California 19th,Sewer,314.84
217,California 19th,Solid Waste/Resource Recovery,23.56
217,California 19th,Streets and Highways,46.26
217,California 19th,Toll Roads,1773.36
217,California 19th,Water Utilities,1183.2
217,California 19th,Water/Sewer Utilities,66.66
223,California 20th,Economic Development,288.07
223,California 20th,General Purpose/Public Improvements,314.66
223,California 20th,Hospitals,4066.52
223,California 20th,Industrial Development,100
223,California 20th,Lifecare/Retirement Centers,294.68
223,California 20th,Mass/Rapid Transit,133.09
223,California 20th,Mobile Homes,120.7
223,California 20th,Multi-Family Housing,13.65
223,California 20th,"Parks, Zoos and Beaches",9.02
223,California 20th,Pollution Control,273.5
223,California 20th,Primary/Secondary Education,2176.17
223,California 20th,Public Higher Education,6002.47
223,California 20th,Sewer,151.62
223,California 20th,Streets and Highways,0.92
223,California 20th,Water Utilities,195.63
229,California 21st,Airports,4.42
229,California 21st,Charter Schools,40.03
229,California 21st,Civic/Convention Centers,0.7
229,California 21st,Fire Stations and Equipment,7.04
229,California 21st,General Purpose/Public Improvements,177.8
229,California 21st,Hospitals,2377.16
229,California 21st,Industrial Development,100
229,California 21st,Lifecare/Retirement Centers,293.15
229,California 21st,Mass/Rapid Transit,133.09
229,California 21st,Mobile Homes,120.7
229,California 21st,Multi-Family Housing,2802.26
229,California 21st,Other,3.9
229,California 21st,"Parks, Zoos and Beaches",9.02
229,California 21st,Police Stations and Equipment,3.39
229,California 21st,Pollution Control,273.5
229,California 21st,Primary/Secondary Education,1413.14
229,California 21st,Public Higher Education,520.49
229,California 21st,Redevelopment/Land Clearance,55.16
229,California 21st,Sewer,10.28
229,California 21st,Streets and Highways,4.69
229,California 21st,Water Utilities,20.65
229,California 21st,Water/Sewer Utilities,2.42
235,California 22nd,Charter Schools,24.37
235,California 22nd,Courts and Courtroom Facilities,28.76
235,California 22nd,Economic Development,288.07
235,California 22nd,General Purpose/Public Improvements,224.22
235,California 22nd,Hospitals,3231.48
235,California 22nd,IRRIGATION,20.12
235,California 22nd,Industrial Development,100
235,California 22nd,Mass/Rapid Transit,133.09
235,California 22nd,Multi-Family Housing,491.28
235,California 22nd,Police Stations and Equipment,15.02
235,California 22nd,Pollution Control,273.5
235,California 22nd,Primary/Secondary Education,1108.88
235,California 22nd,Public Higher Education,658.45
235,California 22nd,Redevelopment/Land Clearance,15.46
235,California 22nd,Sewer,222.56
235,California 22nd,Water Utilities,250.52
235,California 22nd,Water/Sewer Utilities,5.68
241,California 23rd,Charter Schools,35.73
241,California 23rd,Combined Utilities,1.35
241,California 23rd,Courts and Courtroom Facilities,15.27
241,California 23rd,Electric Utilities and Public Power,35.98
241,California 23rd,General Purpose/Public Improvements,263.58
241,California 23rd,Higher Education,13
241,California 23rd,Hospitals,2031.68
241,California 23rd,Lifecare/Retirement Centers,297.59
241,California 23rd,Mass/Rapid Transit,144.56
241,California 23rd,Mobile Homes,156.32
241,California 23rd,Multi-Family Housing,60.36
241,California 23rd,Pollution Control,273.5
241,California 23rd,Primary/Secondary Education,868.22
241,California 23rd,Private Higher Education,126.44
241,California 23rd,Public Higher Education,1241.32
241,California 23rd,Redevelopment/Land Clearance,298.96
241,California 23rd,Water Utilities,147.98
241,California 23rd,Water/Sewer Utilities,58.99
247,California 24th,Airports,24.43
247,California 24th,Courts and Courtroom Facilities,29.98
247,California 24th,Electric Utilities and Public Power,7927.48
247,California 24th,Flood Control/Storm Drainage,22.26
247,California 24th,General Purpose/Public Improvements,286.84
247,California 24th,Government and Public Buildings,79.47
247,California 24th,Hospitals,1836.79
247,California 24th,Industrial Development,100
247,California 24th,Lifecare/Retirement Centers,585.14
247,California 24th,Mass/Rapid Transit,19.24
247,California 24th,Mobile Homes,163.19
247,California 24th,Multi-Family Housing,1272.34
247,California 24th,Other,8.82
247,California 24th,Pollution Control,273.5
247,California 24th,Primary/Secondary Education,1383.2
247,California 24th,Private Human Service Providers,1.32
247,California 24th,Public Higher Education,15948.61
247,California 24th,Redevelopment/Land Clearance,10.08
247,California 24th,Sanitation,50.9
247,California 24th,Sewer,48.82
247,California 24th,Solid Waste/Resource Recovery,6.48
247,California 24th,Streets and Highways,32.7
247,California 24th,Water Utilities,207.06
247,California 24th,Water/Sewer Utilities,99.3
254,California 25th,Combined Utilities,1.35
254,California 25th,Courts and Courtroom Facilities,15.27
254,California 25th,Economic Development,61.89
254,California 25th,Electric Utilities and Public Power,1016.77
254,California 25th,Flood Control/Storm Drainage,51.09
254,California 25th,General Purpose/Public Improvements,1609.17
254,California 25th,Government and Public Buildings,6.18
254,California 25th,Hospitals,237.05
254,California 25th,Libraries and Museums,49.76
254,California 25th,Mass/Rapid Transit,731.3
254,California 25th,Multi-Family Housing,588.38
254,California 25th,Police Stations and Equipment,40.12
254,California 25th,Pollution Control,273.5
254,California 25th,Primary/Secondary Education,1526.91
254,California 25th,Public Higher Education,1048.61
254,California 25th,Redevelopment/Land Clearance,603.16
254,California 25th,Sanitation,3.7
254,California 25th,Sewer,428.76
254,California 25th,Stadiums/Sports Complexes,128.3
254,California 25th,Streets and Highways,82
254,California 25th,Toll Roads,634.65
254,California 25th,Water Utilities,422.78
254,California 25th,Water/Sewer Utilities,128.7
261,California 26th,Civic/Convention Centers,32.64
261,California 26th,Economic Development,288.07
261,California 26th,Electric Utilities and Public Power,9234.6
261,California 26th,General Purpose/Public Improvements,152.49
261,California 26th,Government and Public Buildings,19.34
261,California 26th,Hospitals,3169.02
261,California 26th,Libraries and Museums,6.03
261,California 26th,Mass/Rapid Transit,19.24
261,California 26th,Multi-Family Housing,578.6
261,California 26th,Other,0.08
261,California 26th,"Parks, Zoos and Beaches",20.36
261,California 26th,Pollution Control,273.5
261,California 26th,Primary/Secondary Education,1937.57
261,California 26th,Private Higher Education,49.36
261,California 26th,Public Higher Education,5210.16
261,California 26th,Redevelopment/Land Clearance,58.2
261,California 26th,Senior Housing/Independent Living,7.17
261,California 26th,Sewer,150.4
261,California 26th,Streets and Highways,14.46
261,California 26th,Water Utilities,3977.96
261,California 26th,Water/Sewer Utilities,89.88
267,California 27th,Airports,2944.82
267,California 27th,Charter Schools,80.67
267,California 27th,Electric Utilities and Public Power,9234.6
267,California 27th,General Purpose/Public Improvements,2279.6
267,California 27th,Government and Public Buildings,286.46
267,California 27th,Hospitals,459.97
267,California 27th,Hotels,57.46
267,California 27th,Libraries and Museums,338.78
267,California 27th,Lifecare/Retirement Centers,24.54
267,California 27th,Mass/Rapid Transit,228.23
267,California 27th,Mobile Homes,156.32
267,California 27th,Multi-Family Housing,745.31
267,California 27th,Other,31.43
267,California 27th,Other Utilities,8.47
267,California 27th,"Parks, Zoos and Beaches",21.21
267,California 27th,Police Stations and Equipment,24.26
267,California 27th,Pollution Control,273.5
267,California 27th,Primary/Secondary Education,1192.32
267,California 27th,Private Higher Education,34.47
267,California 27th,Public Higher Education,658.78
267,California 27th,Redevelopment/Land Clearance,309.05
267,California 27th,Sanitation,281.69
267,California 27th,Senior Housing/Independent Living,107.15
267,California 27th,Sewer,110
267,California 27th,Single Family Housing,150
267,California 27th,Single/Multi-Family Housing,17.51
267,California 27th,Stadiums/Sports Complexes,15.22
267,California 27th,Streets and Highways,58.22
267,California 27th,Water Utilities,126.51
274,California 28th,Bridges,3.28
274,California 28th,Combined Utilities,1.35
274,California 28th,Courts and Courtroom Facilities,15.27
274,California 28th,Electric Utilities and Public Power,9432.08
274,California 28th,Flood Control/Storm Drainage,5.32
274,California 28th,General Purpose/Public Improvements,2369.53
274,California 28th,Government and Public Buildings,286.46
274,California 28th,Hospitals,2707.12
274,California 28th,Hotels,57.46
274,California 28th,LD PRESERVTN,3.08
274,California 28th,Libraries and Museums,368.82
274,California 28th,Lifecare/Retirement Centers,449.96
274,California 28th,Mass/Rapid Transit,5043.3
274,California 28th,Multi-Family Housing,3650.35
274,California 28th,Other,19.43
274,California 28th,Other Transportation,19
274,California 28th,Other Utilities,8.47
274,California 28th,Parking Facilities,5.04
274,California 28th,"Parks, Zoos and Beaches",5.02
274,California 28th,Pollution Control,273.5
274,California 28th,Primary/Secondary Education,2593.38
274,California 28th,Private Higher Education,403.23
274,California 28th,Public Higher Education,1522.95
274,California 28th,Redevelopment/Land Clearance,319.8
274,California 28th,Sanitation,281.69
274,California 28th,Senior Housing/Independent Living,107.15
274,California 28th,Sewer,79.19
274,California 28th,Single Family Housing,150
274,California 28th,Stadiums/Sports Complexes,173.78
274,California 28th,Streets and Highways,24.04
274,California 28th,Student Housing,29.92
274,California 28th,Toll Roads,1301.32
274,California 28th,Water Utilities,3981.71
274,California 28th,Water/Sewer Utilities,49.62
280,California 29th,Airports,2944.82
280,California 29th,Charter Schools,264.15
280,California 29th,Combined Utilities,140.46
280,California 29th,Electric Utilities and Public Power,23327.16
280,California 29th,GAS,399.81
280,California 29th,General Purpose/Public Improvements,3135.83
280,California 29th,Government and Public Buildings,407.86
280,California 29th,Hospitals,10591.12
280,California 29th,Hotels,57.46
280,California 29th,Libraries and Museums,338.78
280,California 29th,Lifecare/Retirement Centers,10.61
280,California 29th,Mass/Rapid Transit,5114.9
280,California 29th,Multi-Family Housing,591.32
280,California 29th,Other,299.13
280,California 29th,Other Transportation,19
280,California 29th,Other Utilities,8.47
280,California 29th,PENSION OBLIGATION,1544.2
280,California 29th,Pollution Control,273.5
280,California 29th,Primary/Secondary Education,11554.95
280,California 29th,Private Higher Education,11.59
280,California 29th,Public Higher Education,3347.35
280,California 29th,Redevelopment/Land Clearance,135.3
280,California 29th,Sanitation,482.64
280,California 29th,Senior Housing/Independent Living,107.15
280,California 29th,Sewer,1987.88
280,California 29th,Single Family Housing,150
280,California 29th,Solid Waste/Resource Recovery,97.4
280,California 29th,Stadiums/Sports Complexes,15.22
280,California 29th,Streets and Highways,14.87
280,California 29th,Water Utilities,9527.53
280,California 29th,Water/Sewer Utilities,54.98
285,California 30th,Airports,34.68
285,California 30th,Charter Schools,30.8
285,California 30th,Combined Utilities,140.46
285,California 30th,Economic Development,476.66
285,California 30th,Electric Utilities and Public Power,23979.44
285,California 30th,GAS,399.81
285,California 30th,General Purpose/Public Improvements,3301.43
285,California 30th,Government and Public Buildings,407.86
285,California 30th,Hospitals,11503.16
285,California 30th,Hotels,57.46
285,California 30th,Libraries and Museums,883.41
285,California 30th,Lifecare/Retirement Centers,552.08
285,California 30th,Mass/Rapid Transit,4908.07
285,California 30th,Multi-Family Housing,2071.3
285,California 30th,Other,299.13
285,California 30th,Other Transportation,19
285,California 30th,Other Utilities,8.47
285,California 30th,PENSION OBLIGATION,1544.2
285,California 30th,Police Stations and Equipment,79.38
285,California 30th,Pollution Control,273.5
285,California 30th,Primary/Secondary Education,11588.22
285,California 30th,Private Higher Education,199.88
285,California 30th,Public Higher Education,3712.33
285,California 30th,Redevelopment/Land Clearance,135.3
285,California 30th,Sanitation,482.64
285,California 30th,Senior Housing/Independent Living,107.15
285,California 30th,Sewer,1989.28
285,California 30th,Single Family Housing,150
285,California 30th,Solid Waste/Resource Recovery,97.4
285,California 30th,Stadiums/Sports Complexes,15.22
285,California 30th,Theaters,100
285,California 30th,Toll Roads,1301.32
285,California 30th,Water Utilities,9635.4
285,California 30th,Water/Sewer Utilities,54.98
290,California 31st,Civic/Convention Centers,16.76
290,California 31st,Electric Utilities and Public Power,9234.6
290,California 31st,General Purpose/Public Improvements,2089.18
290,California 31st,Government and Public Buildings,339.74
290,California 31st,Hospitals,5457.5
290,California 31st,Hotels,57.46
290,California 31st,Industrial Development,6.82
290,California 31st,LD PRESERVTN,3.08
290,California 31st,Libraries and Museums,348.4
290,California 31st,Lifecare/Retirement Centers,261.62
290,California 31st,Mass/Rapid Transit,4908.07
290,California 31st,Mobile Homes,7.6
290,California 31st,Multi-Family Housing,2531.67
290,California 31st,Other,63.33
290,California 31st,Other Transportation,19
290,California 31st,Other Utilities,8.47
290,California 31st,Pollution Control,273.5
290,California 31st,Primary/Secondary Education,1893.3
290,California 31st,Private Higher Education,220.41
290,California 31st,Public Higher Education,1201.2
290,California 31st,Redevelopment/Land Clearance,174.54
290,California 31st,Sanitation,281.69
290,California 31st,Senior Housing/Independent Living,107.15
290,California 31st,Sewer,78.95
290,California 31st,Single Family Housing,150
290,California 31st,Stadiums/Sports Complexes,24.47
290,California 31st,Streets and Highways,25.92
290,California 31st,Toll Roads,1301.32
290,California 31st,Water Utilities,3856.62
290,California 31st,Water/Sewer Utilities,69.68
296,California 32nd,Charter Schools,127.05
296,California 32nd,Combined Utilities,140.46
296,California 32nd,Economic Development,233.78
296,California 32nd,Electric Utilities and Public Power,23328.74
296,California 32nd,GAS,399.81
296,California 32nd,General Purpose/Public Improvements,3178.16
296,California 32nd,Government and Public Buildings,407.86
296,California 32nd,Higher Education,0.32
296,California 32nd,Hospitals,5948.76
296,California 32nd,Hotels,57.46
296,California 32nd,Libraries and Museums,659.64
296,California 32nd,Lifecare/Retirement Centers,45.89
296,California 32nd,Mass/Rapid Transit,4908.07
296,California 32nd,Mobile Homes,24.42
296,California 32nd,Multi-Family Housing,276.71
296,California 32nd,Other,299.13
296,California 32nd,Other Transportation,19
296,California 32nd,Other Utilities,8.47
296,California 32nd,PENSION OBLIGATION,1544.2
296,California 32nd,Pollution Control,273.5
296,California 32nd,Primary/Secondary Education,12427.72
296,California 32nd,Private Higher Education,217.22
296,California 32nd,Private Human Service Providers,8.86
296,California 32nd,Public Higher Education,8385.72
296,California 32nd,Redevelopment/Land Clearance,135.3
296,California 32nd,Sanitation,482.64
296,California 32nd,Senior Housing/Independent Living,107.15
296,California 32nd,Sewer,1987.88
296,California 32nd,Single Family Housing,150
296,California 32nd,Solid Waste/Resource Recovery,97.4
296,California 32nd,Stadiums/Sports Complexes,15.22
296,California 32nd,Streets and Highways,2.45
296,California 32nd,VETERANS,41.64
296,California 32nd,Water Utilities,9690.02
296,California 32nd,Water/Sewer Utilities,54.98
301,California 33rd,Charter Schools,48.33
301,California 33rd,Combined Utilities,1.35
301,California 33rd,Courts and Courtroom Facilities,15.27
301,California 33rd,Electric Utilities and Public Power,2931.33
301,California 33rd,Fire Stations and Equipment,33.54
301,California 33rd,GAS,399.81
301,California 33rd,General Purpose/Public Improvements,579
301,California 33rd,Hospitals,1707.77
301,California 33rd,Mass/Rapid Transit,144.56
301,California 33rd,Multi-Family Housing,1994.59
301,California 33rd,Other,3.9
301,California 33rd,Pollution Control,273.5
301,California 33rd,Primary/Secondary Education,1601.7
301,California 33rd,Private Higher Education,90.28
301,California 33rd,Private Human Service Providers,61.14
301,California 33rd,Public Higher Education,5920.24
301,California 33rd,Redevelopment/Land Clearance,296.2
301,California 33rd,Sewer,206.32
301,California 33rd,Streets and Highways,26.88
301,California 33rd,Water Utilities,3901.62
301,California 33rd,Water/Sewer Utilities,13.03
306,California 34th,Charter Schools,848.48
306,California 34th,Combined Utilities,140.46
306,California 34th,Economic Development,288.07
306,California 34th,Electric Utilities and Public Power,23327.16
306,California 34th,GAS,399.81
306,California 34th,General Purpose/Public Improvements,3119.82
306,California 34th,Government and Public Buildings,407.86
306,California 34th,Hospitals,6751.32
306,California 34th,Hotels,57.46
306,California 34th,Libraries and Museums,454.6
306,California 34th,Mass/Rapid Transit,4908.07
306,California 34th,Multi-Family Housing,1209.43
306,California 34th,Other,259.13
306,California 34th,Other Transportation,19
306,California 34th,Other Utilities,8.47
306,California 34th,PENSION OBLIGATION,1544.2
306,California 34th,Pollution Control,273.5
306,California 34th,Primary/Secondary Education,11271.82
306,California 34th,Private Higher Education,31.56
306,California 34th,Public Higher Education,8091.36
306,California 34th,Redevelopment/Land Clearance,135.3
306,California 34th,Sanitation,482.64
306,California 34th,Senior Housing/Independent Living,107.15
306,California 34th,Sewer,1987.88
306,California 34th,Single Family Housing,150
306,California 34th,Solid Waste/Resource Recovery,97.4
306,California 34th,Stadiums/Sports Complexes,15.22
306,California 34th,Toll Roads,1301.32
306,California 34th,Water Utilities,9671.86
306,California 34th,Water/Sewer Utilities,67.86
311,California 35th,Airports,3002.58
311,California 35th,Bridges,3.28
311,California 35th,Civic/Convention Centers,88.09
311,California 35th,Combined Utilities,1.35
311,California 35th,Courts and Courtroom Facilities,15.27
311,California 35th,Electric Utilities and Public Power,461.87
311,California 35th,Fire Stations and Equipment,21.66
311,California 35th,Flood Control/Storm Drainage,15.78
311,California 35th,General Purpose/Public Improvements,4251.14
311,California 35th,Government and Public Buildings,286.46
311,California 35th,Higher Education,48.39
311,California 35th,Hospitals,4902.02
311,California 35th,Hotels,57.46
311,California 35th,Libraries and Museums,363.39
311,California 35th,Lifecare/Retirement Centers,76.26
311,California 35th,Mass/Rapid Transit,943.7
311,California 35th,Multi-Family Housing,1422.97
311,California 35th,Other,19.43
311,California 35th,Other Utilities,8.47
311,California 35th,"Parks, Zoos and Beaches",13.52
311,California 35th,Pollution Control,273.5
311,California 35th,Primary/Secondary Education,2663.83
311,California 35th,Public Higher Education,6374.49
311,California 35th,Redevelopment/Land Clearance,745.06
311,California 35th,Sanitation,281.69
311,California 35th,Senior Housing/Independent Living,107.15
311,California 35th,Sewer,836.19
311,California 35th,Single Family Housing,156.86
311,California 35th,Stadiums/Sports Complexes,143.52
311,California 35th,Streets and Highways,28.26
311,California 35th,Telecommunications Equipment,6.73
311,California 35th,Toll Roads,1935.97
311,California 35th,Water Utilities,4301.04
311,California 35th,Water/Sewer Utilities,194.39
318,California 36th,Charter Schools,157.74
318,California 36th,Combined Utilities,140.46
318,California 36th,Economic Development,36.09
318,California 36th,Electric Utilities and Public Power,23327.16
318,California 36th,Fire Stations and Equipment,31.66
318,California 36th,GAS,399.81
318,California 36th,General Purpose/Public Improvements,3233
318,California 36th,Government and Public Buildings,483.25
318,California 36th,Hospitals,6422.44
318,California 36th,Hotels,57.46
318,California 36th,Libraries and Museums,338.78
318,California 36th,Lifecare/Retirement Centers,151.4
318,California 36th,Mass/Rapid Transit,4908.07
318,California 36th,Multi-Family Housing,400.51
318,California 36th,Other,267.95
318,California 36th,Other Recreation,3.37
318,California 36th,Other Transportation,19
318,California 36th,Other Utilities,8.47
318,California 36th,PENSION OBLIGATION,1544.2
318,California 36th,Parking Facilities,31.64
318,California 36th,Pollution Control,273.5
318,California 36th,Primary/Secondary Education,13671.32
318,California 36th,Private Higher Education,116.62
318,California 36th,Public Higher Education,19065.38
318,California 36th,Redevelopment/Land Clearance,195.76
318,California 36th,Sanitation,482.64
318,California 36th,Senior Housing/Independent Living,107.15
318,California 36th,Sewer,1992.28
318,California 36th,Single Family Housing,150
318,California 36th,Solid Waste/Resource Recovery,97.4
318,California 36th,Stadiums/Sports Complexes,15.22
318,California 36th,UNKNOWN,12
318,California 36th,Water Utilities,9906.98
318,California 36th,Water/Sewer Utilities,59.01
324,California 37th,Charter Schools,1109.3
324,California 37th,Combined Utilities,140.46
324,California 37th,Electric Utilities and Public Power,23327.16
324,California 37th,GAS,399.81
324,California 37th,General Purpose/Public Improvements,3142.08
324,California 37th,Government and Public Buildings,407.86
324,California 37th,Hospitals,8443.64
324,California 37th,Hotels,57.46
324,California 37th,Libraries and Museums,512.17
324,California 37th,Mass/Rapid Transit,4908.07
324,California 37th,Multi-Family Housing,906.69
324,California 37th,Other,299.13
324,California 37th,Other Transportation,19
324,California 37th,Other Utilities,8.47
324,California 37th,PENSION OBLIGATION,1544.2
324,California 37th,Pollution Control,273.5
324,California 37th,Primary/Secondary Education,11459.08
324,California 37th,Private Higher Education,54.55
324,California 37th,Public Higher Education,3048.9
324,California 37th,Redevelopment/Land Clearance,135.3
324,California 37th,Sanitation,482.64
324,California 37th,Senior Housing/Independent Living,107.15
324,California 37th,Sewer,1987.88
324,California 37th,Single Family Housing,150
324,California 37th,Solid Waste/Resource Recovery,97.4
324,California 37th,Stadiums/Sports Complexes,15.22
324,California 37th,Toll Roads,1301.32
324,California 37th,Water Utilities,9814.44
324,California 37th,Water/Sewer Utilities,54.98
329,California 38th,Electric Utilities and Public Power,9234.6
329,California 38th,General Purpose/Public Improvements,2234.24
329,California 38th,Government and Public Buildings,286.46
329,California 38th,Hospitals,684.08
329,California 38th,Hotels,57.46
329,California 38th,Libraries and Museums,338.78
329,California 38th,Mass/Rapid Transit,4908.07
329,California 38th,Multi-Family Housing,647.92
329,California 38th,New Public Housing,9.8
329,California 38th,Other,19.43
329,California 38th,Other Recreation,4.48
329,California 38th,Other Transportation,19
329,California 38th,Other Utilities,8.47
329,California 38th,Pollution Control,273.5
329,California 38th,Primary/Secondary Education,2530.81
329,California 38th,Private Higher Education,59.4
329,California 38th,Public Higher Education,4459.83
329,California 38th,Redevelopment/Land Clearance,180.67
329,California 38th,Sanitation,666.44
329,California 38th,Senior Housing/Independent Living,107.15
329,California 38th,Sewer,218.67
329,California 38th,Single Family Housing,150
329,California 38th,Stadiums/Sports Complexes,15.22
329,California 38th,Streets and Highways,346.94
329,California 38th,Toll Roads,1343.04
329,California 38th,Water Utilities,4007.58
329,California 38th,Water/Sewer Utilities,12.87
335,California 39th,Electric Utilities and Public Power,3388.58
335,California 39th,GAS,399.81
335,California 39th,General Purpose/Public Improvements,1535.12
335,California 39th,Hospitals,4566.06
335,California 39th,Libraries and Museums,24.6
335,California 39th,Mass/Rapid Transit,570.91
335,California 39th,Multi-Family Housing,1175.22
335,California 39th,Other,8.82
335,California 39th,"Parks, Zoos and Beaches",4.88
335,California 39th,Pollution Control,273.5
335,California 39th,Primary/Secondary Education,2025.28
335,California 39th,Private Higher Education,280.76
335,California 39th,Public Higher Education,16048.15
335,California 39th,Redevelopment/Land Clearance,591.28
335,California 39th,Sewer,289.84
335,California 39th,Stadiums/Sports Complexes,128.3
335,California 39th,Streets and Highways,19.36
335,California 39th,Student Housing,552.61
335,California 39th,Toll Roads,634.65
335,California 39th,Water Utilities,4020.72
335,California 39th,Water/Sewer Utilities,1004.77
341,California 40th,Civic/Convention Centers,7.24
341,California 40th,Combined Utilities,1.35
341,California 40th,Courts and Courtroom Facilities,15.27
341,California 40th,Electric Utilities and Public Power,3426.45
341,California 40th,GAS,399.81
341,California 40th,General Purpose/Public Improvements,735
341,California 40th,Government and Public Buildings,11.04
341,California 40th,Hospitals,5733.5
341,California 40th,Libraries and Museums,11.93
341,California 40th,Lifecare/Retirement Centers,105.52
341,California 40th,Mass/Rapid Transit,135.22
341,California 40th,Multi-Family Housing,2823.23
341,California 40th,Other,3.9
341,California 40th,Other Transportation,23.41
341,California 40th,Pollution Control,273.5
341,California 40th,Primary/Secondary Education,1504.56
341,California 40th,Private Higher Education,174.2
341,California 40th,Public Higher Education,686.17
341,California 40th,Redevelopment/Land Clearance,260.44
341,California 40th,Sanitation,384.75
341,California 40th,Sewer,374.3
341,California 40th,Single Family Housing,150
341,California 40th,Streets and Highways,325.2
341,California 40th,Toll Roads,1853.17
341,California 40th,Water Utilities,4880.23
341,California 40th,Water/Sewer Utilities,398.12
347,California 41st,Charter Schools,28.98
347,California 41st,Electric Utilities and Public Power,461.87
347,California 41st,Flood Control/Storm Drainage,6.44
347,California 41st,General Purpose/Public Improvements,2010.7
347,California 41st,Government and Public Buildings,22.7
347,California 41st,Hospitals,423.73
347,California 41st,Libraries and Museums,24.6
347,California 41st,Lifecare/Retirement Centers,26.91
347,California 41st,Mass/Rapid Transit,570.91
347,California 41st,Multi-Family Housing,1108.54
347,California 41st,Parking Facilities,2.03
347,California 41st,"Parks, Zoos and Beaches",1.72
347,California 41st,Pollution Control,273.5
347,California 41st,Primary/Secondary Education,3191.28
347,California 41st,Public Higher Education,1072.12
347,California 41st,Redevelopment/Land Clearance,649.64
347,California 41st,Sewer,289.58
347,California 41st,Single Family Housing,12.95
347,California 41st,Stadiums/Sports Complexes,128.3
347,California 41st,Streets and Highways,19.36
347,California 41st,Toll Roads,634.65
347,California 41st,Water Utilities,4131.28
347,California 41st,Water/Sewer Utilities,1130.51
354,California 42nd,Airports,74.62
354,California 42nd,Charter Schools,493.78
354,California 42nd,Combined Utilities,0.43
354,California 42nd,Electric Utilities and Public Power,9417.3
354,California 42nd,GAS,748.38
354,California 42nd,General Purpose/Public Improvements,2237.55
354,California 42nd,Government and Public Buildings,363.96
354,California 42nd,Hospitals,8075.34
354,California 42nd,Hotels,57.46
354,California 42nd,Libraries and Museums,345
354,California 42nd,Mass/Rapid Transit,6021.23
354,California 42nd,Multi-Family Housing,1128.11
354,California 42nd,OTHER HSG,13.52
354,California 42nd,Other,59.43
354,California 42nd,Other Transportation,35.72
354,California 42nd,Other Utilities,8.47
354,California 42nd,Parking Facilities,38.64
354,California 42nd,"Parks, Zoos and Beaches",3.02
354,California 42nd,Pollution Control,273.5
354,California 42nd,Primary/Secondary Education,13575.14
354,California 42nd,Public Higher Education,5504.8
354,California 42nd,Redevelopment/Land Clearance,174.48
354,California 42nd,Sanitation,281.69
354,California 42nd,Seaports and Marine Terminals,654.2
354,California 42nd,Senior Housing/Independent Living,127.91
354,California 42nd,Sewer,85.7
354,California 42nd,Single Family Housing,150
354,California 42nd,Stadiums/Sports Complexes,15.22
354,California 42nd,Streets and Highways,23.51
354,California 42nd,Water Utilities,4020.2
354,California 42nd,Water/Sewer Utilities,13.42
359,California 43rd,Airports,2944.82
359,California 43rd,Charter Schools,783.11
359,California 43rd,Combined Utilities,140.46
359,California 43rd,Electric Utilities and Public Power,23327.16
359,California 43rd,GAS,399.81
359,California 43rd,General Purpose/Public Improvements,3215.89
359,California 43rd,Government and Public Buildings,409.3
359,California 43rd,Hospitals,215.25
359,California 43rd,Hotels,57.46
359,California 43rd,Libraries and Museums,338.78
359,California 43rd,Mass/Rapid Transit,5114.9
359,California 43rd,Multi-Family Housing,1251.42
359,California 43rd,Other,259.13
359,California 43rd,Other Transportation,19
359,California 43rd,Other Utilities,8.47
359,California 43rd,PENSION OBLIGATION,1544.2
359,California 43rd,Pollution Control,273.5
359,California 43rd,Primary/Secondary Education,12593.09
359,California 43rd,Private Higher Education,11.59
359,California 43rd,Public Higher Education,3583.7
359,California 43rd,Redevelopment/Land Clearance,252.33
359,California 43rd,Sanitation,482.64
359,California 43rd,Senior Housing/Independent Living,107.15
359,California 43rd,Sewer,2003.53
359,California 43rd,Single Family Housing,168.41
359,California 43rd,Solid Waste/Resource Recovery,97.4
359,California 43rd,Stadiums/Sports Complexes,15.22
359,California 43rd,Streets and Highways,7.34
359,California 43rd,Water Utilities,9871.26
359,California 43rd,Water/Sewer Utilities,67.86
365,California 44th,Charter Schools,364.78
365,California 44th,Combined Utilities,140.46
365,California 44th,Electric Utilities and Public Power,23327.16
365,California 44th,GAS,1148.19
365,California 44th,General Purpose/Public Improvements,3304.94
365,California 44th,Government and Public Buildings,485.38
365,California 44th,Hospitals,9229.19
365,California 44th,Hotels,57.46
365,California 44th,Libraries and Museums,338.78
365,California 44th,Lifecare/Retirement Centers,24.54
365,California 44th,Mass/Rapid Transit,6021.23
365,California 44th,Multi-Family Housing,2544.93
365,California 44th,Other,303.03
365,California 44th,Other Transportation,35.72
365,California 44th,Other Utilities,8.47
365,California 44th,PENSION OBLIGATION,1544.2
365,California 44th,Parking Facilities,7.72
365,California 44th,"Parks, Zoos and Beaches",16.97
365,California 44th,Pollution Control,273.5
365,California 44th,Primary/Secondary Education,13208.84
365,California 44th,Private Higher Education,11.59
365,California 44th,Public Higher Education,8553.7
365,California 44th,Redevelopment/Land Clearance,190.98
365,California 44th,Sanitation,482.64
365,California 44th,Seaports and Marine Terminals,320.45
365,California 44th,Senior Housing/Independent Living,150.9
365,California 44th,Sewer,1994.63
365,California 44th,Single Family Housing,150
365,California 44th,Solid Waste/Resource Recovery,97.4
365,California 44th,Stadiums/Sports Complexes,15.22
365,California 44th,Streets and Highways,13.87
365,California 44th,Water Utilities,9925.97
365,California 44th,Water/Sewer Utilities,67.86
371,California 45th,Electric Utilities and Public Power,2930.37
371,California 45th,GAS,399.81
371,California 45th,General Purpose/Public Improvements,2417.84
371,California 45th,Government and Public Buildings,295.64
371,California 45th,Hospitals,1530.49
371,California 45th,Hotels,57.46
371,California 45th,Libraries and Museums,338.78
371,California 45th,Mass/Rapid Transit,4908.07
371,California 45th,Mobile Homes,156.32
371,California 45th,Multi-Family Housing,631.52
371,California 45th,Other,19.43
371,California 45th,Other Transportation,42.41
371,California 45th,Other Utilities,8.47
371,California 45th,Pollution Control,273.5
371,California 45th,Primary/Secondary Education,1951.05
371,California 45th,Public Higher Education,6841.03
371,California 45th,Redevelopment/Land Clearance,328.36
371,California 45th,Sanitation,677.66
371,California 45th,Senior Housing/Independent Living,182.15
371,California 45th,Sewer,218.67
371,California 45th,Single Family Housing,150
371,California 45th,Stadiums/Sports Complexes,15.22
371,California 45th,Streets and Highways,319.32
371,California 45th,Toll Roads,3154.49
371,California 45th,Water Utilities,4473.02
371,California 45th,Water/Sewer Utilities,12.87
377,California 46th,Charter Schools,15.16
377,California 46th,Electric Utilities and Public Power,3426.45
377,California 46th,GAS,434.64
377,California 46th,General Purpose/Public Improvements,602.08
377,California 46th,Hospitals,4572.74
377,California 46th,Lifecare/Retirement Centers,322.36
377,California 46th,Mass/Rapid Transit,4886.66
377,California 46th,Multi-Family Housing,3753.95
377,California 46th,Other,3.9
377,California 46th,Other Transportation,42.41
377,California 46th,Pollution Control,273.5
377,California 46th,Primary/Secondary Education,1757.8
377,California 46th,Public Higher Education,503.8
377,California 46th,Redevelopment/Land Clearance,44.38
377,California 46th,Sanitation,384.75
377,California 46th,Sewer,177.86
377,California 46th,Single Family Housing,150
377,California 46th,Streets and Highways,319.32
377,California 46th,Toll Roads,1853.17
377,California 46th,Water Utilities,4497.08
377,California 46th,Water/Sewer Utilities,0
382,California 47th,Airports,37.32
382,California 47th,Combined Utilities,10.2
382,California 47th,Economic Development,42
382,California 47th,Fire Stations and Equipment,5
382,California 47th,General Purpose/Public Improvements,1453.93
382,California 47th,Hospitals,6583.76
382,California 47th,Lifecare/Retirement Centers,261.62
382,California 47th,Multi-Family Housing,1145.27
382,California 47th,Other,8.82
382,California 47th,Other Transportation,23.41
382,California 47th,"Parks, Zoos and Beaches",772.99
382,California 47th,Pollution Control,273.5
382,California 47th,Primary/Secondary Education,1900.64
382,California 47th,Private Higher Education,20.38
382,California 47th,Public Higher Education,16402.93
382,California 47th,Redevelopment/Land Clearance,0
382,California 47th,Sanitation,384.75
382,California 47th,Sewer,139.72
382,California 47th,Single Family Housing,150
382,California 47th,Streets and Highways,325.6
382,California 47th,Student Housing,765.6
382,California 47th,Theaters,102
382,California 47th,Toll Roads,1853.17
382,California 47th,Water Utilities,4540.5
382,California 47th,Water/Sewer Utilities,279.66
388,California 48th,Charter Schools,233.74
388,California 48th,Electric Utilities and Public Power,915.84
388,California 48th,Fire Stations and Equipment,2.86
388,California 48th,General Purpose/Public Improvements,2329.48
388,California 48th,Government and Public Buildings,281.04
388,California 48th,Hospitals,3325.96
388,California 48th,Industrial Development,67.62
388,California 48th,Libraries and Museums,43.6
388,California 48th,Mass/Rapid Transit,1446.14
388,California 48th,Multi-Family Housing,2846.02
388,California 48th,Nursing Homes,31.09
388,California 48th,Other,171.98
388,California 48th,Other Recreation,19.12
388,California 48th,Other Transportation,68.17
388,California 48th,Pollution Control,273.5
388,California 48th,Primary/Secondary Education,2356.28
388,California 48th,Public Higher Education,1304.69
388,California 48th,Redevelopment/Land Clearance,483.81
388,California 48th,Seaports and Marine Terminals,14.16
388,California 48th,Sewer,1142.64
388,California 48th,Stadiums/Sports Complexes,183.18
388,California 48th,Streets and Highways,28.62
388,California 48th,Toll Roads,634.65
388,California 48th,Water Utilities,6079.7
388,California 48th,Water/Sewer Utilities,339.49
395,California 49th,Charter Schools,135.26
395,California 49th,Civic/Convention Centers,21.82
395,California 49th,General Purpose/Public Improvements,1795.66
395,California 49th,Government and Public Buildings,272.57
395,California 49th,Hospital Equipment Loans,107.06
395,California 49th,Hospitals,1049.62
395,California 49th,Industrial Development,67.62
395,California 49th,Libraries and Museums,29.37
395,California 49th,Lifecare/Retirement Centers,290.46
395,California 49th,Mass/Rapid Transit,875.22
395,California 49th,Mobile Homes,156.32
395,California 49th,Multi-Family Housing,1529.03
395,California 49th,Nursing Homes,31.09
395,California 49th,Other,168.08
395,California 49th,Other Recreation,51.74
395,California 49th,Other Transportation,91.58
395,California 49th,"Parks, Zoos and Beaches",10.64
395,California 49th,Primary/Secondary Education,1719.88
395,California 49th,Public Higher Education,1083.97
395,California 49th,Redevelopment/Land Clearance,110.63
395,California 49th,Seaports and Marine Terminals,14.16
395,California 49th,Sewer,836.69
395,California 49th,Single Family Housing,150
395,California 49th,Stadiums/Sports Complexes,54.88
395,California 49th,Streets and Highways,319.32
395,California 49th,Toll Roads,1853.17
395,California 49th,Water Utilities,5943.16
395,California 49th,Water/Sewer Utilities,241.42
401,California 50th,Airports,1218.06
401,California 50th,Charter Schools,271.95
401,California 50th,Economic Development,42.83
401,California 50th,General Purpose/Public Improvements,1326.96
401,California 50th,Government and Public Buildings,302.24
401,California 50th,Hospital Equipment Loans,107.06
401,California 50th,Hospitals,5710.34
401,California 50th,Industrial Development,67.62
401,California 50th,Libraries and Museums,19
401,California 50th,Lifecare/Retirement Centers,552.08
401,California 50th,Mass/Rapid Transit,875.22
401,California 50th,Mobile Homes,277.02
401,California 50th,Multi-Family Housing,1684.5
401,California 50th,Nursing Homes,31.09
401,California 50th,Other,176.9
401,California 50th,Other Health Care,28.36
401,California 50th,Other Recreation,19.12
401,California 50th,Other Transportation,68.17
401,California 50th,Parking Facilities,11.2
401,California 50th,Primary/Secondary Education,7867.14
401,California 50th,Private Higher Education,72.1
401,California 50th,Private Human Service Providers,4.96
401,California 50th,Public Higher Education,23071.03
401,California 50th,Redevelopment/Land Clearance,219.43
401,California 50th,Seaports and Marine Terminals,14.16
401,California 50th,Sewer,838.22
401,California 50th,Single Family Housing,18.41
401,California 50th,Single/Multi-Family Housing,8.44
401,California 50th,Stadiums/Sports Complexes,54.88
401,California 50th,Toll Roads,161.64
401,California 50th,Water Utilities,5775.9
401,California 50th,Water/Sewer Utilities,100.18
407,California 51st,Charter Schools,55.92
407,California 51st,Civic/Convention Centers,0.55
407,California 51st,General Purpose/Public Improvements,1055.64
407,California 51st,Government and Public Buildings,272.57
407,California 51st,Hospital Equipment Loans,107.06
407,California 51st,Hospitals,6495.7
407,California 51st,Human Services,3.26
407,California 51st,Industrial Development,67.62
407,California 51st,Libraries and Museums,19
407,California 51st,Mass/Rapid Transit,875.22
407,California 51st,Multi-Family Housing,522.09
407,California 51st,Nursing Homes,31.09
407,California 51st,Other,168.08
407,California 51st,Other Recreation,19.12
407,California 51st,Other Transportation,68.17
407,California 51st,Parking Facilities,11.2
407,California 51st,Primary/Secondary Education,7480.77
407,California 51st,Private Higher Education,44.36
407,California 51st,Public Higher Education,7372.73
407,California 51st,Redevelopment/Land Clearance,174.39
407,California 51st,Seaports and Marine Terminals,14.16
407,California 51st,Sewer,814.2
407,California 51st,Single/Multi-Family Housing,8.44
407,California 51st,Stadiums/Sports Complexes,54.88
407,California 51st,Student Housing,55.04
407,California 51st,Toll Roads,161.64
407,California 51st,Water Utilities,5755.42
407,California 51st,Water/Sewer Utilities,45
412,California 52nd,Charter Schools,46.12
412,California 52nd,Civic/Convention Centers,27.38
412,California 52nd,Electric Utilities and Public Power,0.44
412,California 52nd,General Purpose/Public Improvements,1106.27
412,California 52nd,Government and Public Buildings,272.57
412,California 52nd,Hospital Equipment Loans,107.06
412,California 52nd,Hospitals,1797.14
412,California 52nd,Industrial Development,229.88
412,California 52nd,Libraries and Museums,19
412,California 52nd,Lifecare/Retirement Centers,290.46
412,California 52nd,Mass/Rapid Transit,875.22
412,California 52nd,Multi-Family Housing,1966
412,California 52nd,Nursing Homes,31.09
412,California 52nd,Other,171.98
412,California 52nd,Other Recreation,19.12
412,California 52nd,Other Transportation,68.17
412,California 52nd,Parking Facilities,11.2
412,California 52nd,Police Stations and Equipment,24.64
412,California 52nd,Primary/Secondary Education,7478
412,California 52nd,Public Higher Education,2113.83
412,California 52nd,Redevelopment/Land Clearance,183.03
412,California 52nd,Seaports and Marine Terminals,14.16
412,California 52nd,Sewer,814.2
412,California 52nd,Single/Multi-Family Housing,8.44
412,California 52nd,Stadiums/Sports Complexes,54.88
412,California 52nd,Toll Roads,161.64
412,California 52nd,Water Utilities,5802.66
412,California 52nd,Water/Sewer Utilities,45
417,Colorado 1st,Airports,2051.02
417,Colorado 1st,Bridges,10
417,Colorado 1st,Charter Schools,46.29
417,Colorado 1st,Civic/Convention Centers,556.12
417,Colorado 1st,Courts and Courtroom Facilities,12.74
417,Colorado 1st,General Purpose/Public Improvements,2907.77
417,Colorado 1st,Government and Public Buildings,223.76
417,Colorado 1st,Higher Education,38.04
417,Colorado 1st,Hospitals,5451.72
417,Colorado 1st,Lifecare/Retirement Centers,99.85
417,Colorado 1st,Mass/Rapid Transit,2005.1
417,Colorado 1st,Multi-Family Housing,133.54
417,Colorado 1st,Nursing Homes,86.75
417,Colorado 1st,Other,152.32
417,Colorado 1st,Other Transportation,106.95
417,Colorado 1st,Primary/Secondary Education,1606.81
417,Colorado 1st,Private Higher Education,163.64
417,Colorado 1st,Public Higher Education,1209.78
417,Colorado 1st,Redevelopment/Land Clearance,120.18
417,Colorado 1st,Sewer,346.39
417,Colorado 1st,Single Family Housing,15
417,Colorado 1st,Streets and Highways,500.04
417,Colorado 1st,Student Housing,39.92
417,Colorado 1st,Toll Roads,300.44
417,Colorado 1st,Water Utilities,1310.26
417,Colorado 1st,Water/Sewer Utilities,0.76
421,Colorado 2nd,Charter Schools,127.72
421,Colorado 2nd,Combined Utilities,164.34
421,Colorado 2nd,Courts and Courtroom Facilities,46.95
421,Colorado 2nd,Electric Utilities and Public Power,110.72
421,Colorado 2nd,Fire Stations and Equipment,75.7
421,Colorado 2nd,Flood Control/Storm Drainage,71.13
421,Colorado 2nd,GAS,0.7
421,Colorado 2nd,General Purpose/Public Improvements,868.16
421,Colorado 2nd,Government and Public Buildings,38.9
421,Colorado 2nd,Hospitals,10168.32
421,Colorado 2nd,Human Services,11.58
421,Colorado 2nd,Libraries and Museums,2.52
421,Colorado 2nd,Lifecare/Retirement Centers,270.72
421,Colorado 2nd,Multi-Family Housing,49.28
421,Colorado 2nd,Nursing Homes,86.75
421,Colorado 2nd,OTHER PUB SVC,13.38
421,Colorado 2nd,Other Recreation,26.18
421,Colorado 2nd,"Parks, Zoos and Beaches",28.78
421,Colorado 2nd,Police Stations and Equipment,4.08
421,Colorado 2nd,Primary/Secondary Education,2465.92
421,Colorado 2nd,Private Higher Education,4.52
421,Colorado 2nd,Public Higher Education,1727.29
421,Colorado 2nd,Redevelopment/Land Clearance,82.24
421,Colorado 2nd,Seaports and Marine Terminals,5.45
421,Colorado 2nd,Sewer,269.44
421,Colorado 2nd,Stadiums/Sports Complexes,6.46
421,Colorado 2nd,Streets and Highways,24.7
421,Colorado 2nd,Water Utilities,431.72
421,Colorado 2nd,Water/Sewer Utilities,253
427,Colorado 3rd,Airports,13.8
427,Colorado 3rd,Charter Schools,109.68
427,Colorado 3rd,Civic/Convention Centers,8.3
427,Colorado 3rd,Combined Utilities,4.62
427,Colorado 3rd,Courts and Courtroom Facilities,179.18
427,Colorado 3rd,Electric Utilities and Public Power,115.28
427,Colorado 3rd,Fire Stations and Equipment,88.38
427,Colorado 3rd,General Purpose/Public Improvements,517.77
427,Colorado 3rd,Government and Public Buildings,1.82
427,Colorado 3rd,Higher Education,64.61
427,Colorado 3rd,Hospitals,6713.2
427,Colorado 3rd,Libraries and Museums,5.96
427,Colorado 3rd,Lifecare/Retirement Centers,114.8
427,Colorado 3rd,Mass/Rapid Transit,2.99
427,Colorado 3rd,Multi-Family Housing,7.22
427,Colorado 3rd,Other Recreation,24.22
427,Colorado 3rd,Other Transportation,54.06
427,Colorado 3rd,"Parks, Zoos and Beaches",17.43
427,Colorado 3rd,Primary/Secondary Education,1475.24
427,Colorado 3rd,Public Higher Education,1396.86
427,Colorado 3rd,Sewer,62
427,Colorado 3rd,Single Family Housing,4.7
427,Colorado 3rd,Streets and Highways,14.1
427,Colorado 3rd,Water Utilities,14.82
427,Colorado 3rd,Water/Sewer Utilities,31
433,Colorado 4th,Charter Schools,384.74
433,Colorado 4th,Civic/Convention Centers,47.85
433,Colorado 4th,Combined Utilities,68.04
433,Colorado 4th,Courts and Courtroom Facilities,33.34
433,Colorado 4th,Electric Utilities and Public Power,115.28
433,Colorado 4th,Fire Stations and Equipment,12.36
433,Colorado 4th,General Purpose/Public Improvements,2169.88
433,Colorado 4th,Government and Public Buildings,40.13
433,Colorado 4th,Higher Education,38.04
433,Colorado 4th,Hospitals,3543.48
433,Colorado 4th,Human Services,117.08
433,Colorado 4th,Libraries and Museums,73.94
433,Colorado 4th,Multi-Family Housing,28.19
433,Colorado 4th,Nursing Homes,86.75
433,Colorado 4th,Other Recreation,5.16
433,Colorado 4th,Other Utilities,15.3
433,Colorado 4th,Parking Facilities,8.48
433,Colorado 4th,"Parks, Zoos and Beaches",5.05
433,Colorado 4th,Primary/Secondary Education,2297.37
433,Colorado 4th,Public Higher Education,62.52
433,Colorado 4th,Redevelopment/Land Clearance,18.36
433,Colorado 4th,Sanitation,33.89
433,Colorado 4th,Sewer,62.52
433,Colorado 4th,Single Family Housing,16.48
433,Colorado 4th,Streets and Highways,41.3
433,Colorado 4th,Water Utilities,367.12
433,Colorado 4th,Water/Sewer Utilities,603.69
440,Colorado 5th,Charter Schools,203.56
440,Colorado 5th,Combined Utilities,2358.74
440,Colorado 5th,Courts and Courtroom Facilities,33.34
440,Colorado 5th,Economic Development,0.5
440,Colorado 5th,Electric Utilities and Public Power,26.68
440,Colorado 5th,Fire Stations and Equipment,7.49
440,Colorado 5th,GAS,519.07
440,Colorado 5th,General Purpose/Public Improvements,494.35
440,Colorado 5th,Government and Public Buildings,40.13
440,Colorado 5th,Higher Education,38.04
440,Colorado 5th,Hospitals,4777.83
440,Colorado 5th,Libraries and Museums,19.54
440,Colorado 5th,Lifecare/Retirement Centers,294.04
440,Colorado 5th,Multi-Family Housing,16.83
440,Colorado 5th,Other,8.24
440,Colorado 5th,Other Education,53.61
440,Colorado 5th,Primary/Secondary Education,718.5
440,Colorado 5th,Private Higher Education,9.4
440,Colorado 5th,Public Higher Education,1776.05
440,Colorado 5th,Redevelopment/Land Clearance,41.93
440,Colorado 5th,Single Family Housing,5
440,Colorado 5th,Stadiums/Sports Complexes,26.94
440,Colorado 5th,Streets and Highways,94.12
440,Colorado 5th,Water Utilities,89.04
440,Colorado 5th,Water/Sewer Utilities,70.36
445,Colorado 6th,Bridges,10
445,Colorado 6th,Charter Schools,39.15
445,Colorado 6th,Fire Stations and Equipment,29.55
445,Colorado 6th,General Purpose/Public Improvements,2469.92
445,Colorado 6th,Government and Public Buildings,41.07
445,Colorado 6th,Higher Education,38.04
445,Colorado 6th,Hospitals,2538.16
445,Colorado 6th,Human Services,117.08
445,Colorado 6th,Libraries and Museums,63.56
445,Colorado 6th,Lifecare/Retirement Centers,99.85
445,Colorado 6th,Mass/Rapid Transit,2005.1
445,Colorado 6th,Multi-Family Housing,36.94
445,Colorado 6th,Nursing Homes,86.75
445,Colorado 6th,Other,148.5
445,Colorado 6th,Other Recreation,1.42
445,Colorado 6th,Other Transportation,106.95
445,Colorado 6th,"Parks, Zoos and Beaches",123.19
445,Colorado 6th,Police Stations and Equipment,19.36
445,Colorado 6th,Primary/Secondary Education,2778.28
445,Colorado 6th,Public Higher Education,1228.82
445,Colorado 6th,Redevelopment/Land Clearance,18.36
445,Colorado 6th,Sewer,239.3
445,Colorado 6th,Single Family Housing,6.65
445,Colorado 6th,Streets and Highways,580.51
445,Colorado 6th,Toll Roads,300.44
445,Colorado 6th,Water Utilities,704.64
445,Colorado 6th,Water/Sewer Utilities,193.92
451,Colorado 7th,Bridges,10
451,Colorado 7th,Charter Schools,67.11
451,Colorado 7th,Courts and Courtroom Facilities,43
451,Colorado 7th,Fire Stations and Equipment,25.75
451,Colorado 7th,General Purpose/Public Improvements,1342.73
451,Colorado 7th,Higher Education,38.04
451,Colorado 7th,Hospitals,7824.5
451,Colorado 7th,Hotels,15.52
451,Colorado 7th,Lifecare/Retirement Centers,263.68
451,Colorado 7th,Multi-Family Housing,28.2
451,Colorado 7th,Other,12.78
451,Colorado 7th,Other Education,0.68
451,Colorado 7th,"Parks, Zoos and Beaches",59.41
451,Colorado 7th,Primary/Secondary Education,773.72
451,Colorado 7th,Public Higher Education,640.79
451,Colorado 7th,Redevelopment/Land Clearance,59.78
451,Colorado 7th,Sewer,61.68
451,Colorado 7th,Streets and Highways,567.15
451,Colorado 7th,Toll Roads,138.64
451,Colorado 7th,Water Utilities,376.74
451,Colorado 7th,Water/Sewer Utilities,84.69
457,Colorado 8th,Bridges,10
457,Colorado 8th,Charter Schools,297.35
457,Colorado 8th,Courts and Courtroom Facilities,48.8
457,Colorado 8th,Fire Stations and Equipment,13.86
457,Colorado 8th,General Purpose/Public Improvements,1567.68
457,Colorado 8th,Government and Public Buildings,16.97
457,Colorado 8th,Higher Education,38.04
457,Colorado 8th,Hospitals,691.45
457,Colorado 8th,Hotels,0.61
457,Colorado 8th,Human Services,117.08
457,Colorado 8th,Libraries and Museums,63.56
457,Colorado 8th,Lifecare/Retirement Centers,137.34
457,Colorado 8th,Mass/Rapid Transit,2005.1
457,Colorado 8th,Multi-Family Housing,60.79
457,Colorado 8th,Other,5
457,Colorado 8th,Other Recreation,65.24
457,Colorado 8th,Other Transportation,106.95
457,Colorado 8th,"Parks, Zoos and Beaches",34.42
457,Colorado 8th,Police Stations and Equipment,0.48
457,Colorado 8th,Primary/Secondary Education,2736.44
457,Colorado 8th,Public Higher Education,125.21
457,Colorado 8th,Sewer,257.93
457,Colorado 8th,Single Family Housing,6.65
457,Colorado 8th,Streets and Highways,532.34
457,Colorado 8th,Toll Roads,300.44
457,Colorado 8th,Water Utilities,800.12
457,Colorado 8th,Water/Sewer Utilities,261.53
464,Connecticut 1st,General Purpose/Public Improvements,1932.7
464,Connecticut 1st,Government and Public Buildings,28.9
464,Connecticut 1st,Hospitals,1046.12
464,Connecticut 1st,Libraries and Museums,102.4
464,Connecticut 1st,Lifecare/Retirement Centers,104.3
464,Connecticut 1st,Multi-Family Housing,24
464,Connecticut 1st,Primary/Secondary Education,169.94
464,Connecticut 1st,Private Higher Education,263.94
464,Connecticut 1st,Sewer,37.38
464,Connecticut 1st,Stadiums/Sports Complexes,36.4
464,Connecticut 1st,Streets and Highways,37.11
464,Connecticut 1st,Water Utilities,97.5
464,Connecticut 1st,Water/Sewer Utilities,170.76
469,Connecticut 2nd,Combined Utilities,39.94
469,Connecticut 2nd,Fire Stations and Equipment,18.6
469,Connecticut 2nd,General Purpose/Public Improvements,1328.25
469,Connecticut 2nd,Government and Public Buildings,19.72
469,Connecticut 2nd,Hospitals,922.93
469,Connecticut 2nd,Libraries and Museums,7.48
469,Connecticut 2nd,Other,9.94
469,Connecticut 2nd,Primary/Secondary Education,440.66
469,Connecticut 2nd,Private Higher Education,40.72
469,Connecticut 2nd,Public Higher Education,1928.14
469,Connecticut 2nd,Sewer,26.3
469,Connecticut 2nd,Streets and Highways,56.86
469,Connecticut 2nd,Student Housing,95.72
469,Connecticut 2nd,Water Utilities,4.55
474,Connecticut 3rd,General Purpose/Public Improvements,1676.6
474,Connecticut 3rd,Government and Public Buildings,24.43
474,Connecticut 3rd,Higher Education,219.7
474,Connecticut 3rd,Hospitals,1038.25
474,Connecticut 3rd,Lifecare/Retirement Centers,163.8
474,Connecticut 3rd,Mass/Rapid Transit,1.2
474,Connecticut 3rd,Multi-Family Housing,19.8
474,Connecticut 3rd,Police Stations and Equipment,13.2
474,Connecticut 3rd,Primary/Secondary Education,197.86
474,Connecticut 3rd,Private Higher Education,3500.64
474,Connecticut 3rd,Public Higher Education,171.24
474,Connecticut 3rd,Sewer,46.59
474,Connecticut 3rd,Stadiums/Sports Complexes,5.5
474,Connecticut 3rd,Streets and Highways,13.86
474,Connecticut 3rd,Water Utilities,353.45
474,Connecticut 3rd,Water/Sewer Utilities,7.44
478,Connecticut 4th,Fire Stations and Equipment,9.4
478,Connecticut 4th,General Purpose/Public Improvements,2459.68
478,Connecticut 4th,Hospitals,2319.74
478,Connecticut 4th,Lifecare/Retirement Centers,31.7
478,Connecticut 4th,Police Stations and Equipment,12.32
478,Connecticut 4th,Primary/Secondary Education,175.18
478,Connecticut 4th,Private Higher Education,583.78
478,Connecticut 4th,Senior Housing/Independent Living,11.7
478,Connecticut 4th,Sewer,44.72
478,Connecticut 4th,Streets and Highways,3.6
478,Connecticut 4th,Water Utilities,42.78
482,Connecticut 5th,General Purpose/Public Improvements,1259.81
482,Connecticut 5th,Hospitals,1211.82
482,Connecticut 5th,Libraries and Museums,13.08
482,Connecticut 5th,Primary/Secondary Education,520.04
482,Connecticut 5th,Public Higher Education,171.24
482,Connecticut 5th,Sewer,44.37
482,Connecticut 5th,Streets and Highways,23.55
482,Connecticut 5th,Water Utilities,4.55
486,Delaware 0th,Bridges,289.49
486,Delaware 0th,Charter Schools,139.13
486,Delaware 0th,Combined Utilities,14.62
486,Delaware 0th,Electric Utilities and Public Power,108.75
486,Delaware 0th,GAS,15.5
486,Delaware 0th,General Purpose/Public Improvements,675.34
486,Delaware 0th,Hospitals,532.82
486,Delaware 0th,Industrial Development,268.4
486,Delaware 0th,Lifecare/Retirement Centers,110.49
486,Delaware 0th,Mass/Rapid Transit,198.42
486,Delaware 0th,Multi-Family Housing,57.65
486,Delaware 0th,Other,3.25
486,Delaware 0th,Primary/Secondary Education,21.14
486,Delaware 0th,Public Higher Education,330.2
486,Delaware 0th,Senior Housing/Independent Living,1.43
486,Delaware 0th,Student Housing,109.49
486,Delaware 0th,Water/Sewer Utilities,41.98
490,Florida 1st,Bridges,247.24
490,Florida 1st,Charter Schools,17.38
490,Florida 1st,Courts and Courtroom Facilities,99.11
490,Florida 1st,GAS,93.01
490,Florida 1st,General Purpose/Public Improvements,32.54
490,Florida 1st,Hospitals,652.18
490,Florida 1st,Industrial Development,10
490,Florida 1st,Lifecare/Retirement Centers,144.21
490,Florida 1st,Mass/Rapid Transit,33.66
490,Florida 1st,Parking Facilities,17.1
490,Florida 1st,Primary/Secondary Education,524.18
490,Florida 1st,Public Higher Education,194.67
490,Florida 1st,Senior Housing/Independent Living,68.64
490,Florida 1st,Single Family Housing,33.06
490,Florida 1st,Student Housing,450.93
490,Florida 1st,Water/Sewer Utilities,49.56
494,Florida 2nd,Charter Schools,38.7
494,Florida 2nd,Combined Utilities,265.54
494,Florida 2nd,Electric Utilities and Public Power,364.75
494,Florida 2nd,GAS,7.4
494,Florida 2nd,General Purpose/Public Improvements,143.68
494,Florida 2nd,Hospitals,331.24
494,Florida 2nd,Lifecare/Retirement Centers,378.78
494,Florida 2nd,Multi-Family Housing,25
494,Florida 2nd,Parking Facilities,17.1
494,Florida 2nd,"Parks, Zoos and Beaches",1.82
494,Florida 2nd,Primary/Secondary Education,233.86
494,Florida 2nd,Private Higher Education,58.15
494,Florida 2nd,Public Higher Education,608.3
494,Florida 2nd,Single Family Housing,1.05
494,Florida 2nd,Streets and Highways,67.92
494,Florida 2nd,Student Housing,467.4
494,Florida 2nd,Water Utilities,15.45
494,Florida 2nd,Water/Sewer Utilities,43.03
499,Florida 3rd,Combined Utilities,802.28
499,Florida 3rd,Electric Utilities and Public Power,146.69
499,Florida 3rd,General Purpose/Public Improvements,143.38
499,Florida 3rd,Government and Public Buildings,19.51
499,Florida 3rd,Hospitals,1841.81
499,Florida 3rd,Lifecare/Retirement Centers,52.76
499,Florida 3rd,Multi-Family Housing,14.45
499,Florida 3rd,Parking Facilities,17.1
499,Florida 3rd,Pollution Control,368.41
499,Florida 3rd,Primary/Secondary Education,451.39
499,Florida 3rd,Public Higher Education,263.82
499,Florida 3rd,Senior Housing/Independent Living,68.64
499,Florida 3rd,Student Housing,450.93
503,Florida 4th,Charter Schools,773.02
503,Florida 4th,Electric Utilities and Public Power,1463.78
503,Florida 4th,Fire Stations and Equipment,59.24
503,Florida 4th,General Purpose/Public Improvements,1799.42
503,Florida 4th,Hospitals,588.72
503,Florida 4th,Mass/Rapid Transit,156.52
503,Florida 4th,Multi-Family Housing,57.12
503,Florida 4th,Other Health Care,85
503,Florida 4th,Other Recreation,5.48
503,Florida 4th,Other Transportation,10
503,Florida 4th,Other Utilities,7.07
503,Florida 4th,"Parks, Zoos and Beaches",7.84
503,Florida 4th,Pollution Control,368.41
503,Florida 4th,Primary/Secondary Education,715.02
503,Florida 4th,Private Higher Education,96.61
503,Florida 4th,Seaports and Marine Terminals,42.4
503,Florida 4th,Streets and Highways,319.11
503,Florida 4th,Toll Roads,3517.99
503,Florida 4th,Water/Sewer Utilities,2695.48
508,Florida 5th,Charter Schools,1206.85
508,Florida 5th,Electric Utilities and Public Power,2075.18
508,Florida 5th,Flood Control/Storm Drainage,22.95
508,Florida 5th,General Purpose/Public Improvements,2417.92
508,Florida 5th,Government and Public Buildings,37.79
508,Florida 5th,Hospitals,783.24
508,Florida 5th,Lifecare/Retirement Centers,637.59
508,Florida 5th,Mass/Rapid Transit,175.22
508,Florida 5th,Multi-Family Housing,92.62
508,Florida 5th,Other Health Care,23
508,Florida 5th,Other Recreation,8.1
508,Florida 5th,Parking Facilities,17.1
508,Florida 5th,"Parks, Zoos and Beaches",18.02
508,Florida 5th,Pollution Control,368.41
508,Florida 5th,Primary/Secondary Education,1031.36
508,Florida 5th,Private Higher Education,58.15
508,Florida 5th,Public Higher Education,250.02
508,Florida 5th,Senior Housing/Independent Living,28.06
508,Florida 5th,Stadiums/Sports Complexes,39.37
508,Florida 5th,Streets and Highways,244.8
508,Florida 5th,Student Housing,531.86
508,Florida 5th,Water/Sewer Utilities,2852.56
514,Florida 6th,Charter Schools,67.51
514,Florida 6th,Electric Utilities and Public Power,203.67
514,Florida 6th,Fire Stations and Equipment,18.8
514,Florida 6th,Flood Control/Storm Drainage,6.02
514,Florida 6th,General Purpose/Public Improvements,412.94
514,Florida 6th,Government and Public Buildings,37.79
514,Florida 6th,Hospitals,1265.81
514,Florida 6th,Lifecare/Retirement Centers,109.98
514,Florida 6th,Mass/Rapid Transit,18.94
514,Florida 6th,Multi-Family Housing,27.77
514,Florida 6th,Other Health Care,23
514,Florida 6th,Pollution Control,425.39
514,Florida 6th,Primary/Secondary Education,1045.76
514,Florida 6th,Private Higher Education,333.05
514,Florida 6th,Redevelopment/Land Clearance,31.78
514,Florida 6th,Sanitation,9.69
514,Florida 6th,Stadiums/Sports Complexes,29.08
514,Florida 6th,Toll Roads,2891.41
514,Florida 6th,Water/Sewer Utilities,191.32
519,Florida 7th,Charter Schools,46.86
519,Florida 7th,Combined Utilities,63.17
519,Florida 7th,Courts and Courtroom Facilities,183.7
519,Florida 7th,Electric Utilities and Public Power,146.69
519,Florida 7th,Flood Control/Storm Drainage,4.96
519,Florida 7th,General Purpose/Public Improvements,68.84
519,Florida 7th,Hospitals,3383.63
519,Florida 7th,Lifecare/Retirement Centers,146.63
519,Florida 7th,Multi-Family Housing,9.14
519,Florida 7th,Other Health Care,23
519,Florida 7th,Other Recreation,22
519,Florida 7th,"Parks, Zoos and Beaches",10.13
519,Florida 7th,Pollution Control,368.41
519,Florida 7th,Primary/Secondary Education,236.14
519,Florida 7th,Public Higher Education,30
519,Florida 7th,Sanitation,9.69
519,Florida 7th,Streets and Highways,38.01
519,Florida 7th,Toll Roads,6409.4
519,Florida 7th,Water/Sewer Utilities,217.77
523,Florida 8th,Bridges,10.16
523,Florida 8th,Charter Schools,114.67
523,Florida 8th,Civic/Convention Centers,544.68
523,Florida 8th,Combined Utilities,126.22
523,Florida 8th,Electric Utilities and Public Power,146.69
523,Florida 8th,Fire Stations and Equipment,6.68
523,Florida 8th,General Purpose/Public Improvements,157.92
523,Florida 8th,Hospitals,661.93
523,Florida 8th,Lifecare/Retirement Centers,222.36
523,Florida 8th,Multi-Family Housing,192.33
523,Florida 8th,Police Stations and Equipment,32.95
523,Florida 8th,Pollution Control,368.41
523,Florida 8th,Primary/Secondary Education,1257.2
523,Florida 8th,Private Higher Education,84.92
523,Florida 8th,Sanitation,49.4
523,Florida 8th,Seaports and Marine Terminals,30
523,Florida 8th,Single Family Housing,124.8
523,Florida 8th,Stadiums/Sports Complexes,3.82
523,Florida 8th,Streets and Highways,194.01
523,Florida 8th,Toll Roads,6409.4
523,Florida 8th,Water/Sewer Utilities,259.62
528,Florida 9th,Airports,103.29
528,Florida 9th,Charter Schools,702.36
528,Florida 9th,Civic/Convention Centers,718.52
528,Florida 9th,Combined Utilities,1831.5
528,Florida 9th,Electric Utilities and Public Power,758.1
528,Florida 9th,Flood Control/Storm Drainage,38.61
528,Florida 9th,General Purpose/Public Improvements,1374.53
528,Florida 9th,Hospitals,1113.2
528,Florida 9th,Mass/Rapid Transit,24.66
528,Florida 9th,Multi-Family Housing,85.46
528,Florida 9th,Other Health Care,23
528,Florida 9th,Other Recreation,1.7
528,Florida 9th,"Parks, Zoos and Beaches",22.94
528,Florida 9th,Pollution Control,368.41
528,Florida 9th,Primary/Secondary Education,838.25
528,Florida 9th,Redevelopment/Land Clearance,6.52
528,Florida 9th,Sewer,149.72
528,Florida 9th,Single Family Housing,122.38
528,Florida 9th,Streets and Highways,72.07
528,Florida 9th,Toll Roads,6737.83
528,Florida 9th,Water Utilities,273.4
528,Florida 9th,Water/Sewer Utilities,239.32
534,Florida 10th,Charter Schools,259.2
534,Florida 10th,Civic/Convention Centers,718.52
534,Florida 10th,Combined Utilities,1831.5
534,Florida 10th,Electric Utilities and Public Power,624.72
534,Florida 10th,General Purpose/Public Improvements,230.64
534,Florida 10th,Hospitals,2870.39
534,Florida 10th,Lifecare/Retirement Centers,436.28
534,Florida 10th,Multi-Family Housing,87.52
534,Florida 10th,Other Health Care,23
534,Florida 10th,Parking Facilities,17.1
534,Florida 10th,Primary/Secondary Education,820.58
534,Florida 10th,Private Higher Education,224.88
534,Florida 10th,Public Higher Education,243.06
534,Florida 10th,Redevelopment/Land Clearance,6.52
534,Florida 10th,Sewer,149.72
534,Florida 10th,Single Family Housing,122.38
534,Florida 10th,Stadiums/Sports Complexes,36.36
534,Florida 10th,Streets and Highways,8.94
534,Florida 10th,Student Housing,619.96
534,Florida 10th,Toll Roads,6409.4
534,Florida 10th,Water Utilities,273.4
534,Florida 10th,Water/Sewer Utilities,62.44
539,Florida 11th,Charter Schools,23.06
539,Florida 11th,Civic/Convention Centers,544.68
539,Florida 11th,Combined Utilities,152.48
539,Florida 11th,Electric Utilities and Public Power,15.99
539,Florida 11th,Flood Control/Storm Drainage,23.52
539,Florida 11th,General Purpose/Public Improvements,1373.62
539,Florida 11th,Hospitals,2930.54
539,Florida 11th,Lifecare/Retirement Centers,170.49
539,Florida 11th,Multi-Family Housing,78.38
539,Florida 11th,Other Health Care,23
539,Florida 11th,Other Recreation,21.79
539,Florida 11th,"Parks, Zoos and Beaches",33.5
539,Florida 11th,Primary/Secondary Education,1107.76
539,Florida 11th,Sanitation,36.26
539,Florida 11th,Senior Housing/Independent Living,68.64
539,Florida 11th,Sewer,8.06
539,Florida 11th,Single Family Housing,122.38
539,Florida 11th,Streets and Highways,15.98
539,Florida 11th,Toll Roads,6409.4
539,Florida 11th,Water Utilities,273.4
539,Florida 11th,Water/Sewer Utilities,827.61
544,Florida 12th,Charter Schools,30.03
544,Florida 12th,Courts and Courtroom Facilities,181.82
544,Florida 12th,Fire Stations and Equipment,53.5
544,Florida 12th,Flood Control/Storm Drainage,1.66
544,Florida 12th,General Purpose/Public Improvements,710.06
544,Florida 12th,Government and Public Buildings,5.81
544,Florida 12th,Hospitals,3313.4
544,Florida 12th,Libraries and Museums,15.9
544,Florida 12th,"Parks, Zoos and Beaches",17.1
544,Florida 12th,Primary/Secondary Education,694.62
544,Florida 12th,Private Higher Education,64.17
544,Florida 12th,Redevelopment/Land Clearance,11.66
544,Florida 12th,Senior Housing/Independent Living,68.64
544,Florida 12th,Streets and Highways,55.89
544,Florida 12th,Toll Roads,3517.99
544,Florida 12th,Water/Sewer Utilities,296.02
549,Florida 13th,Charter Schools,15.4
549,Florida 13th,Fire Stations and Equipment,0.38
549,Florida 13th,Flood Control/Storm Drainage,14.17
549,Florida 13th,General Purpose/Public Improvements,112.62
549,Florida 13th,Hospitals,3030.13
549,Florida 13th,Lifecare/Retirement Centers,39.47
549,Florida 13th,Other Recreation,3.48
549,Florida 13th,Primary/Secondary Education,198.31
549,Florida 13th,Public Higher Education,30
549,Florida 13th,Single Family Housing,164.48
549,Florida 13th,Stadiums/Sports Complexes,9.88
549,Florida 13th,Streets and Highways,8.94
549,Florida 13th,Toll Roads,3517.99
549,Florida 13th,Water Utilities,1042.74
549,Florida 13th,Water/Sewer Utilities,110.76
553,Florida 14th,Airports,337.58
553,Florida 14th,Charter Schools,274.83
553,Florida 14th,Combined Utilities,374.68
553,Florida 14th,Fire Stations and Equipment,55.94
553,Florida 14th,Flood Control/Storm Drainage,108.88
553,Florida 14th,General Purpose/Public Improvements,864.41
553,Florida 14th,Government and Public Buildings,7.44
553,Florida 14th,Hospitals,4041.96
553,Florida 14th,Lifecare/Retirement Centers,323.86
553,Florida 14th,Multi-Family Housing,82.16
553,Florida 14th,Other,7.5
553,Florida 14th,Other Transportation,34.56
553,Florida 14th,Parking Facilities,3.7
553,Florida 14th,"Parks, Zoos and Beaches",2.42
553,Florida 14th,Police Stations and Equipment,36.66
553,Florida 14th,Pollution Control,51.6
553,Florida 14th,Primary/Secondary Education,489.44
553,Florida 14th,Private Higher Education,148.38
553,Florida 14th,Seaports and Marine Terminals,8.38
553,Florida 14th,Sewer,49.95
553,Florida 14th,Single Family Housing,164.48
553,Florida 14th,Solid Waste/Resource Recovery,25.22
553,Florida 14th,Stadiums/Sports Complexes,34.62
553,Florida 14th,Streets and Highways,243.91
553,Florida 14th,Student Housing,137.42
553,Florida 14th,Toll Roads,3692.62
553,Florida 14th,Water Utilities,1013.44
553,Florida 14th,Water/Sewer Utilities,1473.56
558,Florida 15th,Charter Schools,110.64
558,Florida 15th,Combined Utilities,82.37
558,Florida 15th,Courts and Courtroom Facilities,132
558,Florida 15th,Electric Utilities and Public Power,1068.24
558,Florida 15th,Fire Stations and Equipment,109.43
558,Florida 15th,Flood Control/Storm Drainage,108.88
558,Florida 15th,General Purpose/Public Improvements,1488
558,Florida 15th,Government and Public Buildings,5.81
558,Florida 15th,Hospitals,4116.7
558,Florida 15th,Libraries and Museums,15.9
558,Florida 15th,Lifecare/Retirement Centers,21.71
558,Florida 15th,Other,7.5
558,Florida 15th,Other Health Care,23
558,Florida 15th,Other Transportation,34.56
558,Florida 15th,Parking Facilities,20.79
558,Florida 15th,"Parks, Zoos and Beaches",19.52
558,Florida 15th,Police Stations and Equipment,36.66
558,Florida 15th,Pollution Control,51.6
558,Florida 15th,Primary/Secondary Education,1112.3
558,Florida 15th,Public Higher Education,377.89
558,Florida 15th,Seaports and Marine Terminals,8.38
558,Florida 15th,Sewer,49.95
558,Florida 15th,Solid Waste/Resource Recovery,25.22
558,Florida 15th,Stadiums/Sports Complexes,34.62
558,Florida 15th,Streets and Highways,272.65
558,Florida 15th,Student Housing,450.93
558,Florida 15th,Toll Roads,3692.62
558,Florida 15th,Water Utilities,1037.85
558,Florida 15th,Water/Sewer Utilities,1662.52
564,Florida 16th,Charter Schools,628.29
564,Florida 16th,Combined Utilities,378.44
564,Florida 16th,Electric Utilities and Public Power,146.69
564,Florida 16th,Fire Stations and Equipment,60.82
564,Florida 16th,Flood Control/Storm Drainage,12.02
564,Florida 16th,General Purpose/Public Improvements,2343.98
564,Florida 16th,Hospitals,3030.13
564,Florida 16th,Lifecare/Retirement Centers,376.92
564,Florida 16th,Mass/Rapid Transit,50
564,Florida 16th,Other,8.29
564,Florida 16th,Other Recreation,6.58
564,Florida 16th,Other Transportation,34.56
564,Florida 16th,"Parks, Zoos and Beaches",37.52
564,Florida 16th,Pollution Control,420.01
564,Florida 16th,Primary/Secondary Education,599.96
564,Florida 16th,Seaports and Marine Terminals,8.38
564,Florida 16th,Senior Housing/Independent Living,68.64
564,Florida 16th,Sewer,53.45
564,Florida 16th,Solid Waste/Resource Recovery,25.22
564,Florida 16th,Stadiums/Sports Complexes,7.52
564,Florida 16th,Streets and Highways,367.54
564,Florida 16th,Toll Roads,174.64
564,Florida 16th,Water Utilities,203.89
564,Florida 16th,Water/Sewer Utilities,454.84
571,Florida 17th,Airports,33.42
571,Florida 17th,Bridges,0
571,Florida 17th,Charter Schools,115.46
571,Florida 17th,Combined Utilities,39.02
571,Florida 17th,Courts and Courtroom Facilities,28.75
571,Florida 17th,Electric Utilities and Public Power,146.69
571,Florida 17th,Fire Stations and Equipment,38.36
571,Florida 17th,Flood Control/Storm Drainage,43.96
571,Florida 17th,General Purpose/Public Improvements,1314.66
571,Florida 17th,Government and Public Buildings,40.18
571,Florida 17th,Hospitals,555.18
571,Florida 17th,Lifecare/Retirement Centers,484.36
571,Florida 17th,Mass/Rapid Transit,47.95
571,Florida 17th,Other,5.46
571,Florida 17th,Other Transportation,61.46
571,Florida 17th,Parking Facilities,29.08
571,Florida 17th,"Parks, Zoos and Beaches",95.52
571,Florida 17th,Police Stations and Equipment,13.38
571,Florida 17th,Pollution Control,368.41
571,Florida 17th,Primary/Secondary Education,689.28
571,Florida 17th,Private Higher Education,127.73
571,Florida 17th,Public Higher Education,194.67
571,Florida 17th,Solid Waste/Resource Recovery,15.77
571,Florida 17th,Stadiums/Sports Complexes,82.38
571,Florida 17th,Streets and Highways,83.1
571,Florida 17th,Student Housing,450.93
571,Florida 17th,Water Utilities,404.98
571,Florida 17th,Water/Sewer Utilities,327.46
577,Florida 18th,Combined Utilities,47.3
577,Florida 18th,Courts and Courtroom Facilities,23.94
577,Florida 18th,Electric Utilities and Public Power,603.53
577,Florida 18th,Flood Control/Storm Drainage,12.06
577,Florida 18th,General Purpose/Public Improvements,668.24
577,Florida 18th,Hospitals,1147.88
577,Florida 18th,Lifecare/Retirement Centers,87.44
577,Florida 18th,Multi-Family Housing,30
577,Florida 18th,Other Health Care,23
577,Florida 18th,Other Utilities,10.46
577,Florida 18th,Parking Facilities,23.56
577,Florida 18th,"Parks, Zoos and Beaches",17
577,Florida 18th,Pollution Control,368.41
577,Florida 18th,Primary/Secondary Education,238.2
577,Florida 18th,Private Higher Education,54.53
577,Florida 18th,Public Higher Education,194.67
577,Florida 18th,Streets and Highways,8.94
577,Florida 18th,Student Housing,450.93
577,Florida 18th,Toll Roads,3517.99
577,Florida 18th,Water Utilities,404.98
577,Florida 18th,Water/Sewer Utilities,282.36
582,Florida 19th,Airports,33.42
582,Florida 19th,Bridges,0
582,Florida 19th,Charter Schools,150.02
582,Florida 19th,Combined Utilities,39.55
582,Florida 19th,Courts and Courtroom Facilities,28.75
582,Florida 19th,Electric Utilities and Public Power,146.69
582,Florida 19th,Flood Control/Storm Drainage,14.84
582,Florida 19th,General Purpose/Public Improvements,707.74
582,Florida 19th,Hospitals,157.71
582,Florida 19th,LD PRESERVTN,9.95
582,Florida 19th,Lifecare/Retirement Centers,651.78
582,Florida 19th,Multi-Family Housing,69.15
582,Florida 19th,Other,10.82
582,Florida 19th,Other Transportation,61.46
582,Florida 19th,Other Utilities,5
582,Florida 19th,Parking Facilities,17.1
582,Florida 19th,"Parks, Zoos and Beaches",17.56
582,Florida 19th,Pollution Control,378.06
582,Florida 19th,Primary/Secondary Education,392.96
582,Florida 19th,Public Higher Education,254.67
582,Florida 19th,Sewer,11.1
582,Florida 19th,Stadiums/Sports Complexes,89.48
582,Florida 19th,Streets and Highways,45.67
582,Florida 19th,Student Housing,553.99
582,Florida 19th,Water Utilities,273.4
582,Florida 19th,Water/Sewer Utilities,1166.74
587,Florida 20th,Airports,223.52
587,Florida 20th,Charter Schools,686.56
587,Florida 20th,Civic/Convention Centers,501.66
587,Florida 20th,Courts and Courtroom Facilities,181.73
587,Florida 20th,Electric Utilities and Public Power,146.69
587,Florida 20th,Fire Stations and Equipment,40.44
587,Florida 20th,Flood Control/Storm Drainage,6.48
587,Florida 20th,General Purpose/Public Improvements,549.69
587,Florida 20th,Government and Public Buildings,38.02
587,Florida 20th,Hospitals,2415.84
587,Florida 20th,Industrial Development,1
587,Florida 20th,Libraries and Museums,10.56
587,Florida 20th,Lifecare/Retirement Centers,35.8
587,Florida 20th,Multi-Family Housing,307.96
587,Florida 20th,OTHER PUB SVC,45.66
587,Florida 20th,Other Recreation,1.81
587,Florida 20th,"Parks, Zoos and Beaches",173.16
587,Florida 20th,Police Stations and Equipment,84.18
587,Florida 20th,Pollution Control,368.41
587,Florida 20th,Primary/Secondary Education,3142.44
587,Florida 20th,Sanitation,50.33
587,Florida 20th,Seaports and Marine Terminals,125.16
587,Florida 20th,Sewer,186.74
587,Florida 20th,Single Family Housing,321.21
587,Florida 20th,Stadiums/Sports Complexes,132.44
587,Florida 20th,Streets and Highways,31.14
587,Florida 20th,Theaters,41.5
587,Florida 20th,Toll Roads,3517.99
587,Florida 20th,Water Utilities,284.8
587,Florida 20th,Water/Sewer Utilities,1903.2
592,Florida 21st,Airports,24.19
592,Florida 21st,Charter Schools,635.99
592,Florida 21st,Civic/Convention Centers,29.37
592,Florida 21st,Combined Utilities,246.76
592,Florida 21st,Courts and Courtroom Facilities,96.14
592,Florida 21st,Electric Utilities and Public Power,146.69
592,Florida 21st,Fire Stations and Equipment,60.02
592,Florida 21st,Flood Control/Storm Drainage,6.48
592,Florida 21st,General Purpose/Public Improvements,1087.63
592,Florida 21st,Hospitals,451.52
592,Florida 21st,IRRIGATION,6.1
592,Florida 21st,Libraries and Museums,10.56
592,Florida 21st,Lifecare/Retirement Centers,211.52
592,Florida 21st,Multi-Family Housing,66.94
592,Florida 21st,OTHER PUB SVC,45.66
592,Florida 21st,Other Recreation,1.81
592,Florida 21st,Parking Facilities,17.1
592,Florida 21st,"Parks, Zoos and Beaches",22.38
592,Florida 21st,Pollution Control,368.41
592,Florida 21st,Primary/Secondary Education,1317
592,Florida 21st,Public Higher Education,194.67
592,Florida 21st,Redevelopment/Land Clearance,148.12
592,Florida 21st,Sanitation,50.33
592,Florida 21st,Sewer,111.46
592,Florida 21st,Stadiums/Sports Complexes,129.11
592,Florida 21st,Streets and Highways,144.21
592,Florida 21st,Student Housing,450.93
592,Florida 21st,Theaters,41.5
592,Florida 21st,Toll Roads,3517.99
592,Florida 21st,Water Utilities,279.44
592,Florida 21st,Water/Sewer Utilities,532.75
597,Florida 22nd,Airports,24.19
597,Florida 22nd,Charter Schools,784.34
597,Florida 22nd,Combined Utilities,153.8
597,Florida 22nd,Courts and Courtroom Facilities,96.14
597,Florida 22nd,Electric Utilities and Public Power,146.69
597,Florida 22nd,General Purpose/Public Improvements,386.01
597,Florida 22nd,Hospitals,1108.29
597,Florida 22nd,Libraries and Museums,10.56
597,Florida 22nd,Lifecare/Retirement Centers,247.7
597,Florida 22nd,Multi-Family Housing,99.77
597,Florida 22nd,OTHER PUB SVC,45.66
597,Florida 22nd,Other Recreation,1.81
597,Florida 22nd,Other Utilities,7.92
597,Florida 22nd,"Parks, Zoos and Beaches",9.54
597,Florida 22nd,Pollution Control,368.41
597,Florida 22nd,Primary/Secondary Education,1048.12
597,Florida 22nd,Private Higher Education,78.78
597,Florida 22nd,Public Higher Education,30
597,Florida 22nd,Sanitation,50.33
597,Florida 22nd,Senior Housing/Independent Living,87.2
597,Florida 22nd,Sewer,82.35
597,Florida 22nd,Stadiums/Sports Complexes,91.2
597,Florida 22nd,Streets and Highways,52.84
597,Florida 22nd,Theaters,41.5
597,Florida 22nd,Toll Roads,3517.99
597,Florida 22nd,Water Utilities,279.44
597,Florida 22nd,Water/Sewer Utilities,59.2
601,Florida 23rd,Airports,223.52
601,Florida 23rd,Charter Schools,25.28
601,Florida 23rd,Civic/Convention Centers,501.66
601,Florida 23rd,Courts and Courtroom Facilities,181.73
601,Florida 23rd,Electric Utilities and Public Power,154.25
601,Florida 23rd,Fire Stations and Equipment,12.85
601,Florida 23rd,General Purpose/Public Improvements,539.57
601,Florida 23rd,Government and Public Buildings,18.46
601,Florida 23rd,Higher Education,7
601,Florida 23rd,Hospitals,1334.94
601,Florida 23rd,Hotels,389.5
601,Florida 23rd,Industrial Development,1
601,Florida 23rd,Libraries and Museums,14.08
601,Florida 23rd,Lifecare/Retirement Centers,498.24
601,Florida 23rd,Multi-Family Housing,248.88
601,Florida 23rd,OTHER PUB SVC,45.66
601,Florida 23rd,Other Recreation,1.81
601,Florida 23rd,Parking Facilities,17.1
601,Florida 23rd,"Parks, Zoos and Beaches",121.44
601,Florida 23rd,Police Stations and Equipment,84.18
601,Florida 23rd,Pollution Control,368.41
601,Florida 23rd,Primary/Secondary Education,3142.44
601,Florida 23rd,Public Higher Education,224.67
601,Florida 23rd,Sanitation,50.33
601,Florida 23rd,Seaports and Marine Terminals,122.7
601,Florida 23rd,Sewer,168.98
601,Florida 23rd,Single Family Housing,321.21
601,Florida 23rd,Stadiums/Sports Complexes,132.44
601,Florida 23rd,Streets and Highways,18.93
601,Florida 23rd,Student Housing,740.16
601,Florida 23rd,Theaters,41.5
601,Florida 23rd,Toll Roads,3517.99
601,Florida 23rd,Water Utilities,327.36
601,Florida 23rd,Water/Sewer Utilities,1871.7
606,Florida 24th,Airports,844.49
606,Florida 24th,Bridges,25.24
606,Florida 24th,Charter Schools,26.58
606,Florida 24th,Civic/Convention Centers,718.76
606,Florida 24th,Courts and Courtroom Facilities,239.94
606,Florida 24th,Electric Utilities and Public Power,146.69
606,Florida 24th,Flood Control/Storm Drainage,123.36
606,Florida 24th,General Purpose/Public Improvements,3681.08
606,Florida 24th,Government and Public Buildings,241.22
606,Florida 24th,Hospitals,1139.7
606,Florida 24th,Industrial Development,1
606,Florida 24th,Lifecare/Retirement Centers,36.64
606,Florida 24th,Mass/Rapid Transit,1003.37
606,Florida 24th,Multi-Family Housing,338.3
606,Florida 24th,Other,0
606,Florida 24th,Other Recreation,170.03
606,Florida 24th,Other Transportation,241.4
606,Florida 24th,Parking Facilities,43.56
606,Florida 24th,"Parks, Zoos and Beaches",65.53
606,Florida 24th,Pollution Control,368.41
606,Florida 24th,Primary/Secondary Education,5043.83
606,Florida 24th,Redevelopment/Land Clearance,264.37
606,Florida 24th,Seaports and Marine Terminals,451.9
606,Florida 24th,Sewer,149.9
606,Florida 24th,Single Family Housing,321.21
606,Florida 24th,Solid Waste/Resource Recovery,21.97
606,Florida 24th,Stadiums/Sports Complexes,557.27
606,Florida 24th,Streets and Highways,59.54
606,Florida 24th,Toll Roads,4657.84
606,Florida 24th,Water Utilities,312.98
606,Florida 24th,Water/Sewer Utilities,4275.8
611,Florida 25th,Airports,208.9
611,Florida 25th,Charter Schools,975.11
611,Florida 25th,Civic/Convention Centers,501.66
611,Florida 25th,Courts and Courtroom Facilities,85.6
611,Florida 25th,Electric Utilities and Public Power,146.69
611,Florida 25th,Fire Stations and Equipment,10.32
611,Florida 25th,General Purpose/Public Improvements,434.68
611,Florida 25th,Higher Education,82.78
611,Florida 25th,Hospitals,1111.44
611,Florida 25th,Human Services,8.04
611,Florida 25th,Industrial Development,1
611,Florida 25th,Lifecare/Retirement Centers,36.64
611,Florida 25th,Multi-Family Housing,225.48
611,Florida 25th,Other Transportation,241.4
611,Florida 25th,Parking Facilities,32.74
611,Florida 25th,"Parks, Zoos and Beaches",48.23
611,Florida 25th,Pollution Control,368.41
611,Florida 25th,Primary/Secondary Education,2094.32
611,Florida 25th,Private Higher Education,239.34
611,Florida 25th,Seaports and Marine Terminals,122.7
611,Florida 25th,Senior Housing/Independent Living,32.91
611,Florida 25th,Single Family Housing,321.21
611,Florida 25th,Stadiums/Sports Complexes,41.24
611,Florida 25th,Streets and Highways,8.94
611,Florida 25th,Toll Roads,4657.84
611,Florida 25th,Water Utilities,273.4
611,Florida 25th,Water/Sewer Utilities,770.94
616,Florida 26th,Airports,891.03
616,Florida 26th,Bridges,25.24
616,Florida 26th,Charter Schools,443.94
616,Florida 26th,Courts and Courtroom Facilities,154.34
616,Florida 26th,Electric Utilities and Public Power,146.69
616,Florida 26th,Flood Control/Storm Drainage,31.17
616,Florida 26th,General Purpose/Public Improvements,4024.94
616,Florida 26th,Hospitals,870.16
616,Florida 26th,Lifecare/Retirement Centers,172.96
616,Florida 26th,Mass/Rapid Transit,1003.37
616,Florida 26th,Multi-Family Housing,76.3
616,Florida 26th,Other,0
616,Florida 26th,Other Recreation,179.74
616,Florida 26th,Other Transportation,241.4
616,Florida 26th,"Parks, Zoos and Beaches",155.9
616,Florida 26th,Pollution Control,368.41
616,Florida 26th,Primary/Secondary Education,3152.1
616,Florida 26th,Private Higher Education,54.52
616,Florida 26th,Seaports and Marine Terminals,329.2
616,Florida 26th,Senior Housing/Independent Living,5.05
616,Florida 26th,Sewer,14.91
616,Florida 26th,Solid Waste/Resource Recovery,21.97
616,Florida 26th,Stadiums/Sports Complexes,572.14
616,Florida 26th,Streets and Highways,42.92
616,Florida 26th,Toll Roads,4657.84
616,Florida 26th,Water Utilities,273.4
616,Florida 26th,Water/Sewer Utilities,1087.6
621,Florida 27th,Airports,645.16
621,Florida 27th,Bridges,25.24
621,Florida 27th,Charter Schools,260.62
621,Florida 27th,Courts and Courtroom Facilities,154.34
621,Florida 27th,Electric Utilities and Public Power,146.69
621,Florida 27th,Flood Control/Storm Drainage,27.1
621,Florida 27th,General Purpose/Public Improvements,3709.72
621,Florida 27th,Government and Public Buildings,241.22
621,Florida 27th,Hospitals,2294.08
621,Florida 27th,Lifecare/Retirement Centers,105.58
621,Florida 27th,Mass/Rapid Transit,1003.37
621,Florida 27th,Multi-Family Housing,130.3
621,Florida 27th,Other,0
621,Florida 27th,Other Recreation,170.03
621,Florida 27th,Other Transportation,241.4
621,Florida 27th,Parking Facilities,43.56
621,Florida 27th,"Parks, Zoos and Beaches",33.5
621,Florida 27th,Pollution Control,368.41
621,Florida 27th,Primary/Secondary Education,3152.1
621,Florida 27th,Private Higher Education,1607.28
621,Florida 27th,Redevelopment/Land Clearance,23.94
621,Florida 27th,Seaports and Marine Terminals,352.6
621,Florida 27th,Sewer,22.32
621,Florida 27th,Solid Waste/Resource Recovery,21.97
621,Florida 27th,Stadiums/Sports Complexes,516.02
621,Florida 27th,Streets and Highways,52.81
621,Florida 27th,Toll Roads,4657.84
621,Florida 27th,Water Utilities,273.4
621,Florida 27th,Water/Sewer Utilities,3511.62
626,Florida 28th,Airports,645.16
626,Florida 28th,Bridges,25.24
626,Florida 28th,Charter Schools,265.72
626,Florida 28th,Courts and Courtroom Facilities,154.34
626,Florida 28th,Electric Utilities and Public Power,197.82
626,Florida 28th,Flood Control/Storm Drainage,31.13
626,Florida 28th,General Purpose/Public Improvements,3576.39
626,Florida 28th,Hospitals,1926.07
626,Florida 28th,Mass/Rapid Transit,1003.37
626,Florida 28th,Multi-Family Housing,76
626,Florida 28th,Other,0
626,Florida 28th,Other Recreation,170.03
626,Florida 28th,Parking Facilities,17.1
626,Florida 28th,"Parks, Zoos and Beaches",33.5
626,Florida 28th,Pollution Control,368.41
626,Florida 28th,Primary/Secondary Education,3228.81
626,Florida 28th,Public Higher Education,194.67
626,Florida 28th,Seaports and Marine Terminals,329.2
626,Florida 28th,Solid Waste/Resource Recovery,21.97
626,Florida 28th,Stadiums/Sports Complexes,516.02
626,Florida 28th,Streets and Highways,17.3
626,Florida 28th,Student Housing,842.84
626,Florida 28th,Toll Roads,3517.99
626,Florida 28th,Water Utilities,430.46
626,Florida 28th,Water/Sewer Utilities,3511.62
632,Georgia 1st,Courts and Courtroom Facilities,67.42
632,Georgia 1st,General Purpose/Public Improvements,44.46
632,Georgia 1st,Hospitals,362.94
632,Georgia 1st,Industrial Development,6.86
632,Georgia 1st,Multi-Family Housing,15.4
632,Georgia 1st,Primary/Secondary Education,256.78
632,Georgia 1st,Private Higher Education,148.88
632,Georgia 1st,Seaports and Marine Terminals,1153.31
632,Georgia 1st,Streets and Highways,11.17
632,Georgia 1st,Student Housing,76.28
632,Georgia 1st,Water/Sewer Utilities,46.16
636,Georgia 2nd,Combined Utilities,55.02
636,Georgia 2nd,General Purpose/Public Improvements,141.58
636,Georgia 2nd,Hospitals,1373.46
636,Georgia 2nd,Mass/Rapid Transit,11.1
636,Georgia 2nd,Multi-Family Housing,8.15
636,Georgia 2nd,Nursing Homes,5.92
636,Georgia 2nd,Other Recreation,8.8
636,Georgia 2nd,Primary/Secondary Education,190.72
636,Georgia 2nd,Private Higher Education,181.86
636,Georgia 2nd,Public Higher Education,25.28
636,Georgia 2nd,Redevelopment/Land Clearance,5.36
636,Georgia 2nd,Seaports and Marine Terminals,1153.31
636,Georgia 2nd,Solid Waste/Resource Recovery,10.2
636,Georgia 2nd,Student Housing,93.93
636,Georgia 2nd,Water/Sewer Utilities,249.62
641,Georgia 3rd,Airports,3.04
641,Georgia 3rd,Combined Utilities,1.15
641,Georgia 3rd,Fire Stations and Equipment,2.11
641,Georgia 3rd,General Purpose/Public Improvements,27.4
641,Georgia 3rd,Government and Public Buildings,7.45
641,Georgia 3rd,Hospital Equipment Loans,50
641,Georgia 3rd,Hospitals,2870.54
641,Georgia 3rd,Lifecare/Retirement Centers,15.14
641,Georgia 3rd,Nursing Homes,7.44
641,Georgia 3rd,Primary/Secondary Education,206.68
641,Georgia 3rd,Private Higher Education,37.12
641,Georgia 3rd,Public Higher Education,23.32
641,Georgia 3rd,Stadiums/Sports Complexes,2.58
641,Georgia 3rd,Streets and Highways,9
641,Georgia 3rd,Water Utilities,34.85
641,Georgia 3rd,Water/Sewer Utilities,222.6
646,Georgia 4th,General Purpose/Public Improvements,412.5
646,Georgia 4th,Mass/Rapid Transit,1518.35
646,Georgia 4th,Multi-Family Housing,192.58
646,Georgia 4th,"Parks, Zoos and Beaches",79.32
646,Georgia 4th,Primary/Secondary Education,908.7
646,Georgia 4th,Redevelopment/Land Clearance,38.48
646,Georgia 4th,Senior Housing/Independent Living,105.55
646,Georgia 4th,Water/Sewer Utilities,1664.36
650,Georgia 5th,Airports,1652.38
650,Georgia 5th,Charter Schools,66.34
650,Georgia 5th,Courts and Courtroom Facilities,7.03
650,Georgia 5th,Economic Development,15
650,Georgia 5th,Electric Utilities and Public Power,4741.92
650,Georgia 5th,Fire Stations and Equipment,23.58
650,Georgia 5th,General Purpose/Public Improvements,1656.52
650,Georgia 5th,Government and Public Buildings,44.29
650,Georgia 5th,Higher Education,82.56
650,Georgia 5th,Hospital Equipment Loans,50
650,Georgia 5th,Hospitals,3583.84
650,Georgia 5th,Hotels,439.6
650,Georgia 5th,Libraries and Museums,99.78
650,Georgia 5th,Lifecare/Retirement Centers,70.68
650,Georgia 5th,Mass/Rapid Transit,1725.66
650,Georgia 5th,Multi-Family Housing,299.19
650,Georgia 5th,Other,300
650,Georgia 5th,Other Education,22.96
650,Georgia 5th,Other Recreation,69.44
650,Georgia 5th,Parking Facilities,8.56
650,Georgia 5th,"Parks, Zoos and Beaches",141.1
650,Georgia 5th,Police Stations and Equipment,23.04
650,Georgia 5th,Primary/Secondary Education,382.45
650,Georgia 5th,Private Higher Education,1990.42
650,Georgia 5th,Public Higher Education,603.9
650,Georgia 5th,Redevelopment/Land Clearance,36.26
650,Georgia 5th,Sewer,14.02
650,Georgia 5th,Solid Waste/Resource Recovery,107.44
650,Georgia 5th,Stadiums/Sports Complexes,218.5
650,Georgia 5th,Student Housing,89.52
650,Georgia 5th,Theaters,51.68
650,Georgia 5th,Water Utilities,34.85
650,Georgia 5th,Water/Sewer Utilities,4366.35
655,Georgia 6th,Airports,1533.17
655,Georgia 6th,Civic/Convention Centers,32.94
655,Georgia 6th,Combined Utilities,19.26
655,Georgia 6th,Courts and Courtroom Facilities,14.38
655,Georgia 6th,Economic Development,15
655,Georgia 6th,Electric Utilities and Public Power,4741.92
655,Georgia 6th,Fire Stations and Equipment,23.58
655,Georgia 6th,General Purpose/Public Improvements,1603.87
655,Georgia 6th,Government and Public Buildings,77.75
655,Georgia 6th,Higher Education,13.13
655,Georgia 6th,Hospital Equipment Loans,50
655,Georgia 6th,Hospitals,2686.14
655,Georgia 6th,Libraries and Museums,99.78
655,Georgia 6th,Lifecare/Retirement Centers,192.8
655,Georgia 6th,Mass/Rapid Transit,1725.66
655,Georgia 6th,Multi-Family Housing,100.32
655,Georgia 6th,Other,300
655,Georgia 6th,Other Recreation,84.74
655,Georgia 6th,Parking Facilities,8.56
655,Georgia 6th,"Parks, Zoos and Beaches",83.74
655,Georgia 6th,Police Stations and Equipment,23.04
655,Georgia 6th,Primary/Secondary Education,63.48
655,Georgia 6th,Private Higher Education,43.73
655,Georgia 6th,Public Higher Education,487.15
655,Georgia 6th,Redevelopment/Land Clearance,28.91
655,Georgia 6th,Sewer,14.02
655,Georgia 6th,Solid Waste/Resource Recovery,107.44
655,Georgia 6th,Stadiums/Sports Complexes,218.5
655,Georgia 6th,Theaters,51.68
655,Georgia 6th,Water Utilities,34.85
655,Georgia 6th,Water/Sewer Utilities,3366.22
659,Georgia 7th,Economic Development,15
659,Georgia 7th,General Purpose/Public Improvements,783.38
659,Georgia 7th,Government and Public Buildings,45.72
659,Georgia 7th,Higher Education,13.13
659,Georgia 7th,Hospital Equipment Loans,50
659,Georgia 7th,Hospitals,2863.18
659,Georgia 7th,Libraries and Museums,99.78
659,Georgia 7th,Lifecare/Retirement Centers,16.7
659,Georgia 7th,Mass/Rapid Transit,1537.11
659,Georgia 7th,Multi-Family Housing,100.32
659,Georgia 7th,Other Recreation,45.18
659,Georgia 7th,"Parks, Zoos and Beaches",4.7
659,Georgia 7th,Primary/Secondary Education,905.3
659,Georgia 7th,Private Higher Education,43.73
659,Georgia 7th,Public Higher Education,464.66
659,Georgia 7th,Sewer,5.15
659,Georgia 7th,Stadiums/Sports Complexes,32.06
659,Georgia 7th,Streets and Highways,65.19
659,Georgia 7th,Student Housing,75.36
659,Georgia 7th,Theaters,51.68
659,Georgia 7th,Water Utilities,34.85
659,Georgia 7th,Water/Sewer Utilities,718.33
663,Georgia 8th,Charter Schools,34.44
663,Georgia 8th,Electric Utilities and Public Power,4741.92
663,Georgia 8th,Hospitals,1324.47
663,Georgia 8th,Primary/Secondary Education,378.78
663,Georgia 8th,Public Higher Education,30.99
663,Georgia 8th,Student Housing,58.1
663,Georgia 8th,Water/Sewer Utilities,309.86
668,Georgia 9th,Civic/Convention Centers,7.01
668,Georgia 9th,Courts and Courtroom Facilities,0.75
668,Georgia 9th,General Purpose/Public Improvements,50.6
668,Georgia 9th,Government and Public Buildings,22.11
668,Georgia 9th,Hospitals,1311.04
668,Georgia 9th,Lifecare/Retirement Centers,45.69
668,Georgia 9th,Other Recreation,44.76
668,Georgia 9th,Parking Facilities,8.3
668,Georgia 9th,"Parks, Zoos and Beaches",4.7
668,Georgia 9th,Primary/Secondary Education,1476.34
668,Georgia 9th,Private Higher Education,24.62
668,Georgia 9th,Redevelopment/Land Clearance,40.32
668,Georgia 9th,Sewer,5.15
668,Georgia 9th,Student Housing,97.8
668,Georgia 9th,Water Utilities,78.1
668,Georgia 9th,Water/Sewer Utilities,654.02
672,Georgia 10th,Combined Utilities,47.27
672,Georgia 10th,Courts and Courtroom Facilities,97.89
672,Georgia 10th,General Purpose/Public Improvements,108.41
672,Georgia 10th,Government and Public Buildings,18.8
672,Georgia 10th,Hospital Equipment Loans,50
672,Georgia 10th,Hospitals,3897.4
672,Georgia 10th,Libraries and Museums,10.54
672,Georgia 10th,Lifecare/Retirement Centers,80.16
672,Georgia 10th,Multi-Family Housing,18.56
672,Georgia 10th,Other Transportation,22
672,Georgia 10th,Primary/Secondary Education,797.4
672,Georgia 10th,Public Higher Education,133.36
672,Georgia 10th,Senior Housing/Independent Living,4
672,Georgia 10th,Water Utilities,162.13
672,Georgia 10th,Water/Sewer Utilities,280.97
677,Georgia 11th,Civic/Convention Centers,32.94
677,Georgia 11th,Combined Utilities,3.11
677,Georgia 11th,General Purpose/Public Improvements,9.22
677,Georgia 11th,Hospital Equipment Loans,50
677,Georgia 11th,Hospitals,2613.06
677,Georgia 11th,Lifecare/Retirement Centers,16.7
677,Georgia 11th,Multi-Family Housing,35.06
677,Georgia 11th,Other Recreation,15.3
677,Georgia 11th,Parking Facilities,3.62
677,Georgia 11th,"Parks, Zoos and Beaches",24
677,Georgia 11th,Primary/Secondary Education,408.24
677,Georgia 11th,Private Higher Education,86.86
677,Georgia 11th,Public Higher Education,92.64
677,Georgia 11th,Stadiums/Sports Complexes,52.91
677,Georgia 11th,Student Housing,164.28
677,Georgia 11th,Water Utilities,34.85
677,Georgia 11th,Water/Sewer Utilities,335.78
681,Georgia 12th,Airports,6.68
681,Georgia 12th,Charter Schools,12.5
681,Georgia 12th,Electric Utilities and Public Power,108.16
681,Georgia 12th,General Purpose/Public Improvements,67.9
681,Georgia 12th,Hospitals,501.63
681,Georgia 12th,Multi-Family Housing,14.31
681,Georgia 12th,Pollution Control,218.91
681,Georgia 12th,Primary/Secondary Education,441.3
681,Georgia 12th,Public Higher Education,20.38
681,Georgia 12th,Streets and Highways,1.48
681,Georgia 12th,Student Housing,93.26
681,Georgia 12th,Water/Sewer Utilities,453.78
685,Georgia 13th,Flood Control/Storm Drainage,7.75
685,Georgia 13th,General Purpose/Public Improvements,353.5
685,Georgia 13th,Government and Public Buildings,20.04
685,Georgia 13th,Hospitals,1065.87
685,Georgia 13th,Mass/Rapid Transit,1518.35
685,Georgia 13th,Multi-Family Housing,30.24
685,Georgia 13th,Primary/Secondary Education,1589.48
685,Georgia 13th,Private Higher Education,1898.45
685,Georgia 13th,Redevelopment/Land Clearance,38.48
685,Georgia 13th,Senior Housing/Independent Living,23.78
685,Georgia 13th,Water/Sewer Utilities,598.33
689,Georgia 14th,Combined Utilities,129.3
689,Georgia 14th,Courts and Courtroom Facilities,59.53
689,Georgia 14th,Hospital Equipment Loans,50
689,Georgia 14th,Hospitals,1836.04
689,Georgia 14th,Lifecare/Retirement Centers,98.63
689,Georgia 14th,Multi-Family Housing,11.3
689,Georgia 14th,Parking Facilities,3.62
689,Georgia 14th,Primary/Secondary Education,231.8
689,Georgia 14th,Seaports and Marine Terminals,1153.31
689,Georgia 14th,Water Utilities,36.19
689,Georgia 14th,Water/Sewer Utilities,163.89
693,Hawaii 1st,Airports,9.12
693,Hawaii 1st,Electric Utilities and Public Power,159.78
693,Hawaii 1st,General Purpose/Public Improvements,2332.5
693,Hawaii 1st,Higher Education,14.15
693,Hawaii 1st,Hospitals,598.69
693,Hawaii 1st,Mass/Rapid Transit,1129.76
693,Hawaii 1st,Multi-Family Housing,100.54
693,Hawaii 1st,Other Health Care,16.88
693,Hawaii 1st,Primary/Secondary Education,8.59
693,Hawaii 1st,Private Higher Education,89.9
693,Hawaii 1st,Public Higher Education,249.09
693,Hawaii 1st,Sewer,2519.08
693,Hawaii 1st,Water Utilities,264.78
696,Hawaii 2nd,Airports,9.12
696,Hawaii 2nd,Electric Utilities and Public Power,159.78
696,Hawaii 2nd,General Purpose/Public Improvements,3041.18
696,Hawaii 2nd,Higher Education,14.15
696,Hawaii 2nd,Hospitals,598.69
696,Hawaii 2nd,Mass/Rapid Transit,1129.76
696,Hawaii 2nd,Other Health Care,16.88
696,Hawaii 2nd,Public Higher Education,249.09
696,Hawaii 2nd,Sewer,2628.18
696,Hawaii 2nd,Water Utilities,264.78
699,Iowa 1st,Bridges,5.9
699,Iowa 1st,Civic/Convention Centers,27.1
699,Iowa 1st,Combined Utilities,41.98
699,Iowa 1st,Courts and Courtroom Facilities,27.94
699,Iowa 1st,Electric Utilities and Public Power,23.84
699,Iowa 1st,Fire Stations and Equipment,6.9
699,Iowa 1st,Flood Control/Storm Drainage,1.01
699,Iowa 1st,General Purpose/Public Improvements,980.24
699,Iowa 1st,Government and Public Buildings,7.42
699,Iowa 1st,Hospitals,1665.51
699,Iowa 1st,Industrial Development,838.74
699,Iowa 1st,Libraries and Museums,27.62
699,Iowa 1st,Lifecare/Retirement Centers,43.19
699,Iowa 1st,Other,0.45
699,Iowa 1st,Other Recreation,8.13
699,Iowa 1st,"Parks, Zoos and Beaches",0.26
699,Iowa 1st,Primary/Secondary Education,1332.36
699,Iowa 1st,Private Higher Education,6.86
699,Iowa 1st,Public Higher Education,461.97
699,Iowa 1st,Redevelopment/Land Clearance,8.65
699,Iowa 1st,Sewer,40.54
699,Iowa 1st,Solid Waste/Resource Recovery,5.28
699,Iowa 1st,Stadiums/Sports Complexes,79.19
699,Iowa 1st,Streets and Highways,117.85
699,Iowa 1st,Student Housing,118.91
699,Iowa 1st,Water Utilities,67.74
699,Iowa 1st,Water/Sewer Utilities,14.28
707,Iowa 2nd,Airports,4.46
707,Iowa 2nd,Bridges,6.34
707,Iowa 2nd,Combined Utilities,15.48
707,Iowa 2nd,Courts and Courtroom Facilities,14.5
707,Iowa 2nd,Electric Utilities and Public Power,37.66
707,Iowa 2nd,Fire Stations and Equipment,6.09
707,Iowa 2nd,Flood Control/Storm Drainage,22.72
707,Iowa 2nd,General Purpose/Public Improvements,877.42
707,Iowa 2nd,Government and Public Buildings,5.12
707,Iowa 2nd,Hospitals,687.82
707,Iowa 2nd,Libraries and Museums,4.66
707,Iowa 2nd,Lifecare/Retirement Centers,3
707,Iowa 2nd,Mass/Rapid Transit,10.78
707,Iowa 2nd,Multi-Family Housing,26.9
707,Iowa 2nd,Other Recreation,2.22
707,Iowa 2nd,"Parks, Zoos and Beaches",8.42
707,Iowa 2nd,Police Stations and Equipment,7.16
707,Iowa 2nd,Primary/Secondary Education,1017.96
707,Iowa 2nd,Private Higher Education,241.41
707,Iowa 2nd,Public Higher Education,139.26
707,Iowa 2nd,Redevelopment/Land Clearance,7.1
707,Iowa 2nd,Sanitation,15.94
707,Iowa 2nd,Sewer,82.56
707,Iowa 2nd,Stadiums/Sports Complexes,20.34
707,Iowa 2nd,Streets and Highways,140.64
707,Iowa 2nd,Student Housing,21.96
707,Iowa 2nd,Telecommunications Equipment,21.46
707,Iowa 2nd,Toll Roads,1.45
707,Iowa 2nd,Water Utilities,105.85
707,Iowa 2nd,Water/Sewer Utilities,0.16
716,Iowa 3rd,Airports,1.74
716,Iowa 3rd,Bridges,9.94
716,Iowa 3rd,Courts and Courtroom Facilities,43.63
716,Iowa 3rd,Electric Utilities and Public Power,20.78
716,Iowa 3rd,Fire Stations and Equipment,0.36
716,Iowa 3rd,Flood Control/Storm Drainage,9.5
716,Iowa 3rd,General Purpose/Public Improvements,1472.22
716,Iowa 3rd,Government and Public Buildings,37.96
716,Iowa 3rd,Hospitals,684.21
716,Iowa 3rd,Libraries and Museums,2.92
716,Iowa 3rd,Lifecare/Retirement Centers,51.52
716,Iowa 3rd,Multi-Family Housing,12.6
716,Iowa 3rd,Other,0.78
716,Iowa 3rd,Other Recreation,3.56
716,Iowa 3rd,"Parks, Zoos and Beaches",16.84
716,Iowa 3rd,Police Stations and Equipment,1.35
716,Iowa 3rd,Primary/Secondary Education,1430.9
716,Iowa 3rd,Private Higher Education,231.88
716,Iowa 3rd,Public Higher Education,61.62
716,Iowa 3rd,Redevelopment/Land Clearance,22.02
716,Iowa 3rd,Sanitation,1.5
716,Iowa 3rd,Senior Housing/Independent Living,6
716,Iowa 3rd,Sewer,266.48
716,Iowa 3rd,Solid Waste/Resource Recovery,57.5
716,Iowa 3rd,Streets and Highways,196.44
716,Iowa 3rd,Student Housing,34.86
716,Iowa 3rd,Telecommunications Equipment,4.42
716,Iowa 3rd,Water Utilities,80.93
716,Iowa 3rd,Water/Sewer Utilities,9.31
723,Iowa 4th,Bridges,12.75
723,Iowa 4th,Civic/Convention Centers,2
723,Iowa 4th,Combined Utilities,23.5
723,Iowa 4th,Courts and Courtroom Facilities,15.12
723,Iowa 4th,Economic Development,0.16
723,Iowa 4th,Electric Utilities and Public Power,36.42
723,Iowa 4th,Fire Stations and Equipment,9.7
723,Iowa 4th,GAS,4.5
723,Iowa 4th,General Purpose/Public Improvements,594.13
723,Iowa 4th,Government and Public Buildings,24.04
723,Iowa 4th,Hospitals,787.06
723,Iowa 4th,Libraries and Museums,0.28
723,Iowa 4th,Lifecare/Retirement Centers,62.68
723,Iowa 4th,Mass/Rapid Transit,19.57
723,Iowa 4th,Other Recreation,8.88
723,Iowa 4th,"Parks, Zoos and Beaches",8.68
723,Iowa 4th,Primary/Secondary Education,901.03
723,Iowa 4th,Private Higher Education,36.63
723,Iowa 4th,Public Higher Education,309.02
723,Iowa 4th,Redevelopment/Land Clearance,0.73
723,Iowa 4th,Sanitation,9.05
723,Iowa 4th,Sewer,59.8
723,Iowa 4th,Solid Waste/Resource Recovery,1.09
723,Iowa 4th,Stadiums/Sports Complexes,27.15
723,Iowa 4th,Streets and Highways,100.3
723,Iowa 4th,Student Housing,111.55
723,Iowa 4th,UNKNOWN,0.38
723,Iowa 4th,Water Utilities,144.54
723,Iowa 4th,Water/Sewer Utilities,15.33
732,Iowa 4th,Airports,34.98
732,Iowa 4th,CharterSchools,335.31
732,Iowa 4th,Civic/ConventionCenters,16.26
732,Iowa 4th,CourtsandCourtroomFacilities,62.57
732,Iowa 4th,EconomicDevelopment,24.22
732,Iowa 4th,ElectricUtilitiesandPublicPower,85.86
732,Iowa 4th,FireStationsandEquipment,44.52
732,Iowa 4th,GeneralPurpose/PublicImprovements,455.24
732,Iowa 4th,GovernmentandPublicBuildings,4.66
732,Iowa 4th,Hospitals,1086.5
732,Iowa 4th,IndustrialDevelopment,19.88
732,Iowa 4th,LibrariesandMuseums,9.96
732,Iowa 4th,Lifecare/RetirementCenters,95.38
732,Iowa 4th,Malls/ShoppingCenters,1.94
732,Iowa 4th,Multi-FamilyHousing,8.23
732,Iowa 4th,NursingHomes,31.89
732,Iowa 4th,"Parks,ZoosandBeaches",22.55
732,Iowa 4th,Primary/SecondaryEducation,1947.07
732,Iowa 4th,PrivateHigherEducation,27
732,Iowa 4th,PublicHigherEducation,373.1
732,Iowa 4th,Sewer,167.58
732,Iowa 4th,SingleFamilyHousing,1602.59
732,Iowa 4th,SolidWaste/ResourceRecovery,15.1
732,Iowa 4th,StreetsandHighways,1287.36
732,Iowa 4th,StudentHousing,43.12
732,Iowa 4th,StudentLoans,5
732,Iowa 4th,WaterUtilities,27.54
732,Iowa 4th,Water/SewerUtilities,18.69
734,Idaho 1st,Charter Schools,77.63
734,Idaho 1st,Courts and Courtroom Facilities,42.19
734,Idaho 1st,Electric Utilities and Public Power,53.28
734,Idaho 1st,Fire Stations and Equipment,11.22
734,Idaho 1st,General Purpose/Public Improvements,41.29
734,Idaho 1st,Government and Public Buildings,4.66
734,Idaho 1st,Hospitals,952.72
734,Idaho 1st,Libraries and Museums,3.9
734,Idaho 1st,Lifecare/Retirement Centers,17.18
734,Idaho 1st,Multi-Family Housing,8.03
734,Idaho 1st,Primary/Secondary Education,551.88
734,Idaho 1st,Private Higher Education,27
734,Idaho 1st,Public Higher Education,151.04
734,Idaho 1st,Sewer,21.84
734,Idaho 1st,Water Utilities,0.32
738,Idaho 2nd,Airports,34.98
738,Idaho 2nd,Charter Schools,69.28
738,Idaho 2nd,Courts and Courtroom Facilities,2.6
738,Idaho 2nd,Electric Utilities and Public Power,53.28
738,Idaho 2nd,Fire Stations and Equipment,18.18
738,Idaho 2nd,General Purpose/Public Improvements,52.1
738,Idaho 2nd,Hospitals,991.05
738,Idaho 2nd,Lifecare/Retirement Centers,92.22
738,Idaho 2nd,Primary/Secondary Education,517.77
738,Idaho 2nd,Public Higher Education,183.78
738,Idaho 2nd,Sewer,123.96
738,Idaho 2nd,Student Housing,43.12
738,Idaho 2nd,Water Utilities,0.32
742,Illinois 1st,Bridges,14.25
742,Illinois 1st,Charter Schools,175.73
742,Illinois 1st,Civic/Convention Centers,3966.71
742,Illinois 1st,Courts and Courtroom Facilities,50.02
742,Illinois 1st,Economic Development,51.44
742,Illinois 1st,Fire Stations and Equipment,7.46
742,Illinois 1st,Flood Control/Storm Drainage,352.4
742,Illinois 1st,GAS,133.44
742,Illinois 1st,General Purpose/Public Improvements,10292.22
742,Illinois 1st,Higher Education,196.5
742,Illinois 1st,Hospitals,1816.91
742,Illinois 1st,Industrial Development,5.65
742,Illinois 1st,LD PRESERVTN,46.22
742,Illinois 1st,Libraries and Museums,45.19
742,Illinois 1st,Lifecare/Retirement Centers,85.76
742,Illinois 1st,Mass/Rapid Transit,2962.82
742,Illinois 1st,Multi-Family Housing,238.46
742,Illinois 1st,Other,533.7
742,Illinois 1st,Other Recreation,33.85
742,Illinois 1st,Other Transportation,299.8
742,Illinois 1st,"Parks, Zoos and Beaches",1113.41
742,Illinois 1st,Police Stations and Equipment,9.44
742,Illinois 1st,Primary/Secondary Education,9137.85
742,Illinois 1st,Private Higher Education,2257.74
742,Illinois 1st,Public Higher Education,389.9
742,Illinois 1st,Redevelopment/Land Clearance,31.2
742,Illinois 1st,Seaports and Marine Terminals,139.66
742,Illinois 1st,Senior Housing/Independent Living,0.23
742,Illinois 1st,Sewer,1509.21
742,Illinois 1st,Solid Waste/Resource Recovery,0
742,Illinois 1st,Stadiums/Sports Complexes,105.74
742,Illinois 1st,Streets and Highways,7.56
742,Illinois 1st,Theaters,1.4
742,Illinois 1st,Toll Roads,6206.16
742,Illinois 1st,VETERANS,1.54
742,Illinois 1st,Water Utilities,1671.58
742,Illinois 1st,Water/Sewer Utilities,347.52
750,Illinois 2nd,Charter Schools,69.96
750,Illinois 2nd,Fire Stations and Equipment,1.57
750,Illinois 2nd,General Purpose/Public Improvements,185.34
750,Illinois 2nd,Government and Public Buildings,15.74
750,Illinois 2nd,Higher Education,9.48
750,Illinois 2nd,Hospitals,1998.92
750,Illinois 2nd,Human Services,0.5
750,Illinois 2nd,Industrial Development,12.55
750,Illinois 2nd,Lifecare/Retirement Centers,59.72
750,Illinois 2nd,Mass/Rapid Transit,927.16
750,Illinois 2nd,Multi-Family Housing,144.22
750,Illinois 2nd,Other Recreation,5.18
750,Illinois 2nd,Other Transportation,299.8
750,Illinois 2nd,"Parks, Zoos and Beaches",23.33
750,Illinois 2nd,Police Stations and Equipment,2.39
750,Illinois 2nd,Primary/Secondary Education,552.37
750,Illinois 2nd,Public Higher Education,149.86
750,Illinois 2nd,Redevelopment/Land Clearance,2.82
750,Illinois 2nd,Senior Housing/Independent Living,13.7
750,Illinois 2nd,Sewer,14.46
750,Illinois 2nd,Stadiums/Sports Complexes,40.46
750,Illinois 2nd,Streets and Highways,25.2
750,Illinois 2nd,Toll Roads,6206.16
750,Illinois 2nd,Water Utilities,4.42
750,Illinois 2nd,Water/Sewer Utilities,26.62
756,Illinois 3rd,Bridges,20.82
756,Illinois 3rd,Charter Schools,113.6
756,Illinois 3rd,Civic/Convention Centers,3726.2
756,Illinois 3rd,Courts and Courtroom Facilities,14.46
756,Illinois 3rd,Economic Development,51.44
756,Illinois 3rd,Fire Stations and Equipment,24.9
756,Illinois 3rd,Flood Control/Storm Drainage,352.4
756,Illinois 3rd,GAS,100
756,Illinois 3rd,General Purpose/Public Improvements,9968.74
756,Illinois 3rd,Higher Education,194.46
756,Illinois 3rd,Hospitals,1958.58
756,Illinois 3rd,Industrial Development,4
756,Illinois 3rd,LD PRESERVTN,146.86
756,Illinois 3rd,Libraries and Museums,38.33
756,Illinois 3rd,Lifecare/Retirement Centers,60.47
756,Illinois 3rd,Mass/Rapid Transit,2962.82
756,Illinois 3rd,Multi-Family Housing,193.56
756,Illinois 3rd,Other,533.7
756,Illinois 3rd,Other Recreation,28.68
756,Illinois 3rd,Other Transportation,299.8
756,Illinois 3rd,"Parks, Zoos and Beaches",1171.04
756,Illinois 3rd,Police Stations and Equipment,15.01
756,Illinois 3rd,Primary/Secondary Education,9092.35
756,Illinois 3rd,Public Higher Education,556.82
756,Illinois 3rd,Redevelopment/Land Clearance,28.38
756,Illinois 3rd,Seaports and Marine Terminals,133.81
756,Illinois 3rd,Senior Housing/Independent Living,18.12
756,Illinois 3rd,Sewer,1506.93
756,Illinois 3rd,Solid Waste/Resource Recovery,0
756,Illinois 3rd,Streets and Highways,10.04
756,Illinois 3rd,Theaters,1.4
756,Illinois 3rd,Toll Roads,6206.16
756,Illinois 3rd,Water Utilities,1703.54
756,Illinois 3rd,Water/Sewer Utilities,333.04
762,Illinois 4th,Airports,482.44
762,Illinois 4th,Bridges,20.82
762,Illinois 4th,Charter Schools,35.5
762,Illinois 4th,Civic/Convention Centers,3726.2
762,Illinois 4th,Courts and Courtroom Facilities,14.46
762,Illinois 4th,Economic Development,51.44
762,Illinois 4th,Fire Stations and Equipment,17.18
762,Illinois 4th,Flood Control/Storm Drainage,352.4
762,Illinois 4th,GAS,100
762,Illinois 4th,General Purpose/Public Improvements,10000.87
762,Illinois 4th,Higher Education,194.46
762,Illinois 4th,Hospitals,1160.66
762,Illinois 4th,Industrial Development,4
762,Illinois 4th,LD PRESERVTN,146.86
762,Illinois 4th,Libraries and Museums,40.05
762,Illinois 4th,Lifecare/Retirement Centers,255.88
762,Illinois 4th,Mass/Rapid Transit,2962.82
762,Illinois 4th,Multi-Family Housing,139.89
762,Illinois 4th,Other,535.8
762,Illinois 4th,Other Recreation,28.68
762,Illinois 4th,Other Transportation,300.48
762,Illinois 4th,"Parks, Zoos and Beaches",1176.35
762,Illinois 4th,Police Stations and Equipment,4.42
762,Illinois 4th,Primary/Secondary Education,9424.75
762,Illinois 4th,Public Higher Education,469.39
762,Illinois 4th,Redevelopment/Land Clearance,34.28
762,Illinois 4th,Seaports and Marine Terminals,133.81
762,Illinois 4th,Senior Housing/Independent Living,18.12
762,Illinois 4th,Sewer,1507.87
762,Illinois 4th,Solid Waste/Resource Recovery,0
762,Illinois 4th,Streets and Highways,71.14
762,Illinois 4th,Theaters,1.4
762,Illinois 4th,Toll Roads,6206.16
762,Illinois 4th,Water Utilities,1667.76
762,Illinois 4th,Water/Sewer Utilities,336.26
769,Illinois 5th,Airports,5435.01
769,Illinois 5th,Bridges,14.25
769,Illinois 5th,Charter Schools,43.44
769,Illinois 5th,Civic/Convention Centers,3726.2
769,Illinois 5th,Economic Development,51.44
769,Illinois 5th,Fire Stations and Equipment,9.3
769,Illinois 5th,Flood Control/Storm Drainage,352.4
769,Illinois 5th,GAS,100
769,Illinois 5th,General Purpose/Public Improvements,10093.01
769,Illinois 5th,Government and Public Buildings,40.08
769,Illinois 5th,Higher Education,194.46
769,Illinois 5th,Hospitals,2771.25
769,Illinois 5th,Industrial Development,4
769,Illinois 5th,LD PRESERVTN,131.04
769,Illinois 5th,Libraries and Museums,33.51
769,Illinois 5th,Lifecare/Retirement Centers,199.52
769,Illinois 5th,Mass/Rapid Transit,2962.82
769,Illinois 5th,Multi-Family Housing,361.14
769,Illinois 5th,Other,533.7
769,Illinois 5th,Other Recreation,28.68
769,Illinois 5th,Other Transportation,299.8
769,Illinois 5th,"Parks, Zoos and Beaches",1157.36
769,Illinois 5th,Police Stations and Equipment,23.04
769,Illinois 5th,Primary/Secondary Education,9303.1
769,Illinois 5th,Private Higher Education,230.94
769,Illinois 5th,Public Higher Education,444.37
769,Illinois 5th,Redevelopment/Land Clearance,28.38
769,Illinois 5th,Seaports and Marine Terminals,133.81
769,Illinois 5th,Sewer,1501.41
769,Illinois 5th,Solid Waste/Resource Recovery,0
769,Illinois 5th,Streets and Highways,0.96
769,Illinois 5th,Student Housing,35.42
769,Illinois 5th,Theaters,1.4
769,Illinois 5th,Toll Roads,6206.16
769,Illinois 5th,Water Utilities,1705.84
769,Illinois 5th,Water/Sewer Utilities,379.22
775,Illinois 6th,Civic/Convention Centers,5.71
775,Illinois 6th,Courts and Courtroom Facilities,14.46
775,Illinois 6th,Economic Development,50.84
775,Illinois 6th,Fire Stations and Equipment,17.18
775,Illinois 6th,Flood Control/Storm Drainage,362.6
775,Illinois 6th,General Purpose/Public Improvements,2282.34
775,Illinois 6th,Government and Public Buildings,13.16
775,Illinois 6th,Hospitals,2338.72
775,Illinois 6th,LD PRESERVTN,146.86
775,Illinois 6th,Libraries and Museums,46.8
775,Illinois 6th,Lifecare/Retirement Centers,61.22
775,Illinois 6th,Malls/Shopping Centers,0.84
775,Illinois 6th,Mass/Rapid Transit,2962.82
775,Illinois 6th,Multi-Family Housing,33
775,Illinois 6th,Other,100.14
775,Illinois 6th,Other Transportation,299.8
775,Illinois 6th,"Parks, Zoos and Beaches",433.39
775,Illinois 6th,Primary/Secondary Education,1003.29
775,Illinois 6th,Public Higher Education,122.39
775,Illinois 6th,Redevelopment/Land Clearance,10.8
775,Illinois 6th,Sewer,309.12
775,Illinois 6th,Streets and Highways,50.8
775,Illinois 6th,Theaters,1.4
775,Illinois 6th,Toll Roads,6206.16
775,Illinois 6th,Water Utilities,63.24
775,Illinois 6th,Water/Sewer Utilities,345.01
782,Illinois 7th,Bridges,14.25
782,Illinois 7th,Charter Schools,137.34
782,Illinois 7th,Civic/Convention Centers,3726.2
782,Illinois 7th,Economic Development,76.44
782,Illinois 7th,Fire Stations and Equipment,3.04
782,Illinois 7th,Flood Control/Storm Drainage,352.4
782,Illinois 7th,GAS,100
782,Illinois 7th,General Purpose/Public Improvements,9936.12
782,Illinois 7th,Government and Public Buildings,9.9
782,Illinois 7th,Higher Education,236.65
782,Illinois 7th,Hospitals,2757.76
782,Illinois 7th,Industrial Development,4
782,Illinois 7th,LD PRESERVTN,37.37
782,Illinois 7th,Libraries and Museums,202.78
782,Illinois 7th,Mass/Rapid Transit,2962.82
782,Illinois 7th,Multi-Family Housing,336.34
782,Illinois 7th,Other,533.7
782,Illinois 7th,Other Recreation,28.68
782,Illinois 7th,Other Transportation,299.8
782,Illinois 7th,Parking Facilities,7.26
782,Illinois 7th,"Parks, Zoos and Beaches",1052.49
782,Illinois 7th,Primary/Secondary Education,8757.85
782,Illinois 7th,Private Higher Education,358.81
782,Illinois 7th,Public Higher Education,1570.47
782,Illinois 7th,Redevelopment/Land Clearance,28.38
782,Illinois 7th,Seaports and Marine Terminals,133.81
782,Illinois 7th,Sewer,1498.83
782,Illinois 7th,Solid Waste/Resource Recovery,0
782,Illinois 7th,Streets and Highways,22.94
782,Illinois 7th,Theaters,146.62
782,Illinois 7th,Toll Roads,6206.16
782,Illinois 7th,Water Utilities,1666.02
782,Illinois 7th,Water/Sewer Utilities,328.06
788,Illinois 8th,Civic/Convention Centers,6.59
788,Illinois 8th,Combined Utilities,1.12
788,Illinois 8th,Courts and Courtroom Facilities,14.46
788,Illinois 8th,Fire Stations and Equipment,33.42
788,Illinois 8th,Flood Control/Storm Drainage,360.12
788,Illinois 8th,General Purpose/Public Improvements,2694.36
788,Illinois 8th,Government and Public Buildings,6.14
788,Illinois 8th,Hospitals,1235.46
788,Illinois 8th,LD PRESERVTN,213.78
788,Illinois 8th,Libraries and Museums,67.32
788,Illinois 8th,Lifecare/Retirement Centers,176.04
788,Illinois 8th,Mass/Rapid Transit,927.16
788,Illinois 8th,Multi-Family Housing,10.96
788,Illinois 8th,Other,119.94
788,Illinois 8th,Other Transportation,299.8
788,Illinois 8th,Parking Facilities,8.41
788,Illinois 8th,"Parks, Zoos and Beaches",437.88
788,Illinois 8th,Primary/Secondary Education,565.12
788,Illinois 8th,Public Higher Education,432.96
788,Illinois 8th,Redevelopment/Land Clearance,3.42
788,Illinois 8th,Sewer,306.43
788,Illinois 8th,Streets and Highways,11.6
788,Illinois 8th,Theaters,1.4
788,Illinois 8th,Toll Roads,6206.16
788,Illinois 8th,Water Utilities,74.64
788,Illinois 8th,Water/Sewer Utilities,364.55
794,Illinois 9th,Bridges,14.25
794,Illinois 9th,Charter Schools,35.5
794,Illinois 9th,Civic/Convention Centers,3726.2
794,Illinois 9th,Combined Utilities,5.48
794,Illinois 9th,Economic Development,51.44
794,Illinois 9th,Fire Stations and Equipment,9.3
794,Illinois 9th,Flood Control/Storm Drainage,352.4
794,Illinois 9th,GAS,100
794,Illinois 9th,General Purpose/Public Improvements,10394.99
794,Illinois 9th,Higher Education,194.46
794,Illinois 9th,Hospitals,1470.59
794,Illinois 9th,Industrial Development,4
794,Illinois 9th,LD PRESERVTN,131.04
794,Illinois 9th,Libraries and Museums,66.3
794,Illinois 9th,Lifecare/Retirement Centers,279.32
794,Illinois 9th,Mass/Rapid Transit,2965.82
794,Illinois 9th,Multi-Family Housing,167.89
794,Illinois 9th,Other,533.7
794,Illinois 9th,Other Recreation,28.68
794,Illinois 9th,Other Transportation,299.8
794,Illinois 9th,"Parks, Zoos and Beaches",1164.53
794,Illinois 9th,Primary/Secondary Education,9588.54
794,Illinois 9th,Private Higher Education,381.74
794,Illinois 9th,Public Higher Education,581.13
794,Illinois 9th,Redevelopment/Land Clearance,50.61
794,Illinois 9th,Seaports and Marine Terminals,133.81
794,Illinois 9th,Sewer,1507.16
794,Illinois 9th,Solid Waste/Resource Recovery,0
794,Illinois 9th,Streets and Highways,3.38
794,Illinois 9th,Theaters,1.4
794,Illinois 9th,Toll Roads,6206.16
794,Illinois 9th,Water Utilities,1693.24
794,Illinois 9th,Water/Sewer Utilities,404.61
801,Illinois 10th,Charter Schools,26.52
801,Illinois 10th,Fire Stations and Equipment,9.3
801,Illinois 10th,Flood Control/Storm Drainage,361.26
801,Illinois 10th,General Purpose/Public Improvements,2456.76
801,Illinois 10th,Government and Public Buildings,5.81
801,Illinois 10th,Hospitals,1718.52
801,Illinois 10th,LD PRESERVTN,131.04
801,Illinois 10th,Libraries and Museums,44.96
801,Illinois 10th,Lifecare/Retirement Centers,136.16
801,Illinois 10th,Mass/Rapid Transit,927.16
801,Illinois 10th,Multi-Family Housing,67.07
801,Illinois 10th,Other,100.14
801,Illinois 10th,Other Transportation,299.8
801,Illinois 10th,"Parks, Zoos and Beaches",480.49
801,Illinois 10th,Primary/Secondary Education,1137.35
801,Illinois 10th,Private Higher Education,127.72
801,Illinois 10th,Public Higher Education,57.88
801,Illinois 10th,Redevelopment/Land Clearance,0.95
801,Illinois 10th,Sewer,318.81
801,Illinois 10th,Stadiums/Sports Complexes,2.92
801,Illinois 10th,Streets and Highways,38.78
801,Illinois 10th,Theaters,1.4
801,Illinois 10th,Toll Roads,6206.16
801,Illinois 10th,Water Utilities,47.74
801,Illinois 10th,Water/Sewer Utilities,418.07
808,Illinois 11th,Combined Utilities,5.48
808,Illinois 11th,Courts and Courtroom Facilities,45.87
808,Illinois 11th,Economic Development,5.32
808,Illinois 11th,Electric Utilities and Public Power,253.28
808,Illinois 11th,Fire Stations and Equipment,47.02
808,Illinois 11th,General Purpose/Public Improvements,544.97
808,Illinois 11th,Government and Public Buildings,0.62
808,Illinois 11th,Hospitals,2263.92
808,Illinois 11th,LD PRESERVTN,176.41
808,Illinois 11th,Libraries and Museums,90.27
808,Illinois 11th,Lifecare/Retirement Centers,211.14
808,Illinois 11th,Mass/Rapid Transit,927.16
808,Illinois 11th,Multi-Family Housing,43.75
808,Illinois 11th,Nursing Homes,12.09
808,Illinois 11th,OTHER HSG,12.78
808,Illinois 11th,Other Transportation,299.8
808,Illinois 11th,"Parks, Zoos and Beaches",169.84
808,Illinois 11th,Police Stations and Equipment,1.54
808,Illinois 11th,Primary/Secondary Education,877.83
808,Illinois 11th,Private Higher Education,88.94
808,Illinois 11th,Public Higher Education,295.97
808,Illinois 11th,Redevelopment/Land Clearance,5.25
808,Illinois 11th,Sewer,2.44
808,Illinois 11th,Stadiums/Sports Complexes,6.36
808,Illinois 11th,Streets and Highways,8.72
808,Illinois 11th,Toll Roads,6206.16
808,Illinois 11th,VETERANS,1.54
808,Illinois 11th,Water Utilities,13.99
808,Illinois 11th,Water/Sewer Utilities,89.7
814,Illinois 12th,Civic/Convention Centers,0.71
814,Illinois 12th,Courts and Courtroom Facilities,26.88
814,Illinois 12th,Electric Utilities and Public Power,2.82
814,Illinois 12th,Fire Stations and Equipment,11.86
814,Illinois 12th,Flood Control/Storm Drainage,96.62
814,Illinois 12th,General Purpose/Public Improvements,139.99
814,Illinois 12th,Hospitals,1163.96
814,Illinois 12th,Hotels,26.06
814,Illinois 12th,Lifecare/Retirement Centers,42.74
814,Illinois 12th,Multi-Family Housing,26.05
814,Illinois 12th,Nursing Homes,0.24
814,Illinois 12th,Other Recreation,7.96
814,Illinois 12th,"Parks, Zoos and Beaches",16.02
814,Illinois 12th,Police Stations and Equipment,8.75
814,Illinois 12th,Primary/Secondary Education,631.29
814,Illinois 12th,Public Higher Education,195.96
814,Illinois 12th,Redevelopment/Land Clearance,43.9
814,Illinois 12th,Sewer,3.27
814,Illinois 12th,Streets and Highways,2.58
814,Illinois 12th,Water Utilities,8.06
814,Illinois 12th,Water/Sewer Utilities,12.63
820,Illinois 13th,Courts and Courtroom Facilities,22.44
820,Illinois 13th,Electric Utilities and Public Power,821.24
820,Illinois 13th,Fire Stations and Equipment,2.49
820,Illinois 13th,Flood Control/Storm Drainage,107.92
820,Illinois 13th,General Purpose/Public Improvements,253.16
820,Illinois 13th,Government and Public Buildings,17.85
820,Illinois 13th,Higher Education,0.04
820,Illinois 13th,Hospitals,1514.13
820,Illinois 13th,Hotels,26.06
820,Illinois 13th,Libraries and Museums,0.97
820,Illinois 13th,Lifecare/Retirement Centers,42.74
820,Illinois 13th,Multi-Family Housing,53.44
820,Illinois 13th,"Parks, Zoos and Beaches",57.32
820,Illinois 13th,Primary/Secondary Education,1137.99
820,Illinois 13th,Public Higher Education,1358.94
820,Illinois 13th,Redevelopment/Land Clearance,48.7
820,Illinois 13th,Sewer,144.62
820,Illinois 13th,Streets and Highways,7.92
820,Illinois 13th,Water Utilities,64.65
820,Illinois 13th,Water/Sewer Utilities,47.3
825,Illinois 14th,Courts and Courtroom Facilities,81.44
825,Illinois 14th,Economic Development,5.32
825,Illinois 14th,Electric Utilities and Public Power,1.11
825,Illinois 14th,Fire Stations and Equipment,7.86
825,Illinois 14th,GAS,33.44
825,Illinois 14th,General Purpose/Public Improvements,502.71
825,Illinois 14th,Government and Public Buildings,2.19
825,Illinois 14th,Hospitals,3552.71
825,Illinois 14th,LD PRESERVTN,21.78
825,Illinois 14th,Libraries and Museums,31.44
825,Illinois 14th,Mass/Rapid Transit,927.16
825,Illinois 14th,Multi-Family Housing,37.88
825,Illinois 14th,Nursing Homes,12.09
825,Illinois 14th,Other,0.28
825,Illinois 14th,Other Recreation,1.34
825,Illinois 14th,Other Transportation,299.8
825,Illinois 14th,"Parks, Zoos and Beaches",85.41
825,Illinois 14th,Police Stations and Equipment,50.96
825,Illinois 14th,Primary/Secondary Education,1315.38
825,Illinois 14th,Private Higher Education,58.36
825,Illinois 14th,Public Higher Education,363.54
825,Illinois 14th,Redevelopment/Land Clearance,103.38
825,Illinois 14th,Seaports and Marine Terminals,5.84
825,Illinois 14th,Single Family Housing,5.28
825,Illinois 14th,Stadiums/Sports Complexes,6.52
825,Illinois 14th,Streets and Highways,17.86
825,Illinois 14th,Toll Roads,6206.16
825,Illinois 14th,Water Utilities,23.74
825,Illinois 14th,Water/Sewer Utilities,36.84
831,Illinois 15th,Courts and Courtroom Facilities,44.05
831,Illinois 15th,Electric Utilities and Public Power,0.86
831,Illinois 15th,Fire Stations and Equipment,1.08
831,Illinois 15th,General Purpose/Public Improvements,107.6
831,Illinois 15th,Government and Public Buildings,20.37
831,Illinois 15th,Hospitals,1989.52
831,Illinois 15th,Libraries and Museums,0.97
831,Illinois 15th,Lifecare/Retirement Centers,42.74
831,Illinois 15th,Nursing Homes,0.7
831,Illinois 15th,"Parks, Zoos and Beaches",47.9
831,Illinois 15th,Police Stations and Equipment,3.2
831,Illinois 15th,Primary/Secondary Education,869.75
831,Illinois 15th,Private Higher Education,15
831,Illinois 15th,Public Higher Education,174.84
831,Illinois 15th,Sewer,110.74
831,Illinois 15th,Streets and Highways,32.42
831,Illinois 15th,Water Utilities,49.04
831,Illinois 15th,Water/Sewer Utilities,72.3
837,Illinois 16th,Bridges,0.84
837,Illinois 16th,Civic/Convention Centers,1.26
837,Illinois 16th,Courts and Courtroom Facilities,29.46
837,Illinois 16th,Electric Utilities and Public Power,235.18
837,Illinois 16th,Fire Stations and Equipment,6.96
837,Illinois 16th,Flood Control/Storm Drainage,4.74
837,Illinois 16th,General Purpose/Public Improvements,253.07
837,Illinois 16th,Government and Public Buildings,37.14
837,Illinois 16th,Hospitals,2589.46
837,Illinois 16th,Hotels,1.66
837,Illinois 16th,LD PRESERVTN,0.96
837,Illinois 16th,Libraries and Museums,25.44
837,Illinois 16th,Lifecare/Retirement Centers,32.16
837,Illinois 16th,Mass/Rapid Transit,2.04
837,Illinois 16th,Other,0.16
837,Illinois 16th,Other Health Care,4.54
837,Illinois 16th,Other Recreation,0.54
837,Illinois 16th,Other Transportation,2.2
837,Illinois 16th,Parking Facilities,3.96
837,Illinois 16th,"Parks, Zoos and Beaches",33.63
837,Illinois 16th,Police Stations and Equipment,51.3
837,Illinois 16th,Primary/Secondary Education,917.99
837,Illinois 16th,Public Higher Education,242.88
837,Illinois 16th,Redevelopment/Land Clearance,5.55
837,Illinois 16th,Sewer,7.84
837,Illinois 16th,Streets and Highways,7.56
837,Illinois 16th,Student Housing,14.82
837,Illinois 16th,Toll Roads,6206.16
837,Illinois 16th,Water Utilities,15.01
837,Illinois 16th,Water/Sewer Utilities,18.61
844,Illinois 17th,Airports,25.1
844,Illinois 17th,Bridges,0.84
844,Illinois 17th,Civic/Convention Centers,5.91
844,Illinois 17th,Electric Utilities and Public Power,4.66
844,Illinois 17th,Fire Stations and Equipment,6.64
844,Illinois 17th,Flood Control/Storm Drainage,1.31
844,Illinois 17th,General Purpose/Public Improvements,304.1
844,Illinois 17th,Government and Public Buildings,19.3
844,Illinois 17th,Hospitals,2549.56
844,Illinois 17th,Libraries and Museums,21.3
844,Illinois 17th,Lifecare/Retirement Centers,39.67
844,Illinois 17th,Nursing Homes,4.87
844,Illinois 17th,Other Transportation,2.2
844,Illinois 17th,Parking Facilities,3.96
844,Illinois 17th,"Parks, Zoos and Beaches",16.15
844,Illinois 17th,Police Stations and Equipment,23.34
844,Illinois 17th,Primary/Secondary Education,631.34
844,Illinois 17th,Private Higher Education,233.8
844,Illinois 17th,Public Higher Education,366.88
844,Illinois 17th,Redevelopment/Land Clearance,13.65
844,Illinois 17th,Sewer,16.37
844,Illinois 17th,Stadiums/Sports Complexes,1.42
844,Illinois 17th,Streets and Highways,6.7
844,Illinois 17th,Telecommunications Equipment,2.1
844,Illinois 17th,Toll Roads,6206.16
844,Illinois 17th,Water Utilities,13.36
844,Illinois 17th,Water/Sewer Utilities,7.98
849,Indiana 1st,Airports,21.6
849,Indiana 1st,Charter Schools,12.88
849,Indiana 1st,Courts and Courtroom Facilities,32.44
849,Indiana 1st,Economic Development,13.13
849,Indiana 1st,Flood Control/Storm Drainage,13.3
849,Indiana 1st,General Purpose/Public Improvements,121.71
849,Indiana 1st,Government and Public Buildings,23
849,Indiana 1st,Higher Education,11.2
849,Indiana 1st,Hospitals,882.07
849,Indiana 1st,Libraries and Museums,12
849,Indiana 1st,Lifecare/Retirement Centers,36.78
849,Indiana 1st,Mass/Rapid Transit,212.02
849,Indiana 1st,Multi-Family Housing,23.96
849,Indiana 1st,Other,2.64
849,Indiana 1st,"Parks, Zoos and Beaches",8.16
849,Indiana 1st,Primary/Secondary Education,1648.6
849,Indiana 1st,Private Higher Education,77.04
849,Indiana 1st,Public Higher Education,835.22
849,Indiana 1st,Redevelopment/Land Clearance,31.94
849,Indiana 1st,Sanitation,23.5
849,Indiana 1st,Sewer,114.12
849,Indiana 1st,Streets and Highways,19.82
849,Indiana 1st,Water Utilities,90.41
855,Indiana 2nd,Airports,1.28
855,Indiana 2nd,Courts and Courtroom Facilities,71.77
855,Indiana 2nd,Economic Development,4.46
855,Indiana 2nd,Electric Utilities and Public Power,25.38
855,Indiana 2nd,Fire Stations and Equipment,1.92
855,Indiana 2nd,Flood Control/Storm Drainage,1.16
855,Indiana 2nd,General Purpose/Public Improvements,54.8
855,Indiana 2nd,Government and Public Buildings,40.81
855,Indiana 2nd,Hospitals,419.31
855,Indiana 2nd,Libraries and Museums,48.03
855,Indiana 2nd,Lifecare/Retirement Centers,82.43
855,Indiana 2nd,Mass/Rapid Transit,212.02
855,Indiana 2nd,Multi-Family Housing,8
855,Indiana 2nd,Other,0.48
855,Indiana 2nd,Other Health Care,196.76
855,Indiana 2nd,Other Transportation,4.9
855,Indiana 2nd,"Parks, Zoos and Beaches",17.21
855,Indiana 2nd,Pollution Control,267.12
855,Indiana 2nd,Primary/Secondary Education,1392.39
855,Indiana 2nd,Private Higher Education,79.48
855,Indiana 2nd,Public Higher Education,683.22
855,Indiana 2nd,Redevelopment/Land Clearance,35.88
855,Indiana 2nd,Senior Housing/Independent Living,15.9
855,Indiana 2nd,Sewer,178.68
855,Indiana 2nd,Solid Waste/Resource Recovery,127.12
855,Indiana 2nd,Stadiums/Sports Complexes,44.86
855,Indiana 2nd,Streets and Highways,2.01
855,Indiana 2nd,Theaters,5.91
855,Indiana 2nd,Water Utilities,75.2
862,Indiana 3rd,Bridges,8.38
862,Indiana 3rd,Civic/Convention Centers,15.5
862,Indiana 3rd,Courts and Courtroom Facilities,7.76
862,Indiana 3rd,Electric Utilities and Public Power,43.16
862,Indiana 3rd,Fire Stations and Equipment,1.24
862,Indiana 3rd,Flood Control/Storm Drainage,4.08
862,Indiana 3rd,General Purpose/Public Improvements,46.21
862,Indiana 3rd,Hospitals,2645.34
862,Indiana 3rd,Libraries and Museums,13.64
862,Indiana 3rd,Lifecare/Retirement Centers,184.02
862,Indiana 3rd,Multi-Family Housing,7.6
862,Indiana 3rd,Parking Facilities,13.45
862,Indiana 3rd,"Parks, Zoos and Beaches",3.26
862,Indiana 3rd,Pollution Control,267.12
862,Indiana 3rd,Primary/Secondary Education,1253.48
862,Indiana 3rd,Public Higher Education,835.22
862,Indiana 3rd,Redevelopment/Land Clearance,26.76
862,Indiana 3rd,Sewer,158.02
862,Indiana 3rd,Solid Waste/Resource Recovery,127.12
862,Indiana 3rd,Water Utilities,113.11
862,Indiana 3rd,Water/Sewer Utilities,1.93
862,Indiana 3rd,NA,4.16
868,Indiana 4th,Airports,0.44
868,Indiana 4th,Courts and Courtroom Facilities,15.06
868,Indiana 4th,Economic Development,1.84
868,Indiana 4th,Electric Utilities and Public Power,20.46
868,Indiana 4th,Fire Stations and Equipment,8.27
868,Indiana 4th,Flood Control/Storm Drainage,9.26
868,Indiana 4th,GAS,2.76
868,Indiana 4th,General Purpose/Public Improvements,57.6
868,Indiana 4th,Government and Public Buildings,46.47
868,Indiana 4th,Hospitals,3031.62
868,Indiana 4th,Libraries and Museums,19.2
868,Indiana 4th,Multi-Family Housing,1
868,Indiana 4th,Other,20.42
868,Indiana 4th,"Parks, Zoos and Beaches",25.66
868,Indiana 4th,Police Stations and Equipment,5.03
868,Indiana 4th,Pollution Control,77.12
868,Indiana 4th,Primary/Secondary Education,2686.81
868,Indiana 4th,Private Higher Education,145.63
868,Indiana 4th,Public Higher Education,832.96
868,Indiana 4th,Redevelopment/Land Clearance,58.2
868,Indiana 4th,Sewer,211.95
868,Indiana 4th,Solid Waste/Resource Recovery,127.12
868,Indiana 4th,Stadiums/Sports Complexes,43.38
868,Indiana 4th,Streets and Highways,47.82
868,Indiana 4th,Student Housing,135.16
868,Indiana 4th,Water Utilities,20.08
868,Indiana 4th,Water/Sewer Utilities,3.36
875,Indiana 5th,Economic Development,3.16
875,Indiana 5th,Fire Stations and Equipment,5.95
875,Indiana 5th,General Purpose/Public Improvements,388.94
875,Indiana 5th,Government and Public Buildings,345.22
875,Indiana 5th,Hospitals,2969.9
875,Indiana 5th,Libraries and Museums,28.9
875,Indiana 5th,Lifecare/Retirement Centers,37.11
875,Indiana 5th,Mass/Rapid Transit,40.45
875,Indiana 5th,"Parks, Zoos and Beaches",37.88
875,Indiana 5th,Police Stations and Equipment,11.2
875,Indiana 5th,Pollution Control,267.12
875,Indiana 5th,Primary/Secondary Education,1648.58
875,Indiana 5th,Private Higher Education,30.53
875,Indiana 5th,Public Higher Education,949.66
875,Indiana 5th,Redevelopment/Land Clearance,123.19
875,Indiana 5th,Sanitation,54.19
875,Indiana 5th,Sewer,210.13
875,Indiana 5th,Solid Waste/Resource Recovery,127.12
875,Indiana 5th,Streets and Highways,149.4
875,Indiana 5th,Telecommunications Equipment,3.14
875,Indiana 5th,Toll Roads,7.24
875,Indiana 5th,Water Utilities,93.09
881,Indiana 6th,Airports,214.1
881,Indiana 6th,Civic/Convention Centers,448.36
881,Indiana 6th,Courts and Courtroom Facilities,623.3
881,Indiana 6th,Economic Development,7.78
881,Indiana 6th,Electric Utilities and Public Power,19.09
881,Indiana 6th,Fire Stations and Equipment,1.78
881,Indiana 6th,Flood Control/Storm Drainage,99
881,Indiana 6th,GAS,108.38
881,Indiana 6th,General Purpose/Public Improvements,991.46
881,Indiana 6th,Government and Public Buildings,284.3
881,Indiana 6th,Hospitals,890.7
881,Indiana 6th,Libraries and Museums,11.68
881,Indiana 6th,Lifecare/Retirement Centers,163.9
881,Indiana 6th,Mass/Rapid Transit,84.12
881,Indiana 6th,Multi-Family Housing,56.83
881,Indiana 6th,Other,4.78
881,Indiana 6th,Parking Facilities,3.91
881,Indiana 6th,"Parks, Zoos and Beaches",2.82
881,Indiana 6th,Police Stations and Equipment,12.4
881,Indiana 6th,Pollution Control,267.12
881,Indiana 6th,Primary/Secondary Education,1606.94
881,Indiana 6th,Private Higher Education,68.66
881,Indiana 6th,Public Higher Education,683.22
881,Indiana 6th,Redevelopment/Land Clearance,12.89
881,Indiana 6th,Sewer,1532.69
881,Indiana 6th,Solid Waste/Resource Recovery,127.12
881,Indiana 6th,Streets and Highways,208.99
881,Indiana 6th,Water Utilities,630.45
887,Indiana 7th,Airports,214.1
887,Indiana 7th,Charter Schools,54
887,Indiana 7th,Civic/Convention Centers,448.36
887,Indiana 7th,Courts and Courtroom Facilities,593.63
887,Indiana 7th,Electric Utilities and Public Power,166.04
887,Indiana 7th,Flood Control/Storm Drainage,99
887,Indiana 7th,GAS,108.38
887,Indiana 7th,General Purpose/Public Improvements,950.72
887,Indiana 7th,Government and Public Buildings,289.62
887,Indiana 7th,Hospitals,2204.16
887,Indiana 7th,Libraries and Museums,57.14
887,Indiana 7th,Lifecare/Retirement Centers,181.42
887,Indiana 7th,Mass/Rapid Transit,84.12
887,Indiana 7th,Multi-Family Housing,24.78
887,Indiana 7th,Police Stations and Equipment,12.4
887,Indiana 7th,Primary/Secondary Education,2045.24
887,Indiana 7th,Private Higher Education,78.09
887,Indiana 7th,Public Higher Education,941.21
887,Indiana 7th,Redevelopment/Land Clearance,14.91
887,Indiana 7th,Sewer,1566.38
887,Indiana 7th,Streets and Highways,193.8
887,Indiana 7th,Water Utilities,792.72
891,Indiana 8th,Civic/Convention Centers,28.94
891,Indiana 8th,Combined Utilities,25.37
891,Indiana 8th,Courts and Courtroom Facilities,57.65
891,Indiana 8th,Economic Development,1270.32
891,Indiana 8th,Fire Stations and Equipment,0.19
891,Indiana 8th,Flood Control/Storm Drainage,0.17
891,Indiana 8th,General Purpose/Public Improvements,4.7
891,Indiana 8th,Government and Public Buildings,0.28
891,Indiana 8th,Hospitals,2463.6
891,Indiana 8th,Industrial Development,41.28
891,Indiana 8th,Libraries and Museums,14.13
891,Indiana 8th,Lifecare/Retirement Centers,27.82
891,Indiana 8th,Multi-Family Housing,21.4
891,Indiana 8th,"Parks, Zoos and Beaches",45.18
891,Indiana 8th,Police Stations and Equipment,11.1
891,Indiana 8th,Pollution Control,77.12
891,Indiana 8th,Primary/Secondary Education,545.54
891,Indiana 8th,Private Higher Education,149.84
891,Indiana 8th,Public Higher Education,189.52
891,Indiana 8th,Redevelopment/Land Clearance,93.52
891,Indiana 8th,Sanitation,85.6
891,Indiana 8th,Sewer,141.12
891,Indiana 8th,Solid Waste/Resource Recovery,127.85
891,Indiana 8th,Streets and Highways,11.27
891,Indiana 8th,Student Housing,49.44
891,Indiana 8th,Water Utilities,167.45
897,Indiana 9th,Bridges,1.38
897,Indiana 9th,Courts and Courtroom Facilities,5.56
897,Indiana 9th,Fire Stations and Equipment,25.13
897,Indiana 9th,General Purpose/Public Improvements,23.84
897,Indiana 9th,Hospitals,2352.14
897,Indiana 9th,Libraries and Museums,7.03
897,Indiana 9th,Lifecare/Retirement Centers,20.23
897,Indiana 9th,Multi-Family Housing,12.6
897,Indiana 9th,"Parks, Zoos and Beaches",18.12
897,Indiana 9th,Pollution Control,77.12
897,Indiana 9th,Primary/Secondary Education,1263.02
897,Indiana 9th,Private Higher Education,18.19
897,Indiana 9th,Public Higher Education,683.22
897,Indiana 9th,Redevelopment/Land Clearance,8.46
897,Indiana 9th,Sanitation,2.2
897,Indiana 9th,Sewer,190.2
897,Indiana 9th,Solid Waste/Resource Recovery,127.12
897,Indiana 9th,Stadiums/Sports Complexes,2.07
897,Indiana 9th,Streets and Highways,15.08
897,Indiana 9th,Water Utilities,42.5
903,Kansas 1st,Airports,11.52
903,Kansas 1st,Bridges,3.46
903,Kansas 1st,Civic/Convention Centers,6.27
903,Kansas 1st,Courts and Courtroom Facilities,89.5
903,Kansas 1st,Electric Utilities and Public Power,32.62
903,Kansas 1st,Fire Stations and Equipment,18.9
903,Kansas 1st,General Purpose/Public Improvements,783.91
903,Kansas 1st,Government and Public Buildings,16.44
903,Kansas 1st,Hospitals,931.61
903,Kansas 1st,IRRIGATION,0.76
903,Kansas 1st,Industrial Development,5.85
903,Kansas 1st,Libraries and Museums,24.84
903,Kansas 1st,Lifecare/Retirement Centers,236.26
903,Kansas 1st,Mass/Rapid Transit,4.46
903,Kansas 1st,Multi-Family Housing,12.95
903,Kansas 1st,Nursing Homes,0.5
903,Kansas 1st,Other Health Care,2.08
903,Kansas 1st,Other Recreation,2.26
903,Kansas 1st,Other Utilities,1.75
903,Kansas 1st,"Parks, Zoos and Beaches",7.96
903,Kansas 1st,Police Stations and Equipment,0.58
903,Kansas 1st,Primary/Secondary Education,1199.78
903,Kansas 1st,Public Higher Education,570.34
903,Kansas 1st,Redevelopment/Land Clearance,17.18
903,Kansas 1st,Sewer,22.77
903,Kansas 1st,Single Family Housing,8.2
903,Kansas 1st,Stadiums/Sports Complexes,3.35
903,Kansas 1st,Streets and Highways,92.27
903,Kansas 1st,Water Utilities,41.91
903,Kansas 1st,Water/Sewer Utilities,279.68
911,Kansas 2nd,Bridges,9.07
911,Kansas 2nd,Combined Utilities,668.53
911,Kansas 2nd,Courts and Courtroom Facilities,54.87
911,Kansas 2nd,Electric Utilities and Public Power,49.96
911,Kansas 2nd,GAS,0.2
911,Kansas 2nd,General Purpose/Public Improvements,1068.8
911,Kansas 2nd,Government and Public Buildings,64.3
911,Kansas 2nd,Hospitals,164.38
911,Kansas 2nd,Human Services,7.03
911,Kansas 2nd,Industrial Development,80.17
911,Kansas 2nd,Libraries and Museums,3.42
911,Kansas 2nd,Lifecare/Retirement Centers,190.59
911,Kansas 2nd,Multi-Family Housing,18.38
911,Kansas 2nd,OTHER PUB SVC,1.2
911,Kansas 2nd,Other Health Care,6.1
911,Kansas 2nd,Other Recreation,10.68
911,Kansas 2nd,Other Transportation,14.76
911,Kansas 2nd,"Parks, Zoos and Beaches",6.2
911,Kansas 2nd,Police Stations and Equipment,0.64
911,Kansas 2nd,Pollution Control,22.5
911,Kansas 2nd,Primary/Secondary Education,1750.49
911,Kansas 2nd,Private Higher Education,16.84
911,Kansas 2nd,Public Higher Education,92.5
911,Kansas 2nd,Redevelopment/Land Clearance,9.03
911,Kansas 2nd,Sewer,9.89
911,Kansas 2nd,Single Family Housing,33
911,Kansas 2nd,Stadiums/Sports Complexes,80.58
911,Kansas 2nd,Streets and Highways,22.62
911,Kansas 2nd,Student Housing,0.14
911,Kansas 2nd,Theaters,0.7
911,Kansas 2nd,Toll Roads,79.24
911,Kansas 2nd,Water Utilities,35.58
911,Kansas 2nd,Water/Sewer Utilities,9.77
918,Kansas 3rd,Airports,11.73
918,Kansas 3rd,Civic/Convention Centers,21.54
918,Kansas 3rd,Combined Utilities,334.04
918,Kansas 3rd,Courts and Courtroom Facilities,48.31
918,Kansas 3rd,Electric Utilities and Public Power,3.1
918,Kansas 3rd,Fire Stations and Equipment,14.63
918,Kansas 3rd,Flood Control/Storm Drainage,13.08
918,Kansas 3rd,General Purpose/Public Improvements,1940.82
918,Kansas 3rd,Government and Public Buildings,179.84
918,Kansas 3rd,Hospitals,884.52
918,Kansas 3rd,Hotels,92.86
918,Kansas 3rd,Libraries and Museums,42.5
918,Kansas 3rd,Lifecare/Retirement Centers,240.43
918,Kansas 3rd,Other Health Care,15.32
918,Kansas 3rd,Other Transportation,13.36
918,Kansas 3rd,"Parks, Zoos and Beaches",36.98
918,Kansas 3rd,Police Stations and Equipment,37.28
918,Kansas 3rd,Pollution Control,5
918,Kansas 3rd,Primary/Secondary Education,1920.24
918,Kansas 3rd,Public Higher Education,89.24
918,Kansas 3rd,Redevelopment/Land Clearance,99.4
918,Kansas 3rd,Senior Housing/Independent Living,0.43
918,Kansas 3rd,Sewer,54.71
918,Kansas 3rd,Stadiums/Sports Complexes,131.6
918,Kansas 3rd,Streets and Highways,65.5
918,Kansas 3rd,Telecommunications Equipment,4.28
918,Kansas 3rd,Toll Roads,79.24
918,Kansas 3rd,Water Utilities,118.86
918,Kansas 3rd,Water/Sewer Utilities,134.9
923,Kansas 4th,Airports,29.36
923,Kansas 4th,Bridges,14.22
923,Kansas 4th,Civic/Convention Centers,1.27
923,Kansas 4th,Combined Utilities,17.68
923,Kansas 4th,Courts and Courtroom Facilities,1.38
923,Kansas 4th,Electric Utilities and Public Power,2.64
923,Kansas 4th,Flood Control/Storm Drainage,3.32
923,Kansas 4th,General Purpose/Public Improvements,1062.17
923,Kansas 4th,Government and Public Buildings,25.24
923,Kansas 4th,Hospitals,17.35
923,Kansas 4th,Industrial Development,0.16
923,Kansas 4th,Libraries and Museums,0.35
923,Kansas 4th,Lifecare/Retirement Centers,163.06
923,Kansas 4th,Mass/Rapid Transit,16.36
923,Kansas 4th,Multi-Family Housing,15.83
923,Kansas 4th,Other Recreation,8.58
923,Kansas 4th,"Parks, Zoos and Beaches",4.37
923,Kansas 4th,Police Stations and Equipment,0.12
923,Kansas 4th,Primary/Secondary Education,1054.94
923,Kansas 4th,Private Higher Education,1.25
923,Kansas 4th,Public Higher Education,223.45
923,Kansas 4th,Redevelopment/Land Clearance,16.32
923,Kansas 4th,Senior Housing/Independent Living,17.3
923,Kansas 4th,Sewer,54.18
923,Kansas 4th,Single Family Housing,18
923,Kansas 4th,Solid Waste/Resource Recovery,0.92
923,Kansas 4th,Stadiums/Sports Complexes,31.36
923,Kansas 4th,Streets and Highways,92.4
923,Kansas 4th,Toll Roads,79.24
923,Kansas 4th,Water Utilities,19.89
923,Kansas 4th,Water/Sewer Utilities,388.59
929,Kentucky 1st,Civic/Convention Centers,1.06
929,Kentucky 1st,Combined Utilities,17.91
929,Kentucky 1st,Courts and Courtroom Facilities,11.37
929,Kentucky 1st,Economic Development,4.14
929,Kentucky 1st,Electric Utilities and Public Power,128.74
929,Kentucky 1st,Fire Stations and Equipment,2.2
929,Kentucky 1st,Flood Control/Storm Drainage,2.94
929,Kentucky 1st,GAS,1.3
929,Kentucky 1st,General Purpose/Public Improvements,407.1
929,Kentucky 1st,Government and Public Buildings,7.96
929,Kentucky 1st,Hospitals,506.56
929,Kentucky 1st,Industrial Development,2.11
929,Kentucky 1st,Libraries and Museums,11.78
929,Kentucky 1st,Other Recreation,3.28
929,Kentucky 1st,Parking Facilities,4.99
929,Kentucky 1st,Pollution Control,133.93
929,Kentucky 1st,Primary/Secondary Education,1184.46
929,Kentucky 1st,Private Higher Education,221.18
929,Kentucky 1st,Public Higher Education,71.72
929,Kentucky 1st,Sewer,60.59
929,Kentucky 1st,Stadiums/Sports Complexes,33.51
929,Kentucky 1st,Streets and Highways,10.56
929,Kentucky 1st,Water Utilities,44.9
929,Kentucky 1st,Water/Sewer Utilities,71.24
935,Kentucky 2nd,Civic/Convention Centers,7.71
935,Kentucky 2nd,Courts and Courtroom Facilities,19.96
935,Kentucky 2nd,Electric Utilities and Public Power,63.57
935,Kentucky 2nd,Fire Stations and Equipment,11.16
935,Kentucky 2nd,General Purpose/Public Improvements,163.74
935,Kentucky 2nd,Government and Public Buildings,3.58
935,Kentucky 2nd,Hospitals,1185.86
935,Kentucky 2nd,Industrial Development,60
935,Kentucky 2nd,Libraries and Museums,5.74
935,Kentucky 2nd,Lifecare/Retirement Centers,28.44
935,Kentucky 2nd,Other Recreation,3.64
935,Kentucky 2nd,"Parks, Zoos and Beaches",5.4
935,Kentucky 2nd,Pollution Control,457.93
935,Kentucky 2nd,Primary/Secondary Education,1691.41
935,Kentucky 2nd,Public Higher Education,102.47
935,Kentucky 2nd,Solid Waste/Resource Recovery,35.2
935,Kentucky 2nd,Stadiums/Sports Complexes,42.62
935,Kentucky 2nd,Water Utilities,265.64
935,Kentucky 2nd,Water/Sewer Utilities,62.25
940,Kentucky 3rd,Civic/Convention Centers,128.11
940,Kentucky 3rd,Combined Utilities,138.04
940,Kentucky 3rd,General Purpose/Public Improvements,601.05
940,Kentucky 3rd,Hospitals,2036.72
940,Kentucky 3rd,Industrial Development,60
940,Kentucky 3rd,Libraries and Museums,4.74
940,Kentucky 3rd,Lifecare/Retirement Centers,158.3
940,Kentucky 3rd,Multi-Family Housing,47.23
940,Kentucky 3rd,Other Health Care,20
940,Kentucky 3rd,Parking Facilities,38.62
940,Kentucky 3rd,Police Stations and Equipment,9.69
940,Kentucky 3rd,Pollution Control,324
940,Kentucky 3rd,Primary/Secondary Education,669.68
940,Kentucky 3rd,Private Higher Education,51.22
940,Kentucky 3rd,Public Higher Education,173.8
940,Kentucky 3rd,Sewer,1528.07
940,Kentucky 3rd,Solid Waste/Resource Recovery,35.2
940,Kentucky 3rd,Stadiums/Sports Complexes,217.8
940,Kentucky 3rd,Toll Roads,79.14
940,Kentucky 3rd,Water Utilities,193.48
944,Kentucky 4th,Airports,73.28
944,Kentucky 4th,Combined Utilities,1.26
944,Kentucky 4th,Courts and Courtroom Facilities,16.72
944,Kentucky 4th,Fire Stations and Equipment,0.53
944,Kentucky 4th,General Purpose/Public Improvements,129.24
944,Kentucky 4th,Government and Public Buildings,80.4
944,Kentucky 4th,Hospitals,522.52
944,Kentucky 4th,Industrial Development,42.63
944,Kentucky 4th,Libraries and Museums,3.71
944,Kentucky 4th,Lifecare/Retirement Centers,105.6
944,Kentucky 4th,Multi-Family Housing,3.92
944,Kentucky 4th,Nursing Homes,46.85
944,Kentucky 4th,Parking Facilities,17.58
944,Kentucky 4th,"Parks, Zoos and Beaches",2.16
944,Kentucky 4th,Pollution Control,210.65
944,Kentucky 4th,Primary/Secondary Education,1532.48
944,Kentucky 4th,Public Higher Education,85.06
944,Kentucky 4th,Sanitation,291.34
944,Kentucky 4th,Sewer,5.63
944,Kentucky 4th,Stadiums/Sports Complexes,1.72
944,Kentucky 4th,UNSECURED AIRLINES,33.8
944,Kentucky 4th,Water Utilities,379.79
950,Kentucky 5th,Combined Utilities,3.34
950,Kentucky 5th,Courts and Courtroom Facilities,50.05
950,Kentucky 5th,Fire Stations and Equipment,0.49
950,Kentucky 5th,GAS,0.29
950,Kentucky 5th,General Purpose/Public Improvements,138.41
950,Kentucky 5th,Hospitals,699.06
950,Kentucky 5th,Lifecare/Retirement Centers,28.44
950,Kentucky 5th,Multi-Family Housing,3.02
950,Kentucky 5th,"Parks, Zoos and Beaches",8.38
950,Kentucky 5th,Police Stations and Equipment,6.32
950,Kentucky 5th,Pollution Control,133.93
950,Kentucky 5th,Primary/Secondary Education,1154.77
950,Kentucky 5th,Public Higher Education,86.06
950,Kentucky 5th,Water/Sewer Utilities,11.56
956,Kentucky 6th,Airports,34.73
956,Kentucky 6th,Civic/Convention Centers,184.6
956,Kentucky 6th,Combined Utilities,24.82
956,Kentucky 6th,Courts and Courtroom Facilities,29.96
956,Kentucky 6th,General Purpose/Public Improvements,79.7
956,Kentucky 6th,Government and Public Buildings,3.73
956,Kentucky 6th,Hospitals,496.66
956,Kentucky 6th,Libraries and Museums,2.8
956,Kentucky 6th,Lifecare/Retirement Centers,28.44
956,Kentucky 6th,Multi-Family Housing,22.69
956,Kentucky 6th,"Parks, Zoos and Beaches",0.68
956,Kentucky 6th,Police Stations and Equipment,8
956,Kentucky 6th,Pollution Control,133.93
956,Kentucky 6th,Primary/Secondary Education,1554.32
956,Kentucky 6th,Private Higher Education,43.98
956,Kentucky 6th,Public Higher Education,1143.62
956,Kentucky 6th,Stadiums/Sports Complexes,21.8
956,Kentucky 6th,Water/Sewer Utilities,34.9
961,Louisiana 1st,Civic/Convention Centers,141.14
961,Louisiana 1st,Courts and Courtroom Facilities,33.48
961,Louisiana 1st,Economic Development,80.46
961,Louisiana 1st,Electric Utilities and Public Power,50
961,Louisiana 1st,Fire Stations and Equipment,4.92
961,Louisiana 1st,Flood Control/Storm Drainage,13.94
961,Louisiana 1st,General Purpose/Public Improvements,1065.68
961,Louisiana 1st,Government and Public Buildings,3.34
961,Louisiana 1st,Hospitals,2189.73
961,Louisiana 1st,Industrial Development,7.66
961,Louisiana 1st,LD PRESERVTN,7.72
961,Louisiana 1st,Lifecare/Retirement Centers,4.03
961,Louisiana 1st,Mass/Rapid Transit,62.27
961,Louisiana 1st,Multi-Family Housing,12.5
961,Louisiana 1st,Other,24.28
961,Louisiana 1st,Other Recreation,11.67
961,Louisiana 1st,Parking Facilities,27.57
961,Louisiana 1st,"Parks, Zoos and Beaches",58.7
961,Louisiana 1st,Police Stations and Equipment,6.32
961,Louisiana 1st,Primary/Secondary Education,912.92
961,Louisiana 1st,Private Higher Education,976.29
961,Louisiana 1st,Public Higher Education,133.47
961,Louisiana 1st,Sewer,525.86
961,Louisiana 1st,Single Family Housing,26.3
961,Louisiana 1st,Streets and Highways,66.3
961,Louisiana 1st,Toll Roads,84.58
961,Louisiana 1st,UNKNOWN,7.12
961,Louisiana 1st,Water Utilities,278.58
965,Louisiana 2nd,Airports,266.85
965,Louisiana 2nd,Economic Development,80.46
965,Louisiana 2nd,Fire Stations and Equipment,4.92
965,Louisiana 2nd,General Purpose/Public Improvements,51.2
965,Louisiana 2nd,Government and Public Buildings,9.98
965,Louisiana 2nd,Hospitals,2204.02
965,Louisiana 2nd,Industrial Development,962
965,Louisiana 2nd,Multi-Family Housing,111.38
965,Louisiana 2nd,Parking Facilities,27.57
965,Louisiana 2nd,Pollution Control,21
965,Louisiana 2nd,Primary/Secondary Education,540.8
965,Louisiana 2nd,Public Higher Education,133.47
965,Louisiana 2nd,Seaports and Marine Terminals,43.7
965,Louisiana 2nd,Sewer,100.71
965,Louisiana 2nd,Streets and Highways,18.26
965,Louisiana 2nd,UNKNOWN,7.12
965,Louisiana 2nd,Water Utilities,17.58
965,Louisiana 2nd,Water/Sewer Utilities,1.85
969,Louisiana 3rd,Charter Schools,27.34
969,Louisiana 3rd,Combined Utilities,157.48
969,Louisiana 3rd,Electric Utilities and Public Power,238.64
969,Louisiana 3rd,Flood Control/Storm Drainage,73.38
969,Louisiana 3rd,General Purpose/Public Improvements,315.42
969,Louisiana 3rd,Government and Public Buildings,5.42
969,Louisiana 3rd,Hospitals,532.94
969,Louisiana 3rd,Industrial Development,504
969,Louisiana 3rd,LD PRESERVTN,16.86
969,Louisiana 3rd,Libraries and Museums,5.31
969,Louisiana 3rd,Multi-Family Housing,56.68
969,Louisiana 3rd,Other,0
969,Louisiana 3rd,Other Recreation,9.94
969,Louisiana 3rd,Other Utilities,10.45
969,Louisiana 3rd,Primary/Secondary Education,524.33
969,Louisiana 3rd,Public Higher Education,254.49
969,Louisiana 3rd,Redevelopment/Land Clearance,13
969,Louisiana 3rd,Solid Waste/Resource Recovery,4.42
969,Louisiana 3rd,Stadiums/Sports Complexes,1.68
969,Louisiana 3rd,Streets and Highways,41.58
969,Louisiana 3rd,Telecommunications Equipment,50.58
969,Louisiana 3rd,Water Utilities,1.4
973,Louisiana 4th,Charter Schools,43.66
973,Louisiana 4th,Combined Utilities,6.7
973,Louisiana 4th,Fire Stations and Equipment,1.04
973,Louisiana 4th,General Purpose/Public Improvements,332.07
973,Louisiana 4th,Government and Public Buildings,21.28
973,Louisiana 4th,Hospitals,282.58
973,Louisiana 4th,Human Services,42.42
973,Louisiana 4th,Other,2.28
973,Louisiana 4th,"Parks, Zoos and Beaches",24.66
973,Louisiana 4th,Primary/Secondary Education,891.1
973,Louisiana 4th,Public Higher Education,133.47
973,Louisiana 4th,Seaports and Marine Terminals,6.44
973,Louisiana 4th,Sewer,2.05
973,Louisiana 4th,Streets and Highways,27.78
973,Louisiana 4th,Student Housing,119.42
973,Louisiana 4th,Water Utilities,9.75
973,Louisiana 4th,Water/Sewer Utilities,663.76
978,Louisiana 5th,Charter Schools,39.82
978,Louisiana 5th,Combined Utilities,4.38
978,Louisiana 5th,Courts and Courtroom Facilities,10.3
978,Louisiana 5th,Flood Control/Storm Drainage,4.13
978,Louisiana 5th,General Purpose/Public Improvements,468.94
978,Louisiana 5th,Government and Public Buildings,3.34
978,Louisiana 5th,Hospitals,1899.39
978,Louisiana 5th,Human Services,20.64
978,Louisiana 5th,LD PRESERVTN,7.72
978,Louisiana 5th,Lifecare/Retirement Centers,56.7
978,Louisiana 5th,"Parks, Zoos and Beaches",0.92
978,Louisiana 5th,Primary/Secondary Education,311.15
978,Louisiana 5th,Public Higher Education,236.7
978,Louisiana 5th,Sewer,805.04
978,Louisiana 5th,Single Family Housing,25
978,Louisiana 5th,Streets and Highways,117.34
978,Louisiana 5th,Student Housing,512.37
978,Louisiana 5th,Water Utilities,75.63
978,Louisiana 5th,Water/Sewer Utilities,110.64
982,Louisiana 6th,Airports,37.86
982,Louisiana 6th,Charter Schools,49.89
982,Louisiana 6th,Combined Utilities,168.96
982,Louisiana 6th,Electric Utilities and Public Power,188.64
982,Louisiana 6th,General Purpose/Public Improvements,732.33
982,Louisiana 6th,Government and Public Buildings,11.12
982,Louisiana 6th,Hospitals,816.2
982,Louisiana 6th,Human Services,21.79
982,Louisiana 6th,Industrial Development,458
982,Louisiana 6th,Multi-Family Housing,18.88
982,Louisiana 6th,Other,0
982,Louisiana 6th,Other Utilities,10.45
982,Louisiana 6th,Parking Facilities,3.76
982,Louisiana 6th,"Parks, Zoos and Beaches",5.26
982,Louisiana 6th,Primary/Secondary Education,300.97
982,Louisiana 6th,Public Higher Education,133.47
982,Louisiana 6th,Sewer,729.34
982,Louisiana 6th,Single Family Housing,25
982,Louisiana 6th,Streets and Highways,104.98
982,Louisiana 6th,Student Housing,22.54
982,Louisiana 6th,Telecommunications Equipment,50.58
982,Louisiana 6th,Water Utilities,2.71
982,Louisiana 6th,Water/Sewer Utilities,606.1
987,Massachusetts 1st,Bridges,10.16
987,Massachusetts 1st,Charter Schools,30.96
987,Massachusetts 1st,Economic Development,62.75
987,Massachusetts 1st,Fire Stations and Equipment,12.08
987,Massachusetts 1st,General Purpose/Public Improvements,1009.03
987,Massachusetts 1st,Government and Public Buildings,7.74
987,Massachusetts 1st,Higher Education,19.86
987,Massachusetts 1st,Hospitals,274.56
987,Massachusetts 1st,Human Services,10.86
987,Massachusetts 1st,Libraries and Museums,20.16
987,Massachusetts 1st,Lifecare/Retirement Centers,30.15
987,Massachusetts 1st,Mass/Rapid Transit,5.25
987,Massachusetts 1st,Multi-Family Housing,32.9
987,Massachusetts 1st,Other Recreation,8.48
987,Massachusetts 1st,"Parks, Zoos and Beaches",35.06
987,Massachusetts 1st,Police Stations and Equipment,5.84
987,Massachusetts 1st,Primary/Secondary Education,351.11
987,Massachusetts 1st,Private Higher Education,517.64
987,Massachusetts 1st,Public Higher Education,649.34
987,Massachusetts 1st,Sewer,6.37
987,Massachusetts 1st,Streets and Highways,28.99
987,Massachusetts 1st,Water Utilities,44.15
987,Massachusetts 1st,Water/Sewer Utilities,89.32
993,Massachusetts 2nd,Charter Schools,17.92
993,Massachusetts 2nd,Combined Utilities,4
993,Massachusetts 2nd,Electric Utilities and Public Power,25.05
993,Massachusetts 2nd,Fire Stations and Equipment,29.7
993,Massachusetts 2nd,General Purpose/Public Improvements,1442.88
993,Massachusetts 2nd,Government and Public Buildings,31.43
993,Massachusetts 2nd,Higher Education,19.86
993,Massachusetts 2nd,Hospitals,3195.52
993,Massachusetts 2nd,Libraries and Museums,19.45
993,Massachusetts 2nd,Lifecare/Retirement Centers,55.14
993,Massachusetts 2nd,Mass/Rapid Transit,19
993,Massachusetts 2nd,Other,0.97
993,Massachusetts 2nd,Other Transportation,133.58
993,Massachusetts 2nd,Police Stations and Equipment,76.04
993,Massachusetts 2nd,Primary/Secondary Education,481.1
993,Massachusetts 2nd,Private Higher Education,427.9
993,Massachusetts 2nd,Public Higher Education,2323.82
993,Massachusetts 2nd,Redevelopment/Land Clearance,1
993,Massachusetts 2nd,Seaports and Marine Terminals,372.84
993,Massachusetts 2nd,Sewer,14.77
993,Massachusetts 2nd,Stadiums/Sports Complexes,17.1
993,Massachusetts 2nd,Telecommunications Equipment,4.6
993,Massachusetts 2nd,Water Utilities,548.42
993,Massachusetts 2nd,Water/Sewer Utilities,2984.05
998,Massachusetts 3rd,Charter Schools,47.02
998,Massachusetts 3rd,Electric Utilities and Public Power,24.57
998,Massachusetts 3rd,Fire Stations and Equipment,15.36
998,Massachusetts 3rd,General Purpose/Public Improvements,1122.29
998,Massachusetts 3rd,Higher Education,19.86
998,Massachusetts 3rd,Hospitals,786.1
998,Massachusetts 3rd,Human Services,1.3
998,Massachusetts 3rd,LD PRESERVTN,0.3
998,Massachusetts 3rd,Libraries and Museums,5.18
998,Massachusetts 3rd,Mass/Rapid Transit,19
998,Massachusetts 3rd,Police Stations and Equipment,7.16
998,Massachusetts 3rd,Primary/Secondary Education,660.53
998,Massachusetts 3rd,Public Higher Education,2317.45
998,Massachusetts 3rd,Redevelopment/Land Clearance,3.06
998,Massachusetts 3rd,Sewer,3.71
998,Massachusetts 3rd,Streets and Highways,36.4
998,Massachusetts 3rd,Water Utilities,566.62
998,Massachusetts 3rd,Water/Sewer Utilities,2963.55
1003,Massachusetts 4th,Airports,1
1003,Massachusetts 4th,Charter Schools,22.94
1003,Massachusetts 4th,Civic/Convention Centers,19.64
1003,Massachusetts 4th,Electric Utilities and Public Power,7.8
1003,Massachusetts 4th,Fire Stations and Equipment,28.64
1003,Massachusetts 4th,General Purpose/Public Improvements,1982.39
1003,Massachusetts 4th,Hospitals,4636.5
1003,Massachusetts 4th,LD PRESERVTN,2.81
1003,Massachusetts 4th,Libraries and Museums,9.44
1003,Massachusetts 4th,Mass/Rapid Transit,20.98
1003,Massachusetts 4th,Other,0.54
1003,Massachusetts 4th,Parking Facilities,4.96
1003,Massachusetts 4th,"Parks, Zoos and Beaches",8.52
1003,Massachusetts 4th,Police Stations and Equipment,15.07
1003,Massachusetts 4th,Primary/Secondary Education,475.88
1003,Massachusetts 4th,Private Higher Education,798.8
1003,Massachusetts 4th,Sewer,5.07
1003,Massachusetts 4th,Stadiums/Sports Complexes,0.7
1003,Massachusetts 4th,Streets and Highways,8.25
1003,Massachusetts 4th,Water Utilities,626.4
1003,Massachusetts 4th,Water/Sewer Utilities,2965.93
1008,Massachusetts 5th,Fire Stations and Equipment,18.89
1008,Massachusetts 5th,General Purpose/Public Improvements,2595.04
1008,Massachusetts 5th,Higher Education,19.86
1008,Massachusetts 5th,Hospitals,4979.82
1008,Massachusetts 5th,Mass/Rapid Transit,46.94
1008,Massachusetts 5th,Other Transportation,133.58
1008,Massachusetts 5th,Primary/Secondary Education,744.52
1008,Massachusetts 5th,Private Higher Education,3388.64
1008,Massachusetts 5th,Public Higher Education,610.37
1008,Massachusetts 5th,Seaports and Marine Terminals,372.84
1008,Massachusetts 5th,Streets and Highways,16.32
1008,Massachusetts 5th,Water Utilities,521.62
1008,Massachusetts 5th,Water/Sewer Utilities,2971.02
1012,Massachusetts 6th,Electric Utilities and Public Power,24.57
1012,Massachusetts 6th,Fire Stations and Equipment,69.53
1012,Massachusetts 6th,General Purpose/Public Improvements,1674.3
1012,Massachusetts 6th,Government and Public Buildings,53.31
1012,Massachusetts 6th,Higher Education,19.86
1012,Massachusetts 6th,Hospitals,4418.47
1012,Massachusetts 6th,Libraries and Museums,12.57
1012,Massachusetts 6th,Lifecare/Retirement Centers,67.41
1012,Massachusetts 6th,Multi-Family Housing,63.58
1012,Massachusetts 6th,Other Recreation,1.92
1012,Massachusetts 6th,Other Transportation,5.57
1012,Massachusetts 6th,"Parks, Zoos and Beaches",24.34
1012,Massachusetts 6th,Police Stations and Equipment,2.24
1012,Massachusetts 6th,Primary/Secondary Education,753.74
1012,Massachusetts 6th,Private Higher Education,102.71
1012,Massachusetts 6th,Public Higher Education,610.37
1012,Massachusetts 6th,Sanitation,21.75
1012,Massachusetts 6th,Sewer,1.61
1012,Massachusetts 6th,Streets and Highways,22.99
1012,Massachusetts 6th,Water Utilities,568.64
1012,Massachusetts 6th,Water/Sewer Utilities,3024.8
1017,Massachusetts 7th,Economic Development,62.75
1017,Massachusetts 7th,Fire Stations and Equipment,20.93
1017,Massachusetts 7th,General Purpose/Public Improvements,2144.79
1017,Massachusetts 7th,Government and Public Buildings,8.56
1017,Massachusetts 7th,Higher Education,19.86
1017,Massachusetts 7th,Hospitals,6931.52
1017,Massachusetts 7th,Libraries and Museums,100
1017,Massachusetts 7th,Lifecare/Retirement Centers,54.72
1017,Massachusetts 7th,Mass/Rapid Transit,6.78
1017,Massachusetts 7th,New Public Housing,22.97
1017,Massachusetts 7th,Other Transportation,133.58
1017,Massachusetts 7th,Primary/Secondary Education,237.15
1017,Massachusetts 7th,Private Higher Education,2946.78
1017,Massachusetts 7th,Public Higher Education,649.34
1017,Massachusetts 7th,Seaports and Marine Terminals,372.84
1017,Massachusetts 7th,Sewer,92.29
1017,Massachusetts 7th,Streets and Highways,15.46
1017,Massachusetts 7th,Student Housing,101.4
1017,Massachusetts 7th,Water Utilities,510.2
1017,Massachusetts 7th,Water/Sewer Utilities,3379.76
1021,Massachusetts 8th,Charter Schools,25
1021,Massachusetts 8th,Electric Utilities and Public Power,53.34
1021,Massachusetts 8th,Fire Stations and Equipment,23.62
1021,Massachusetts 8th,General Purpose/Public Improvements,3083.94
1021,Massachusetts 8th,Government and Public Buildings,127.37
1021,Massachusetts 8th,Hospitals,4509.1
1021,Massachusetts 8th,Libraries and Museums,8.74
1021,Massachusetts 8th,Lifecare/Retirement Centers,342.34
1021,Massachusetts 8th,Mass/Rapid Transit,6.78
1021,Massachusetts 8th,New Public Housing,22.97
1021,Massachusetts 8th,"Parks, Zoos and Beaches",2.68
1021,Massachusetts 8th,Primary/Secondary Education,502.72
1021,Massachusetts 8th,Private Higher Education,817.02
1021,Massachusetts 8th,Public Higher Education,1707.08
1021,Massachusetts 8th,Redevelopment/Land Clearance,5.02
1021,Massachusetts 8th,Sewer,7.11
1021,Massachusetts 8th,Streets and Highways,64.13
1021,Massachusetts 8th,Student Housing,119.64
1021,Massachusetts 8th,Water Utilities,675.78
1021,Massachusetts 8th,Water/Sewer Utilities,3357.91
1025,Massachusetts 9th,Airports,1.58
1025,Massachusetts 9th,Charter Schools,17.92
1025,Massachusetts 9th,Fire Stations and Equipment,75.49
1025,Massachusetts 9th,General Purpose/Public Improvements,1694.8
1025,Massachusetts 9th,Government and Public Buildings,19.38
1025,Massachusetts 9th,Higher Education,19.86
1025,Massachusetts 9th,Hospitals,4407.9
1025,Massachusetts 9th,LD PRESERVTN,12.64
1025,Massachusetts 9th,Libraries and Museums,12.42
1025,Massachusetts 9th,Lifecare/Retirement Centers,30
1025,Massachusetts 9th,Mass/Rapid Transit,14.2
1025,Massachusetts 9th,Multi-Family Housing,5.76
1025,Massachusetts 9th,Other Recreation,8
1025,Massachusetts 9th,Parking Facilities,0.57
1025,Massachusetts 9th,"Parks, Zoos and Beaches",0.68
1025,Massachusetts 9th,Police Stations and Equipment,37.33
1025,Massachusetts 9th,Primary/Secondary Education,632.78
1025,Massachusetts 9th,Private Higher Education,67.92
1025,Massachusetts 9th,Public Higher Education,2317.45
1025,Massachusetts 9th,Redevelopment/Land Clearance,24.72
1025,Massachusetts 9th,Sewer,60.38
1025,Massachusetts 9th,Streets and Highways,18.04
1025,Massachusetts 9th,Student Housing,128.76
1025,Massachusetts 9th,Water Utilities,48.94
1025,Massachusetts 9th,Water/Sewer Utilities,41.54
1030,Maryland 1st,Airports,13.64
1030,Maryland 1st,Civic/Convention Centers,23.51
1030,Maryland 1st,Courts and Courtroom Facilities,24.06
1030,Maryland 1st,General Purpose/Public Improvements,1058.46
1030,Maryland 1st,Hospitals,883.5
1030,Maryland 1st,"Parks, Zoos and Beaches",10.47
1030,Maryland 1st,Primary/Secondary Education,142.98
1030,Maryland 1st,Student Housing,15.66
1030,Maryland 1st,Water/Sewer Utilities,16.36
1034,Maryland 2nd,Combined Utilities,8.25
1034,Maryland 2nd,Economic Development,21
1034,Maryland 2nd,General Purpose/Public Improvements,2111.06
1034,Maryland 2nd,Government and Public Buildings,81.03
1034,Maryland 2nd,Hospitals,2591.94
1034,Maryland 2nd,Hotels,156.61
1034,Maryland 2nd,Lifecare/Retirement Centers,205.93
1034,Maryland 2nd,Multi-Family Housing,10.76
1034,Maryland 2nd,Parking Facilities,76.4
1034,Maryland 2nd,Primary/Secondary Education,247.38
1034,Maryland 2nd,Private Higher Education,385.06
1034,Maryland 2nd,Streets and Highways,40.97
1034,Maryland 2nd,Student Housing,407.45
1034,Maryland 2nd,Water/Sewer Utilities,963.02
1038,Maryland 3rd,Charter Schools,47.06
1038,Maryland 3rd,General Purpose/Public Improvements,2927.66
1038,Maryland 3rd,Government and Public Buildings,81.03
1038,Maryland 3rd,Higher Education,34.23
1038,Maryland 3rd,Hospital Equipment Loans,175
1038,Maryland 3rd,Hospitals,1289.61
1038,Maryland 3rd,Lifecare/Retirement Centers,98.5
1038,Maryland 3rd,Multi-Family Housing,331.02
1038,Maryland 3rd,Other Education,105.81
1038,Maryland 3rd,Parking Facilities,16.4
1038,Maryland 3rd,"Parks, Zoos and Beaches",15.98
1038,Maryland 3rd,Primary/Secondary Education,23.59
1038,Maryland 3rd,Senior Housing/Independent Living,9.5
1038,Maryland 3rd,Streets and Highways,62.29
1038,Maryland 3rd,Water/Sewer Utilities,961.74
1042,Maryland 4th,Charter Schools,47.06
1042,Maryland 4th,Civic/Convention Centers,15.33
1042,Maryland 4th,Economic Development,35
1042,Maryland 4th,Flood Control/Storm Drainage,56.14
1042,Maryland 4th,General Purpose/Public Improvements,5391.36
1042,Maryland 4th,Government and Public Buildings,8.56
1042,Maryland 4th,Higher Education,90.84
1042,Maryland 4th,Hospitals,1063.56
1042,Maryland 4th,Mass/Rapid Transit,19.22
1042,Maryland 4th,Multi-Family Housing,637.86
1042,Maryland 4th,OFFICE BLDG/LTD PARTN,82.44
1042,Maryland 4th,OTHER HSG,87
1042,Maryland 4th,Other,27.7
1042,Maryland 4th,Parking Facilities,3.42
1042,Maryland 4th,"Parks, Zoos and Beaches",129.06
1042,Maryland 4th,Public Higher Education,875.06
1042,Maryland 4th,Redevelopment/Land Clearance,32.32
1042,Maryland 4th,Seaports and Marine Terminals,33.4
1042,Maryland 4th,Single Family Housing,202.78
1042,Maryland 4th,Streets and Highways,53.97
1042,Maryland 4th,Water Utilities,374.98
1042,Maryland 4th,Water/Sewer Utilities,2818.2
1046,Maryland 5th,Civic/Convention Centers,15.33
1046,Maryland 5th,General Purpose/Public Improvements,4520.53
1046,Maryland 5th,Government and Public Buildings,98.76
1046,Maryland 5th,Hospitals,2126.68
1046,Maryland 5th,Lifecare/Retirement Centers,175.5
1046,Maryland 5th,OFFICE BLDG/LTD PARTN,8.2
1046,Maryland 5th,Other,27.7
1046,Maryland 5th,Other Education,105.81
1046,Maryland 5th,"Parks, Zoos and Beaches",135
1046,Maryland 5th,Private Higher Education,5.22
1046,Maryland 5th,Public Higher Education,7.74
1046,Maryland 5th,Redevelopment/Land Clearance,28
1046,Maryland 5th,Seaports and Marine Terminals,33.4
1046,Maryland 5th,Streets and Highways,104.38
1046,Maryland 5th,Student Housing,57.38
1046,Maryland 5th,Water Utilities,374.98
1046,Maryland 5th,Water/Sewer Utilities,3598.06
1050,Maryland 6th,Economic Development,35
1050,Maryland 6th,Flood Control/Storm Drainage,56.14
1050,Maryland 6th,General Purpose/Public Improvements,3986.88
1050,Maryland 6th,Government and Public Buildings,13.48
1050,Maryland 6th,Hospitals,863.29
1050,Maryland 6th,Lifecare/Retirement Centers,133.58
1050,Maryland 6th,Mass/Rapid Transit,19.22
1050,Maryland 6th,Multi-Family Housing,639.47
1050,Maryland 6th,OFFICE BLDG/LTD PARTN,74.24
1050,Maryland 6th,OTHER HSG,87
1050,Maryland 6th,Parking Facilities,3.42
1050,Maryland 6th,"Parks, Zoos and Beaches",129.06
1050,Maryland 6th,Primary/Secondary Education,5.6
1050,Maryland 6th,Private Higher Education,54.59
1050,Maryland 6th,Public Higher Education,17.96
1050,Maryland 6th,Redevelopment/Land Clearance,4.32
1050,Maryland 6th,Single Family Housing,202.78
1050,Maryland 6th,Streets and Highways,1.41
1050,Maryland 6th,Student Housing,9.22
1050,Maryland 6th,Water Utilities,374.98
1050,Maryland 6th,Water/Sewer Utilities,2818.2
1054,Maryland 7th,Combined Utilities,8.25
1054,Maryland 7th,General Purpose/Public Improvements,2316.98
1054,Maryland 7th,Higher Education,125.07
1054,Maryland 7th,Hospital Equipment Loans,175
1054,Maryland 7th,Hospitals,3239.12
1054,Maryland 7th,Hotels,247.66
1054,Maryland 7th,Lifecare/Retirement Centers,74.9
1054,Maryland 7th,Multi-Family Housing,40.97
1054,Maryland 7th,Parking Facilities,16.4
1054,Maryland 7th,Primary/Secondary Education,256.7
1054,Maryland 7th,Private Higher Education,226.06
1054,Maryland 7th,Public Higher Education,857.1
1054,Maryland 7th,Seaports and Marine Terminals,148.56
1054,Maryland 7th,Sewer,616.1
1054,Maryland 7th,Student Housing,132.57
1054,Maryland 7th,Water Utilities,627.88
1054,Maryland 7th,Water/Sewer Utilities,963.02
1058,Maryland 8th,Charter Schools,17.48
1058,Maryland 8th,Economic Development,35
1058,Maryland 8th,Flood Control/Storm Drainage,56.14
1058,Maryland 8th,General Purpose/Public Improvements,3022.9
1058,Maryland 8th,Higher Education,34.23
1058,Maryland 8th,Hospital Equipment Loans,175
1058,Maryland 8th,Hospitals,2495.5
1058,Maryland 8th,Lifecare/Retirement Centers,310.76
1058,Maryland 8th,Mass/Rapid Transit,19.22
1058,Maryland 8th,Multi-Family Housing,613.2
1058,Maryland 8th,OFFICE BLDG/LTD PARTN,74.24
1058,Maryland 8th,OTHER HSG,87
1058,Maryland 8th,Parking Facilities,19.82
1058,Maryland 8th,"Parks, Zoos and Beaches",129.06
1058,Maryland 8th,Primary/Secondary Education,23.59
1058,Maryland 8th,Private Human Service Providers,160
1058,Maryland 8th,Public Higher Education,17.96
1058,Maryland 8th,Redevelopment/Land Clearance,4.32
1058,Maryland 8th,Single Family Housing,202.78
1058,Maryland 8th,Water Utilities,374.98
1058,Maryland 8th,Water/Sewer Utilities,2844.66
1062,Maine 1st,Airports,77.62
1062,Maine 1st,Civic/Convention Centers,0.61
1062,Maine 1st,Courts and Courtroom Facilities,3.62
1062,Maine 1st,Electric Utilities and Public Power,1.32
1062,Maine 1st,Fire Stations and Equipment,1.08
1062,Maine 1st,General Purpose/Public Improvements,647.79
1062,Maine 1st,Government and Public Buildings,27.58
1062,Maine 1st,Hospitals,961.62
1062,Maine 1st,Libraries and Museums,7.13
1062,Maine 1st,"Parks, Zoos and Beaches",0.92
1062,Maine 1st,Police Stations and Equipment,4.94
1062,Maine 1st,Primary/Secondary Education,313.1
1062,Maine 1st,Private Higher Education,236.44
1062,Maine 1st,Public Higher Education,190.12
1062,Maine 1st,Sewer,8.13
1062,Maine 1st,Streets and Highways,27.48
1062,Maine 1st,Water Utilities,55.99
1067,Maine 2nd,Civic/Convention Centers,4.8
1067,Maine 2nd,Electric Utilities and Public Power,0.42
1067,Maine 2nd,Fire Stations and Equipment,0.32
1067,Maine 2nd,General Purpose/Public Improvements,280.96
1067,Maine 2nd,Higher Education,48.3
1067,Maine 2nd,Hospitals,1001.19
1067,Maine 2nd,Police Stations and Equipment,18.84
1067,Maine 2nd,Primary/Secondary Education,195.7
1067,Maine 2nd,Private Higher Education,20.6
1067,Maine 2nd,Private Human Service Providers,0
1067,Maine 2nd,Public Higher Education,190.12
1067,Maine 2nd,Sewer,47.06
1067,Maine 2nd,Streets and Highways,51.84
1071,Michigan 1st,Charter Schools,1.96
1071,Michigan 1st,Courts and Courtroom Facilities,8.84
1071,Michigan 1st,Electric Utilities and Public Power,62.22
1071,Michigan 1st,Fire Stations and Equipment,9.53
1071,Michigan 1st,General Purpose/Public Improvements,127.09
1071,Michigan 1st,Government and Public Buildings,3.11
1071,Michigan 1st,Hospitals,1627.23
1071,Michigan 1st,Libraries and Museums,50.15
1071,Michigan 1st,Lifecare/Retirement Centers,29.64
1071,Michigan 1st,Other,0.53
1071,Michigan 1st,Other Transportation,0.98
1071,Michigan 1st,Pollution Control,141.52
1071,Michigan 1st,Primary/Secondary Education,788.52
1071,Michigan 1st,Public Higher Education,307.65
1071,Michigan 1st,Sewer,11.3
1071,Michigan 1st,Stadiums/Sports Complexes,0.96
1071,Michigan 1st,Streets and Highways,18.42
1071,Michigan 1st,UNKNOWN,0.28
1071,Michigan 1st,Water Utilities,36.23
1071,Michigan 1st,Water/Sewer Utilities,13.2
1078,Michigan 2nd,Airports,75.56
1078,Michigan 2nd,Charter Schools,3.6
1078,Michigan 2nd,Electric Utilities and Public Power,4.36
1078,Michigan 2nd,Flood Control/Storm Drainage,3.26
1078,Michigan 2nd,General Purpose/Public Improvements,107.82
1078,Michigan 2nd,Government and Public Buildings,16.53
1078,Michigan 2nd,Hospitals,3794.03
1078,Michigan 2nd,Lifecare/Retirement Centers,29.64
1078,Michigan 2nd,Other,4.3
1078,Michigan 2nd,Other Health Care,56.6
1078,Michigan 2nd,Other Transportation,0.15
1078,Michigan 2nd,Pollution Control,141.52
1078,Michigan 2nd,Primary/Secondary Education,1647.21
1078,Michigan 2nd,Public Higher Education,231.78
1078,Michigan 2nd,Sewer,32.24
1078,Michigan 2nd,Streets and Highways,16.2
1078,Michigan 2nd,UNKNOWN,0.4
1078,Michigan 2nd,Water Utilities,33.06
1078,Michigan 2nd,Water/Sewer Utilities,25.76
1084,Michigan 3rd,Airports,75.56
1084,Michigan 3rd,Charter Schools,4.04
1084,Michigan 3rd,Fire Stations and Equipment,16.24
1084,Michigan 3rd,General Purpose/Public Improvements,267.48
1084,Michigan 3rd,Government and Public Buildings,20.17
1084,Michigan 3rd,Hospitals,2598.75
1084,Michigan 3rd,Libraries and Museums,1.01
1084,Michigan 3rd,Lifecare/Retirement Centers,190.05
1084,Michigan 3rd,Other Health Care,56.6
1084,Michigan 3rd,Parking Facilities,21.97
1084,Michigan 3rd,"Parks, Zoos and Beaches",30.88
1084,Michigan 3rd,Pollution Control,141.52
1084,Michigan 3rd,Primary/Secondary Education,1844.58
1084,Michigan 3rd,Private Higher Education,63.86
1084,Michigan 3rd,Public Higher Education,197.24
1084,Michigan 3rd,Senior Housing/Independent Living,52.86
1084,Michigan 3rd,Sewer,198.24
1084,Michigan 3rd,Solid Waste/Resource Recovery,14.55
1084,Michigan 3rd,Streets and Highways,26.76
1084,Michigan 3rd,Water Utilities,223.06
1084,Michigan 3rd,Water/Sewer Utilities,16.5
1089,Michigan 4th,Combined Utilities,2.84
1089,Michigan 4th,Courts and Courtroom Facilities,80.72
1089,Michigan 4th,Fire Stations and Equipment,17.32
1089,Michigan 4th,General Purpose/Public Improvements,236.49
1089,Michigan 4th,Government and Public Buildings,3.9
1089,Michigan 4th,Hospitals,1190.34
1089,Michigan 4th,Lifecare/Retirement Centers,73.38
1089,Michigan 4th,Multi-Family Housing,16.82
1089,Michigan 4th,Other Health Care,56.6
1089,Michigan 4th,"Parks, Zoos and Beaches",1.25
1089,Michigan 4th,Police Stations and Equipment,7.35
1089,Michigan 4th,Primary/Secondary Education,2219.3
1089,Michigan 4th,Private Higher Education,38.6
1089,Michigan 4th,Public Higher Education,264.66
1089,Michigan 4th,Sewer,118.42
1089,Michigan 4th,Solid Waste/Resource Recovery,14.55
1089,Michigan 4th,Streets and Highways,23.06
1089,Michigan 4th,Telecommunications Equipment,17.54
1089,Michigan 4th,Toll Roads,1.15
1089,Michigan 4th,Water Utilities,177.66
1089,Michigan 4th,Water/Sewer Utilities,28.54
1094,Michigan 5th,Airports,1.07
1094,Michigan 5th,Combined Utilities,0.07
1094,Michigan 5th,Courts and Courtroom Facilities,18.26
1094,Michigan 5th,Electric Utilities and Public Power,13.72
1094,Michigan 5th,Fire Stations and Equipment,0.88
1094,Michigan 5th,General Purpose/Public Improvements,129.6
1094,Michigan 5th,Government and Public Buildings,9.37
1094,Michigan 5th,Hospitals,1875.07
1094,Michigan 5th,Human Services,0.96
1094,Michigan 5th,Lifecare/Retirement Centers,59.8
1094,Michigan 5th,Mass/Rapid Transit,15.58
1094,Michigan 5th,Multi-Family Housing,17.95
1094,Michigan 5th,Nursing Homes,8.83
1094,Michigan 5th,Other,1.66
1094,Michigan 5th,"Parks, Zoos and Beaches",1.5
1094,Michigan 5th,Police Stations and Equipment,20.97
1094,Michigan 5th,Pollution Control,141.52
1094,Michigan 5th,Primary/Secondary Education,1049.16
1094,Michigan 5th,Private Higher Education,48.9
1094,Michigan 5th,Public Higher Education,72.41
1094,Michigan 5th,Redevelopment/Land Clearance,2.37
1094,Michigan 5th,Sewer,12.2
1094,Michigan 5th,Solid Waste/Resource Recovery,0.46
1094,Michigan 5th,Streets and Highways,86.92
1094,Michigan 5th,Telecommunications Equipment,14.66
1094,Michigan 5th,Water Utilities,27.12
1094,Michigan 5th,Water/Sewer Utilities,18.44
1100,Michigan 6th,Bridges,21.84
1100,Michigan 6th,Charter Schools,21.46
1100,Michigan 6th,Combined Utilities,1.8
1100,Michigan 6th,Electric Utilities and Public Power,2.58
1100,Michigan 6th,Fire Stations and Equipment,7.46
1100,Michigan 6th,General Purpose/Public Improvements,149.72
1100,Michigan 6th,Hospitals,3937.08
1100,Michigan 6th,Libraries and Museums,12.79
1100,Michigan 6th,Lifecare/Retirement Centers,47.86
1100,Michigan 6th,Multi-Family Housing,49.2
1100,Michigan 6th,Nursing Homes,23.91
1100,Michigan 6th,Other Health Care,56.6
1100,Michigan 6th,Parking Facilities,3.09
1100,Michigan 6th,Pollution Control,141.52
1100,Michigan 6th,Primary/Secondary Education,1848.44
1100,Michigan 6th,Public Higher Education,1845.94
1100,Michigan 6th,Sanitation,0.44
1100,Michigan 6th,Sewer,498.49
1100,Michigan 6th,Stadiums/Sports Complexes,16.98
1100,Michigan 6th,Streets and Highways,30.09
1100,Michigan 6th,Water Utilities,1967.68
1100,Michigan 6th,Water/Sewer Utilities,33.59
1105,Michigan 7th,Bridges,1.84
1105,Michigan 7th,Charter Schools,4.06
1105,Michigan 7th,Combined Utilities,821.58
1105,Michigan 7th,Courts and Courtroom Facilities,52.15
1105,Michigan 7th,Fire Stations and Equipment,9.44
1105,Michigan 7th,Flood Control/Storm Drainage,5.4
1105,Michigan 7th,General Purpose/Public Improvements,276.2
1105,Michigan 7th,Government and Public Buildings,35.16
1105,Michigan 7th,Hospitals,3679.58
1105,Michigan 7th,Human Services,7.34
1105,Michigan 7th,Libraries and Museums,5.95
1105,Michigan 7th,Lifecare/Retirement Centers,64.37
1105,Michigan 7th,Multi-Family Housing,9.58
1105,Michigan 7th,Other Health Care,78.56
1105,Michigan 7th,Parking Facilities,0.18
1105,Michigan 7th,"Parks, Zoos and Beaches",6.03
1105,Michigan 7th,Police Stations and Equipment,1.95
1105,Michigan 7th,Pollution Control,141.52
1105,Michigan 7th,Primary/Secondary Education,1681.32
1105,Michigan 7th,Private Higher Education,58.11
1105,Michigan 7th,Public Higher Education,1295.76
1105,Michigan 7th,Redevelopment/Land Clearance,6.75
1105,Michigan 7th,Sanitation,1.48
1105,Michigan 7th,Sewer,24.68
1105,Michigan 7th,Solid Waste/Resource Recovery,5.51
1105,Michigan 7th,Streets and Highways,37.84
1105,Michigan 7th,Theaters,20
1105,Michigan 7th,Water Utilities,11.24
1105,Michigan 7th,Water/Sewer Utilities,0.54
1110,Michigan 8th,Charter Schools,23.21
1110,Michigan 8th,Civic/Convention Centers,5.27
1110,Michigan 8th,Courts and Courtroom Facilities,32.99
1110,Michigan 8th,Fire Stations and Equipment,4.04
1110,Michigan 8th,Flood Control/Storm Drainage,0.3
1110,Michigan 8th,General Purpose/Public Improvements,99.59
1110,Michigan 8th,Hospitals,1565.06
1110,Michigan 8th,Libraries and Museums,7.82
1110,Michigan 8th,Police Stations and Equipment,4.04
1110,Michigan 8th,Primary/Secondary Education,1061.23
1110,Michigan 8th,Private Higher Education,35.18
1110,Michigan 8th,Public Higher Education,1746.52
1110,Michigan 8th,Redevelopment/Land Clearance,11.96
1110,Michigan 8th,Senior Housing/Independent Living,12.71
1110,Michigan 8th,Sewer,27.4
1110,Michigan 8th,Solid Waste/Resource Recovery,8.56
1110,Michigan 8th,Streets and Highways,25.81
1110,Michigan 8th,Water Utilities,414.14
1110,Michigan 8th,Water/Sewer Utilities,66.2
1115,Michigan 9th,Civic/Convention Centers,6.38
1115,Michigan 9th,Fire Stations and Equipment,15.34
1115,Michigan 9th,Flood Control/Storm Drainage,172.73
1115,Michigan 9th,General Purpose/Public Improvements,111.08
1115,Michigan 9th,Government and Public Buildings,13.82
1115,Michigan 9th,Hospitals,1604.86
1115,Michigan 9th,Libraries and Museums,32.87
1115,Michigan 9th,Mass/Rapid Transit,0.02
1115,Michigan 9th,Other Health Care,56.6
1115,Michigan 9th,Pollution Control,141.52
1115,Michigan 9th,Primary/Secondary Education,1952.46
1115,Michigan 9th,Redevelopment/Land Clearance,3.32
1115,Michigan 9th,Sewer,44.86
1115,Michigan 9th,Solid Waste/Resource Recovery,7.73
1115,Michigan 9th,Streets and Highways,10.46
1115,Michigan 9th,Water Utilities,243.24
1115,Michigan 9th,Water/Sewer Utilities,19.73
1120,Michigan 10th,Charter Schools,9.2
1120,Michigan 10th,Civic/Convention Centers,11.54
1120,Michigan 10th,Fire Stations and Equipment,20.04
1120,Michigan 10th,Flood Control/Storm Drainage,172.6
1120,Michigan 10th,General Purpose/Public Improvements,194.06
1120,Michigan 10th,Government and Public Buildings,0.9
1120,Michigan 10th,Hospitals,2694.28
1120,Michigan 10th,"Parks, Zoos and Beaches",2.84
1120,Michigan 10th,Pollution Control,141.52
1120,Michigan 10th,Primary/Secondary Education,1368.03
1120,Michigan 10th,Sewer,1583.5
1120,Michigan 10th,Solid Waste/Resource Recovery,7.73
1120,Michigan 10th,Streets and Highways,97.98
1120,Michigan 10th,Water Utilities,1916.72
1120,Michigan 10th,Water/Sewer Utilities,34.91
1124,Michigan 11th,Charter Schools,5.56
1124,Michigan 11th,Courts and Courtroom Facilities,1.14
1124,Michigan 11th,Flood Control/Storm Drainage,65.13
1124,Michigan 11th,General Purpose/Public Improvements,244
1124,Michigan 11th,Government and Public Buildings,0.1
1124,Michigan 11th,Hospitals,5178.3
1124,Michigan 11th,Libraries and Museums,7.2
1124,Michigan 11th,Lifecare/Retirement Centers,22.41
1124,Michigan 11th,Other Health Care,56.6
1124,Michigan 11th,"Parks, Zoos and Beaches",35.98
1124,Michigan 11th,Police Stations and Equipment,5.77
1124,Michigan 11th,Pollution Control,141.52
1124,Michigan 11th,Primary/Secondary Education,2295.84
1124,Michigan 11th,Private Higher Education,53.28
1124,Michigan 11th,Public Higher Education,283.1
1124,Michigan 11th,Sewer,1536.07
1124,Michigan 11th,Solid Waste/Resource Recovery,7.73
1124,Michigan 11th,Streets and Highways,51.4
1124,Michigan 11th,Water Utilities,1907.84
1124,Michigan 11th,Water/Sewer Utilities,13.5
1129,Michigan 12th,Charter Schools,20.94
1129,Michigan 12th,Civic/Convention Centers,198.84
1129,Michigan 12th,Courts and Courtroom Facilities,4.14
1129,Michigan 12th,Flood Control/Storm Drainage,0.44
1129,Michigan 12th,General Purpose/Public Improvements,505.33
1129,Michigan 12th,Government and Public Buildings,10.48
1129,Michigan 12th,Hospitals,3937.08
1129,Michigan 12th,Lifecare/Retirement Centers,22.41
1129,Michigan 12th,Other Health Care,56.6
1129,Michigan 12th,Pollution Control,141.52
1129,Michigan 12th,Primary/Secondary Education,1769.3
1129,Michigan 12th,Private Higher Education,13.07
1129,Michigan 12th,Public Higher Education,1621.38
1129,Michigan 12th,Sewer,2154.38
1129,Michigan 12th,Solid Waste/Resource Recovery,7.73
1129,Michigan 12th,Stadiums/Sports Complexes,16.98
1129,Michigan 12th,Streets and Highways,57.74
1129,Michigan 12th,Student Housing,39.2
1129,Michigan 12th,Water Utilities,1950.9
1129,Michigan 12th,Water/Sewer Utilities,735.9
1133,Michigan 13th,Airports,1165.42
1133,Michigan 13th,Charter Schools,81.18
1133,Michigan 13th,Civic/Convention Centers,198.84
1133,Michigan 13th,Combined Utilities,3.48
1133,Michigan 13th,Electric Utilities and Public Power,14.78
1133,Michigan 13th,General Purpose/Public Improvements,525.6
1133,Michigan 13th,Hospitals,3754.7
1133,Michigan 13th,Lifecare/Retirement Centers,54.71
1133,Michigan 13th,Other Recreation,2.4
1133,Michigan 13th,Pollution Control,141.52
1133,Michigan 13th,Primary/Secondary Education,1225.21
1133,Michigan 13th,Private Higher Education,84.62
1133,Michigan 13th,Public Higher Education,343.54
1133,Michigan 13th,Senior Housing/Independent Living,18
1133,Michigan 13th,Sewer,2117.16
1133,Michigan 13th,Stadiums/Sports Complexes,16.98
1133,Michigan 13th,Streets and Highways,12.22
1133,Michigan 13th,Water Utilities,1938.45
1133,Michigan 13th,Water/Sewer Utilities,660.36
1137,Minnesota 1st,Charter Schools,20.08
1137,Minnesota 1st,Civic/Convention Centers,29.8
1137,Minnesota 1st,Combined Utilities,393.42
1137,Minnesota 1st,Courts and Courtroom Facilities,44.24
1137,Minnesota 1st,Electric Utilities and Public Power,274.31
1137,Minnesota 1st,Fire Stations and Equipment,8.42
1137,Minnesota 1st,Flood Control/Storm Drainage,21.66
1137,Minnesota 1st,GAS,240
1137,Minnesota 1st,General Purpose/Public Improvements,513.56
1137,Minnesota 1st,Government and Public Buildings,53.86
1137,Minnesota 1st,Hospitals,2004.1
1137,Minnesota 1st,Lifecare/Retirement Centers,413.13
1137,Minnesota 1st,Multi-Family Housing,39.2
1137,Minnesota 1st,Nursing Homes,16.3
1137,Minnesota 1st,Other,1.6
1137,Minnesota 1st,Other Recreation,16.92
1137,Minnesota 1st,Other Transportation,0.2
1137,Minnesota 1st,Other Utilities,11.87
1137,Minnesota 1st,Parking Facilities,19.44
1137,Minnesota 1st,"Parks, Zoos and Beaches",42.94
1137,Minnesota 1st,Police Stations and Equipment,30.3
1137,Minnesota 1st,Primary/Secondary Education,2032.38
1137,Minnesota 1st,Private Higher Education,55.6
1137,Minnesota 1st,Public Higher Education,730.14
1137,Minnesota 1st,Sanitation,22.18
1137,Minnesota 1st,Seaports and Marine Terminals,1.77
1137,Minnesota 1st,Sewer,48.58
1137,Minnesota 1st,Solid Waste/Resource Recovery,42.74
1137,Minnesota 1st,Streets and Highways,150.57
1137,Minnesota 1st,Toll Roads,0.86
1137,Minnesota 1st,UNKNOWN,1.09
1137,Minnesota 1st,Water Utilities,37.34
1137,Minnesota 1st,Water/Sewer Utilities,31.24
1146,Minnesota 2nd,Airports,1273.5
1146,Minnesota 2nd,Charter Schools,18.37
1146,Minnesota 2nd,Civic/Convention Centers,1.38
1146,Minnesota 2nd,Combined Utilities,22.53
1146,Minnesota 2nd,Courts and Courtroom Facilities,21.31
1146,Minnesota 2nd,Economic Development,0.91
1146,Minnesota 2nd,Fire Stations and Equipment,23.65
1146,Minnesota 2nd,Flood Control/Storm Drainage,12.38
1146,Minnesota 2nd,General Purpose/Public Improvements,607.38
1146,Minnesota 2nd,Government and Public Buildings,76.6
1146,Minnesota 2nd,Hospitals,1388.73
1146,Minnesota 2nd,Lifecare/Retirement Centers,803.38
1146,Minnesota 2nd,Mass/Rapid Transit,366.88
1146,Minnesota 2nd,Multi-Family Housing,37.37
1146,Minnesota 2nd,Nursing Homes,53.58
1146,Minnesota 2nd,Other,12.04
1146,Minnesota 2nd,Other Recreation,16.34
1146,Minnesota 2nd,Parking Facilities,33.75
1146,Minnesota 2nd,"Parks, Zoos and Beaches",89.32
1146,Minnesota 2nd,Police Stations and Equipment,62.18
1146,Minnesota 2nd,Primary/Secondary Education,2037.06
1146,Minnesota 2nd,Private Higher Education,267.1
1146,Minnesota 2nd,Redevelopment/Land Clearance,0.82
1146,Minnesota 2nd,Senior Housing/Independent Living,132.48
1146,Minnesota 2nd,Sewer,636.02
1146,Minnesota 2nd,Single Family Housing,44.74
1146,Minnesota 2nd,Stadiums/Sports Complexes,15.68
1146,Minnesota 2nd,Streets and Highways,200.75
1146,Minnesota 2nd,Water Utilities,15.97
1146,Minnesota 2nd,Water/Sewer Utilities,8.72
1152,Minnesota 3rd,Airports,1273.5
1152,Minnesota 3rd,Bridges,6.32
1152,Minnesota 3rd,Charter Schools,220.08
1152,Minnesota 3rd,Combined Utilities,5.94
1152,Minnesota 3rd,Fire Stations and Equipment,59.55
1152,Minnesota 3rd,Flood Control/Storm Drainage,9.07
1152,Minnesota 3rd,General Purpose/Public Improvements,1755.34
1152,Minnesota 3rd,Hospitals,1486.06
1152,Minnesota 3rd,Libraries and Museums,2.04
1152,Minnesota 3rd,Lifecare/Retirement Centers,841.37
1152,Minnesota 3rd,Mass/Rapid Transit,740.86
1152,Minnesota 3rd,Multi-Family Housing,103.94
1152,Minnesota 3rd,Nursing Homes,53.58
1152,Minnesota 3rd,Other Recreation,1.71
1152,Minnesota 3rd,Parking Facilities,40.1
1152,Minnesota 3rd,"Parks, Zoos and Beaches",127.36
1152,Minnesota 3rd,Police Stations and Equipment,0.38
1152,Minnesota 3rd,Primary/Secondary Education,1973.37
1152,Minnesota 3rd,Redevelopment/Land Clearance,11.9
1152,Minnesota 3rd,Seaports and Marine Terminals,6.2
1152,Minnesota 3rd,Sewer,623.43
1152,Minnesota 3rd,Stadiums/Sports Complexes,47.1
1152,Minnesota 3rd,Streets and Highways,166.72
1152,Minnesota 3rd,Water Utilities,78.67
1152,Minnesota 3rd,Water/Sewer Utilities,47.88
1158,Minnesota 4th,Airports,1273.5
1158,Minnesota 4th,Charter Schools,308.31
1158,Minnesota 4th,Combined Utilities,6.09
1158,Minnesota 4th,Fire Stations and Equipment,17.12
1158,Minnesota 4th,Flood Control/Storm Drainage,7.84
1158,Minnesota 4th,General Purpose/Public Improvements,721.92
1158,Minnesota 4th,Government and Public Buildings,25.9
1158,Minnesota 4th,Hospitals,2286.3
1158,Minnesota 4th,Industrial Development,46.1
1158,Minnesota 4th,Libraries and Museums,17.58
1158,Minnesota 4th,Lifecare/Retirement Centers,746.8
1158,Minnesota 4th,Malls/Shopping Centers,1.06
1158,Minnesota 4th,Mass/Rapid Transit,366.88
1158,Minnesota 4th,Multi-Family Housing,124.96
1158,Minnesota 4th,Nursing Homes,92.86
1158,Minnesota 4th,OFFICE BLDG/LTD PARTN,1.81
1158,Minnesota 4th,Other Health Care,10
1158,Minnesota 4th,Parking Facilities,55.1
1158,Minnesota 4th,"Parks, Zoos and Beaches",20.96
1158,Minnesota 4th,Primary/Secondary Education,2473.64
1158,Minnesota 4th,Private Higher Education,585.36
1158,Minnesota 4th,Redevelopment/Land Clearance,53.86
1158,Minnesota 4th,Seaports and Marine Terminals,38.74
1158,Minnesota 4th,Senior Housing/Independent Living,6.51
1158,Minnesota 4th,Sewer,705.04
1158,Minnesota 4th,Single Family Housing,383.64
1158,Minnesota 4th,Solid Waste/Resource Recovery,30.72
1158,Minnesota 4th,Stadiums/Sports Complexes,11.64
1158,Minnesota 4th,Streets and Highways,131.66
1158,Minnesota 4th,Student Housing,44.56
1158,Minnesota 4th,Water Utilities,100.75
1158,Minnesota 4th,Water/Sewer Utilities,1.97
1164,Minnesota 5th,Airports,1273.5
1164,Minnesota 5th,Charter Schools,129.93
1164,Minnesota 5th,Economic Development,1.51
1164,Minnesota 5th,Flood Control/Storm Drainage,4.06
1164,Minnesota 5th,General Purpose/Public Improvements,1867.81
1164,Minnesota 5th,Government and Public Buildings,114.02
1164,Minnesota 5th,Hospitals,2228.3
1164,Minnesota 5th,Libraries and Museums,6.62
1164,Minnesota 5th,Lifecare/Retirement Centers,673.54
1164,Minnesota 5th,Mass/Rapid Transit,740.86
1164,Minnesota 5th,Multi-Family Housing,274.02
1164,Minnesota 5th,Nursing Homes,84.42
1164,Minnesota 5th,Other Recreation,3.42
1164,Minnesota 5th,Parking Facilities,42.02
1164,Minnesota 5th,"Parks, Zoos and Beaches",145.15
1164,Minnesota 5th,Primary/Secondary Education,1502.21
1164,Minnesota 5th,Private Higher Education,45.56
1164,Minnesota 5th,Public Higher Education,737.34
1164,Minnesota 5th,Redevelopment/Land Clearance,22.45
1164,Minnesota 5th,Senior Housing/Independent Living,76.12
1164,Minnesota 5th,Sewer,621.04
1164,Minnesota 5th,Single Family Housing,383.64
1164,Minnesota 5th,Stadiums/Sports Complexes,34.18
1164,Minnesota 5th,Streets and Highways,86.41
1164,Minnesota 5th,Student Housing,39.99
1164,Minnesota 5th,Water Utilities,9.36
1164,Minnesota 5th,Water/Sewer Utilities,79.92
1169,Minnesota 6th,Airports,1273.5
1169,Minnesota 6th,Charter Schools,122.7
1169,Minnesota 6th,Civic/Convention Centers,30.74
1169,Minnesota 6th,Combined Utilities,405.99
1169,Minnesota 6th,Courts and Courtroom Facilities,17.34
1169,Minnesota 6th,Economic Development,14.56
1169,Minnesota 6th,Electric Utilities and Public Power,48.52
1169,Minnesota 6th,Fire Stations and Equipment,7.8
1169,Minnesota 6th,Flood Control/Storm Drainage,1.1
1169,Minnesota 6th,GAS,240
1169,Minnesota 6th,General Purpose/Public Improvements,625.28
1169,Minnesota 6th,Government and Public Buildings,98.28
1169,Minnesota 6th,Hospitals,1991.52
1169,Minnesota 6th,LD PRESERVTN,0.16
1169,Minnesota 6th,Libraries and Museums,2.04
1169,Minnesota 6th,Lifecare/Retirement Centers,404.18
1169,Minnesota 6th,Mass/Rapid Transit,370.71
1169,Minnesota 6th,Multi-Family Housing,5.1
1169,Minnesota 6th,Nursing Homes,93.42
1169,Minnesota 6th,Other,0.52
1169,Minnesota 6th,Other Transportation,3.48
1169,Minnesota 6th,Other Utilities,2.88
1169,Minnesota 6th,Parking Facilities,33.75
1169,Minnesota 6th,"Parks, Zoos and Beaches",22.87
1169,Minnesota 6th,Police Stations and Equipment,49.65
1169,Minnesota 6th,Pollution Control,62.96
1169,Minnesota 6th,Primary/Secondary Education,2066.14
1169,Minnesota 6th,Private Higher Education,71.76
1169,Minnesota 6th,Redevelopment/Land Clearance,1.16
1169,Minnesota 6th,Senior Housing/Independent Living,88.81
1169,Minnesota 6th,Sewer,646.13
1169,Minnesota 6th,Stadiums/Sports Complexes,17.35
1169,Minnesota 6th,Streets and Highways,204.8
1169,Minnesota 6th,Telecommunications Equipment,6.31
1169,Minnesota 6th,Water Utilities,96.45
1169,Minnesota 6th,Water/Sewer Utilities,63.87
1176,Minnesota 7th,Airports,2.42
1176,Minnesota 7th,Civic/Convention Centers,14.2
1176,Minnesota 7th,Combined Utilities,39.92
1176,Minnesota 7th,Courts and Courtroom Facilities,101.07
1176,Minnesota 7th,Economic Development,0.3
1176,Minnesota 7th,Electric Utilities and Public Power,198.13
1176,Minnesota 7th,Fire Stations and Equipment,12.82
1176,Minnesota 7th,Flood Control/Storm Drainage,12.42
1176,Minnesota 7th,GAS,3.4
1176,Minnesota 7th,General Purpose/Public Improvements,790.82
1176,Minnesota 7th,Government and Public Buildings,29.99
1176,Minnesota 7th,Higher Education,2.46
1176,Minnesota 7th,Hospitals,3323.61
1176,Minnesota 7th,Libraries and Museums,3.81
1176,Minnesota 7th,Lifecare/Retirement Centers,584.52
1176,Minnesota 7th,Multi-Family Housing,2.2
1176,Minnesota 7th,Nursing Homes,48.47
1176,Minnesota 7th,OTHER PUB SVC,0.28
1176,Minnesota 7th,Other,0.84
1176,Minnesota 7th,Other Recreation,14.8
1176,Minnesota 7th,Other Utilities,2.62
1176,Minnesota 7th,Parking Facilities,0.88
1176,Minnesota 7th,"Parks, Zoos and Beaches",20.17
1176,Minnesota 7th,Police Stations and Equipment,17.78
1176,Minnesota 7th,Primary/Secondary Education,2490.85
1176,Minnesota 7th,Private Higher Education,26.68
1176,Minnesota 7th,Public Higher Education,730.14
1176,Minnesota 7th,Redevelopment/Land Clearance,0.96
1176,Minnesota 7th,Sanitation,25.66
1176,Minnesota 7th,Seaports and Marine Terminals,1.38
1176,Minnesota 7th,Senior Housing/Independent Living,1.98
1176,Minnesota 7th,Sewer,59.54
1176,Minnesota 7th,Solid Waste/Resource Recovery,45.21
1176,Minnesota 7th,Stadiums/Sports Complexes,5.48
1176,Minnesota 7th,Streets and Highways,174.7
1176,Minnesota 7th,Telecommunications Equipment,0.3
1176,Minnesota 7th,UNKNOWN,1.4
1177,Minnesota 7th,Water Utilities,39.85
1177,Minnesota 7th,Water/Sewer Utilities,77
1189,Minnesota 8th,Airports,0.56
1189,Minnesota 8th,Bridges,18.02
1189,Minnesota 8th,Charter Schools,36.67
1189,Minnesota 8th,Civic/Convention Centers,87.82
1189,Minnesota 8th,Combined Utilities,1.72
1189,Minnesota 8th,Courts and Courtroom Facilities,232.57
1189,Minnesota 8th,Electric Utilities and Public Power,74.3
1189,Minnesota 8th,Fire Stations and Equipment,8.89
1189,Minnesota 8th,Flood Control/Storm Drainage,6.64
1189,Minnesota 8th,General Purpose/Public Improvements,468.35
1189,Minnesota 8th,Government and Public Buildings,75.87
1189,Minnesota 8th,Hospitals,2210.84
1189,Minnesota 8th,Libraries and Museums,1.26
1189,Minnesota 8th,Lifecare/Retirement Centers,607.8
1189,Minnesota 8th,Mass/Rapid Transit,17.98
1189,Minnesota 8th,Nursing Homes,58.77
1189,Minnesota 8th,OFFICE BLDG/LTD PARTN,6.28
1189,Minnesota 8th,OTHER HSG,8.64
1189,Minnesota 8th,Other,3.24
1189,Minnesota 8th,Other Recreation,2.66
1189,Minnesota 8th,"Parks, Zoos and Beaches",23.3
1189,Minnesota 8th,Police Stations and Equipment,7.22
1189,Minnesota 8th,Primary/Secondary Education,2221.47
1189,Minnesota 8th,Private Higher Education,30.19
1189,Minnesota 8th,Private Human Service Providers,49.5
1189,Minnesota 8th,Public Higher Education,730.14
1189,Minnesota 8th,Sanitation,3.66
1189,Minnesota 8th,Senior Housing/Independent Living,10.76
1189,Minnesota 8th,Sewer,15.74
1189,Minnesota 8th,Stadiums/Sports Complexes,14.72
1189,Minnesota 8th,Streets and Highways,112.32
1189,Minnesota 8th,Telecommunications Equipment,1.68
1189,Minnesota 8th,UNKNOWN,1.11
1189,Minnesota 8th,Water Utilities,31.68
1189,Minnesota 8th,Water/Sewer Utilities,38.02
1198,Missouri 1st,Airports,724.3
1198,Missouri 1st,Charter Schools,29.52
1198,Missouri 1st,Civic/Convention Centers,289.97
1198,Missouri 1st,Courts and Courtroom Facilities,76.54
1198,Missouri 1st,Fire Stations and Equipment,90.4
1198,Missouri 1st,General Purpose/Public Improvements,564.75
1198,Missouri 1st,Government and Public Buildings,41.3
1198,Missouri 1st,Hospitals,2896.34
1198,Missouri 1st,Hotels,4.73
1198,Missouri 1st,Industrial Development,23.1
1198,Missouri 1st,Libraries and Museums,139.2
1198,Missouri 1st,Lifecare/Retirement Centers,582.39
1198,Missouri 1st,Malls/Shopping Centers,11.72
1198,Missouri 1st,Mass/Rapid Transit,196.38
1198,Missouri 1st,Multi-Family Housing,103.47
1198,Missouri 1st,Other,18
1198,Missouri 1st,Parking Facilities,46.51
1198,Missouri 1st,"Parks, Zoos and Beaches",63.4
1198,Missouri 1st,Police Stations and Equipment,24.4
1198,Missouri 1st,Pollution Control,160
1198,Missouri 1st,Primary/Secondary Education,1160.47
1198,Missouri 1st,Private Higher Education,655.79
1198,Missouri 1st,Public Higher Education,810.01
1198,Missouri 1st,Redevelopment/Land Clearance,239.96
1198,Missouri 1st,Senior Housing/Independent Living,47.3
1198,Missouri 1st,Sewer,999.42
1198,Missouri 1st,Stadiums/Sports Complexes,84
1198,Missouri 1st,Streets and Highways,19.42
1198,Missouri 1st,Telecommunications Equipment,91.18
1198,Missouri 1st,Theaters,24.66
1198,Missouri 1st,Water/Sewer Utilities,201.14
1204,Missouri 2nd,Civic/Convention Centers,123.6
1204,Missouri 2nd,Courts and Courtroom Facilities,73.36
1204,Missouri 2nd,Fire Stations and Equipment,103.42
1204,Missouri 2nd,Flood Control/Storm Drainage,4.56
1204,Missouri 2nd,General Purpose/Public Improvements,484.5
1204,Missouri 2nd,Government and Public Buildings,46.76
1204,Missouri 2nd,Hospitals,1988.08
1204,Missouri 2nd,Industrial Development,25.58
1204,Missouri 2nd,Libraries and Museums,17.74
1204,Missouri 2nd,Lifecare/Retirement Centers,1077.14
1204,Missouri 2nd,Malls/Shopping Centers,4.59
1204,Missouri 2nd,Mass/Rapid Transit,196.38
1204,Missouri 2nd,Multi-Family Housing,45.7
1204,Missouri 2nd,"Parks, Zoos and Beaches",28.01
1204,Missouri 2nd,Police Stations and Equipment,16.55
1204,Missouri 2nd,Pollution Control,160
1204,Missouri 2nd,Primary/Secondary Education,2017.49
1204,Missouri 2nd,Private Higher Education,35.88
1204,Missouri 2nd,Public Higher Education,206.61
1204,Missouri 2nd,Redevelopment/Land Clearance,59.53
1204,Missouri 2nd,Sewer,1001.12
1204,Missouri 2nd,Stadiums/Sports Complexes,3.85
1204,Missouri 2nd,Streets and Highways,23.9
1204,Missouri 2nd,Telecommunications Equipment,91.18
1204,Missouri 2nd,Water Utilities,20.55
1204,Missouri 2nd,Water/Sewer Utilities,217.88
1210,Missouri 3rd,Civic/Convention Centers,10
1210,Missouri 3rd,Combined Utilities,46.58
1210,Missouri 3rd,Courts and Courtroom Facilities,23.68
1210,Missouri 3rd,Electric Utilities and Public Power,47.18
1210,Missouri 3rd,Fire Stations and Equipment,80.04
1210,Missouri 3rd,Flood Control/Storm Drainage,12.6
1210,Missouri 3rd,General Purpose/Public Improvements,510.86
1210,Missouri 3rd,Government and Public Buildings,103.92
1210,Missouri 3rd,Hospitals,1974.14
1210,Missouri 3rd,Libraries and Museums,17.74
1210,Missouri 3rd,Lifecare/Retirement Centers,585.58
1210,Missouri 3rd,Malls/Shopping Centers,3.62
1210,Missouri 3rd,Multi-Family Housing,22.7
1210,Missouri 3rd,Parking Facilities,7.84
1210,Missouri 3rd,"Parks, Zoos and Beaches",79.91
1210,Missouri 3rd,Police Stations and Equipment,8.93
1210,Missouri 3rd,Pollution Control,160
1210,Missouri 3rd,Primary/Secondary Education,2068.86
1210,Missouri 3rd,Private Higher Education,13.01
1210,Missouri 3rd,Public Higher Education,602.08
1210,Missouri 3rd,Redevelopment/Land Clearance,9.34
1210,Missouri 3rd,Sewer,54.7
1210,Missouri 3rd,Solid Waste/Resource Recovery,3.96
1210,Missouri 3rd,Streets and Highways,7.02
1210,Missouri 3rd,Water Utilities,218.84
1210,Missouri 3rd,Water/Sewer Utilities,156.67
1216,Missouri 4th,Combined Utilities,46.58
1216,Missouri 4th,Courts and Courtroom Facilities,22.18
1216,Missouri 4th,Electric Utilities and Public Power,2.45
1216,Missouri 4th,Fire Stations and Equipment,40.68
1216,Missouri 4th,General Purpose/Public Improvements,344.37
1216,Missouri 4th,Government and Public Buildings,9.82
1216,Missouri 4th,Hospitals,243.76
1216,Missouri 4th,Lifecare/Retirement Centers,43.45
1216,Missouri 4th,Multi-Family Housing,3.82
1216,Missouri 4th,OFFICE BLDG/LTD PARTN,0.36
1216,Missouri 4th,Parking Facilities,7.84
1216,Missouri 4th,"Parks, Zoos and Beaches",53.17
1216,Missouri 4th,Police Stations and Equipment,31.96
1216,Missouri 4th,Primary/Secondary Education,1674.03
1216,Missouri 4th,Private Higher Education,21.06
1216,Missouri 4th,Public Higher Education,29.96
1216,Missouri 4th,Redevelopment/Land Clearance,15.42
1216,Missouri 4th,Sewer,176.32
1216,Missouri 4th,Solid Waste/Resource Recovery,3.96
1216,Missouri 4th,Streets and Highways,77.88
1216,Missouri 4th,Water Utilities,69.38
1216,Missouri 4th,Water/Sewer Utilities,60.25
1224,Missouri 5th,Airports,118.68
1224,Missouri 5th,Bridges,49.42
1224,Missouri 5th,Civic/Convention Centers,102.26
1224,Missouri 5th,Courts and Courtroom Facilities,273.98
1224,Missouri 5th,Fire Stations and Equipment,44.91
1224,Missouri 5th,General Purpose/Public Improvements,832.03
1224,Missouri 5th,Hospitals,978.08
1224,Missouri 5th,Libraries and Museums,168.5
1224,Missouri 5th,Lifecare/Retirement Centers,186.32
1224,Missouri 5th,Malls/Shopping Centers,43.84
1224,Missouri 5th,Mass/Rapid Transit,180.9
1224,Missouri 5th,Multi-Family Housing,127.78
1224,Missouri 5th,Other,16.31
1224,Missouri 5th,Other Recreation,51.01
1224,Missouri 5th,Parking Facilities,18.76
1224,Missouri 5th,Pollution Control,160
1224,Missouri 5th,Primary/Secondary Education,1400.06
1224,Missouri 5th,Private Higher Education,2.31
1224,Missouri 5th,Public Higher Education,552.84
1224,Missouri 5th,Redevelopment/Land Clearance,233.16
1224,Missouri 5th,Sewer,631.52
1224,Missouri 5th,Stadiums/Sports Complexes,173.6
1224,Missouri 5th,Streets and Highways,142.6
1224,Missouri 5th,Water Utilities,412.34
1224,Missouri 5th,Water/Sewer Utilities,80.22
1228,Missouri 6th,Airports,118.68
1228,Missouri 6th,Bridges,50.09
1228,Missouri 6th,COGENERATION,10.42
1228,Missouri 6th,Civic/Convention Centers,102.26
1228,Missouri 6th,Courts and Courtroom Facilities,6.08
1228,Missouri 6th,Electric Utilities and Public Power,852.2
1228,Missouri 6th,Fire Stations and Equipment,41.27
1228,Missouri 6th,General Purpose/Public Improvements,663.87
1228,Missouri 6th,Government and Public Buildings,3.24
1228,Missouri 6th,Hospitals,1751.04
1228,Missouri 6th,Lifecare/Retirement Centers,19.66
1228,Missouri 6th,Malls/Shopping Centers,43.84
1228,Missouri 6th,Mass/Rapid Transit,186.32
1228,Missouri 6th,Multi-Family Housing,77.9
1228,Missouri 6th,Other,16.31
1228,Missouri 6th,Other Recreation,52.43
1228,Missouri 6th,Parking Facilities,46.3
1228,Missouri 6th,"Parks, Zoos and Beaches",7.42
1228,Missouri 6th,Pollution Control,173.7
1228,Missouri 6th,Primary/Secondary Education,1502.04
1228,Missouri 6th,Private Higher Education,50.62
1228,Missouri 6th,Public Higher Education,21.92
1228,Missouri 6th,Redevelopment/Land Clearance,245.34
1228,Missouri 6th,Sewer,540.84
1228,Missouri 6th,Streets and Highways,167.91
1228,Missouri 6th,Student Housing,21.57
1228,Missouri 6th,Water Utilities,492.76
1228,Missouri 6th,Water/Sewer Utilities,228.71
1236,Missouri 7th,Airports,5.96
1236,Missouri 7th,Combined Utilities,377.94
1236,Missouri 7th,Courts and Courtroom Facilities,109.84
1236,Missouri 7th,Fire Stations and Equipment,10.7
1236,Missouri 7th,Flood Control/Storm Drainage,1.16
1236,Missouri 7th,General Purpose/Public Improvements,158
1236,Missouri 7th,Government and Public Buildings,39.54
1236,Missouri 7th,Hospitals,836.52
1236,Missouri 7th,Lifecare/Retirement Centers,28.04
1236,Missouri 7th,Other,18
1236,Missouri 7th,Other Recreation,10.79
1236,Missouri 7th,Parking Facilities,3.18
1236,Missouri 7th,"Parks, Zoos and Beaches",11.84
1236,Missouri 7th,Police Stations and Equipment,10.02
1236,Missouri 7th,Primary/Secondary Education,1381.42
1236,Missouri 7th,Private Higher Education,11.42
1236,Missouri 7th,Public Higher Education,14.57
1236,Missouri 7th,Redevelopment/Land Clearance,49.59
1236,Missouri 7th,Sewer,77.4
1236,Missouri 7th,Stadiums/Sports Complexes,3.64
1236,Missouri 7th,Streets and Highways,0.28
1236,Missouri 7th,Water/Sewer Utilities,11.15
1242,Missouri 8th,Courts and Courtroom Facilities,29.76
1242,Missouri 8th,General Purpose/Public Improvements,121.08
1242,Missouri 8th,Government and Public Buildings,12.74
1242,Missouri 8th,Hospitals,2196.74
1242,Missouri 8th,Libraries and Museums,0.31
1242,Missouri 8th,Lifecare/Retirement Centers,111.02
1242,Missouri 8th,Malls/Shopping Centers,27.6
1242,Missouri 8th,Other,20.8
1242,Missouri 8th,Other Health Care,0.82
1242,Missouri 8th,"Parks, Zoos and Beaches",9.32
1242,Missouri 8th,Pollution Control,160
1242,Missouri 8th,Primary/Secondary Education,971.86
1242,Missouri 8th,Private Higher Education,11.42
1242,Missouri 8th,Public Higher Education,740.84
1242,Missouri 8th,Redevelopment/Land Clearance,83.56
1242,Missouri 8th,Sewer,3.58
1242,Missouri 8th,Streets and Highways,8.18
1242,Missouri 8th,Water Utilities,24.43
1242,Missouri 8th,Water/Sewer Utilities,3.64
1249,Mississippi 1st,Combined Utilities,6.4
1249,Mississippi 1st,Courts and Courtroom Facilities,15.08
1249,Mississippi 1st,Electric Utilities and Public Power,6.6
1249,Mississippi 1st,General Purpose/Public Improvements,157.45
1249,Mississippi 1st,Government and Public Buildings,27.87
1249,Mississippi 1st,Hospitals,467.79
1249,Mississippi 1st,Industrial Development,88.2
1249,Mississippi 1st,Primary/Secondary Education,155.55
1249,Mississippi 1st,Public Higher Education,213.28
1249,Mississippi 1st,Redevelopment/Land Clearance,8.36
1249,Mississippi 1st,Streets and Highways,0.61
1249,Mississippi 1st,Water Utilities,0.68
1249,Mississippi 1st,Water/Sewer Utilities,46.98
1254,Mississippi 2nd,Airports,0.18
1254,Mississippi 2nd,Bridges,12.5
1254,Mississippi 2nd,Combined Utilities,0.48
1254,Mississippi 2nd,Courts and Courtroom Facilities,70.9
1254,Mississippi 2nd,Electric Utilities and Public Power,83.7
1254,Mississippi 2nd,General Purpose/Public Improvements,230.57
1254,Mississippi 2nd,Government and Public Buildings,1.8
1254,Mississippi 2nd,Hospitals,259.23
1254,Mississippi 2nd,Industrial Development,45
1254,Mississippi 2nd,Primary/Secondary Education,170.34
1254,Mississippi 2nd,Public Higher Education,103.62
1254,Mississippi 2nd,Redevelopment/Land Clearance,2.7
1254,Mississippi 2nd,Seaports and Marine Terminals,0.54
1254,Mississippi 2nd,Sewer,4.28
1254,Mississippi 2nd,Streets and Highways,22.04
1254,Mississippi 2nd,Water/Sewer Utilities,3.98
1259,Mississippi 3rd,Courts and Courtroom Facilities,5.72
1259,Mississippi 3rd,Electric Utilities and Public Power,6.59
1259,Mississippi 3rd,Fire Stations and Equipment,7.84
1259,Mississippi 3rd,GAS,7.05
1259,Mississippi 3rd,General Purpose/Public Improvements,178.39
1259,Mississippi 3rd,Government and Public Buildings,11.5
1259,Mississippi 3rd,Hospitals,339.78
1259,Mississippi 3rd,Mass/Rapid Transit,3.86
1259,Mississippi 3rd,Multi-Family Housing,13.55
1259,Mississippi 3rd,Other Recreation,1.82
1259,Mississippi 3rd,Other Transportation,2.6
1259,Mississippi 3rd,"Parks, Zoos and Beaches",8.22
1259,Mississippi 3rd,Police Stations and Equipment,5.49
1259,Mississippi 3rd,Pollution Control,42.62
1259,Mississippi 3rd,Primary/Secondary Education,65.02
1259,Mississippi 3rd,Public Higher Education,312.77
1259,Mississippi 3rd,Sewer,80.71
1259,Mississippi 3rd,Stadiums/Sports Complexes,12.56
1259,Mississippi 3rd,Streets and Highways,19.25
1259,Mississippi 3rd,Water Utilities,5
1259,Mississippi 3rd,Water/Sewer Utilities,13.03
1264,Mississippi 4th,Combined Utilities,4.71
1264,Mississippi 4th,General Purpose/Public Improvements,137.92
1264,Mississippi 4th,Hospitals,187.58
1264,Mississippi 4th,Industrial Development,0
1264,Mississippi 4th,Other Recreation,6.68
1264,Mississippi 4th,Parking Facilities,6.47
1264,Mississippi 4th,Police Stations and Equipment,7
1264,Mississippi 4th,Pollution Control,42.62
1264,Mississippi 4th,Primary/Secondary Education,211.87
1264,Mississippi 4th,Public Higher Education,132.93
1264,Mississippi 4th,Redevelopment/Land Clearance,1.9
1264,Mississippi 4th,Seaports and Marine Terminals,19.42
1264,Mississippi 4th,Streets and Highways,4.24
1264,Mississippi 4th,Water/Sewer Utilities,54.2
1268,Montana 1st,Courts and Courtroom Facilities,28.16
1268,Montana 1st,Fire Stations and Equipment,6.3
1268,Montana 1st,General Purpose/Public Improvements,75.66
1268,Montana 1st,Hospitals,147.19
1268,Montana 1st,Libraries and Museums,33.3
1268,Montana 1st,Lifecare/Retirement Centers,55.75
1268,Montana 1st,Multi-Family Housing,19.16
1268,Montana 1st,Nursing Homes,0.31
1268,Montana 1st,"Parks, Zoos and Beaches",30.13
1268,Montana 1st,Pollution Control,144.66
1268,Montana 1st,Primary/Secondary Education,636.08
1268,Montana 1st,Public Higher Education,164.16
1268,Montana 1st,Redevelopment/Land Clearance,9.54
1268,Montana 1st,Sewer,12.01
1268,Montana 1st,Stadiums/Sports Complexes,2.28
1268,Montana 1st,Streets and Highways,0.86
1268,Montana 1st,Student Housing,40.68
1268,Montana 1st,Telecommunications Equipment,61.9
1268,Montana 1st,Water Utilities,91.18
1268,Montana 1st,Water/Sewer Utilities,4.53
1273,Montana 2nd,Airports,0.6
1273,Montana 2nd,Civic/Convention Centers,5.18
1273,Montana 2nd,Courts and Courtroom Facilities,17.26
1273,Montana 2nd,Fire Stations and Equipment,4.5
1273,Montana 2nd,Flood Control/Storm Drainage,2.34
1273,Montana 2nd,General Purpose/Public Improvements,25.86
1273,Montana 2nd,Hospitals,187.46
1273,Montana 2nd,Hotels,2.66
1273,Montana 2nd,LD PRESERVTN,1.02
1273,Montana 2nd,Multi-Family Housing,14.67
1273,Montana 2nd,Parking Facilities,5.9
1273,Montana 2nd,"Parks, Zoos and Beaches",1.64
1273,Montana 2nd,Pollution Control,283.12
1273,Montana 2nd,Primary/Secondary Education,368.66
1273,Montana 2nd,Public Higher Education,164.16
1273,Montana 2nd,Redevelopment/Land Clearance,22.9
1273,Montana 2nd,Sewer,50.6
1273,Montana 2nd,Solid Waste/Resource Recovery,18.11
1273,Montana 2nd,Streets and Highways,6.49
1273,Montana 2nd,Student Housing,40.68
1273,Montana 2nd,Water Utilities,69.42
1279,North Carolina 1st,Civic/Convention Centers,28.59
1279,North Carolina 1st,General Purpose/Public Improvements,123.44
1279,North Carolina 1st,Hospitals,285.67
1279,North Carolina 1st,Multi-Family Housing,18.22
1279,North Carolina 1st,Primary/Secondary Education,52.79
1279,North Carolina 1st,Public Higher Education,1166.12
1279,North Carolina 1st,Streets and Highways,3.15
1279,North Carolina 1st,Student Housing,92.48
1279,North Carolina 1st,Water Utilities,7.28
1279,North Carolina 1st,Water/Sewer Utilities,20.02
1283,North Carolina 2nd,Airports,142.34
1283,North Carolina 2nd,Combined Utilities,25.15
1283,North Carolina 2nd,Courts and Courtroom Facilities,128.24
1283,North Carolina 2nd,Electric Utilities and Public Power,19.13
1283,North Carolina 2nd,General Purpose/Public Improvements,2688.52
1283,North Carolina 2nd,Government and Public Buildings,56.52
1283,North Carolina 2nd,Hospitals,934.08
1283,North Carolina 2nd,Libraries and Museums,21.9
1283,North Carolina 2nd,Lifecare/Retirement Centers,125.26
1283,North Carolina 2nd,Multi-Family Housing,122.86
1283,North Carolina 2nd,"Parks, Zoos and Beaches",141.9
1283,North Carolina 2nd,Primary/Secondary Education,226
1283,North Carolina 2nd,Private Higher Education,7.04
1283,North Carolina 2nd,Public Higher Education,1410.83
1283,North Carolina 2nd,Streets and Highways,23.34
1283,North Carolina 2nd,Student Housing,121.58
1283,North Carolina 2nd,Toll Roads,1916.44
1283,North Carolina 2nd,Water/Sewer Utilities,633.5
1288,North Carolina 3rd,Combined Utilities,157.02
1288,North Carolina 3rd,General Purpose/Public Improvements,338.22
1288,North Carolina 3rd,Government and Public Buildings,17.11
1288,North Carolina 3rd,Hospitals,285.67
1288,North Carolina 3rd,Lifecare/Retirement Centers,91.82
1288,North Carolina 3rd,Multi-Family Housing,36.22
1288,North Carolina 3rd,Other Health Care,0.79
1288,North Carolina 3rd,Primary/Secondary Education,199.02
1288,North Carolina 3rd,Public Higher Education,1428.3
1288,North Carolina 3rd,Streets and Highways,11.05
1288,North Carolina 3rd,Student Housing,92.48
1288,North Carolina 3rd,Water/Sewer Utilities,122.52
1292,North Carolina 4th,Combined Utilities,25.15
1292,North Carolina 4th,Courts and Courtroom Facilities,128.24
1292,North Carolina 4th,Electric Utilities and Public Power,19.13
1292,North Carolina 4th,Fire Stations and Equipment,14.32
1292,North Carolina 4th,General Purpose/Public Improvements,3298.61
1292,North Carolina 4th,Government and Public Buildings,74.72
1292,North Carolina 4th,Hospitals,690.49
1292,North Carolina 4th,Libraries and Museums,21.9
1292,North Carolina 4th,Lifecare/Retirement Centers,186.64
1292,North Carolina 4th,Multi-Family Housing,24.14
1292,North Carolina 4th,Parking Facilities,46.08
1292,North Carolina 4th,"Parks, Zoos and Beaches",28.34
1292,North Carolina 4th,Primary/Secondary Education,326.51
1292,North Carolina 4th,Private Higher Education,697.51
1292,North Carolina 4th,Public Higher Education,1255.32
1292,North Carolina 4th,Single Family Housing,2.12
1292,North Carolina 4th,Streets and Highways,44.5
1292,North Carolina 4th,Student Housing,92.48
1292,North Carolina 4th,Toll Roads,1916.44
1292,North Carolina 4th,Water/Sewer Utilities,616.73
1296,North Carolina 5th,Fire Stations and Equipment,9.56
1296,North Carolina 5th,General Purpose/Public Improvements,713.38
1296,North Carolina 5th,Government and Public Buildings,21.88
1296,North Carolina 5th,Hospitals,384.64
1296,North Carolina 5th,Lifecare/Retirement Centers,53.09
1296,North Carolina 5th,Multi-Family Housing,18.22
1296,North Carolina 5th,"Parks, Zoos and Beaches",52.46
1296,North Carolina 5th,Primary/Secondary Education,340.87
1296,North Carolina 5th,Public Higher Education,1505.24
1296,North Carolina 5th,Student Housing,128.08
1296,North Carolina 5th,Water/Sewer Utilities,373.53
1300,North Carolina 6th,Combined Utilities,40.77
1300,North Carolina 6th,Fire Stations and Equipment,11.77
1300,North Carolina 6th,General Purpose/Public Improvements,1029.34
1300,North Carolina 6th,Hospitals,3243.3
1300,North Carolina 6th,Libraries and Museums,23.2
1300,North Carolina 6th,Lifecare/Retirement Centers,404.65
1300,North Carolina 6th,Multi-Family Housing,27.43
1300,North Carolina 6th,"Parks, Zoos and Beaches",47.64
1300,North Carolina 6th,Police Stations and Equipment,8.98
1300,North Carolina 6th,Primary/Secondary Education,449.66
1300,North Carolina 6th,Private Higher Education,39.34
1300,North Carolina 6th,Public Higher Education,1.65
1300,North Carolina 6th,Sewer,0.26
1300,North Carolina 6th,Water/Sewer Utilities,137.1
1305,North Carolina 7th,Combined Utilities,434.49
1305,North Carolina 7th,Courts and Courtroom Facilities,58.2
1305,North Carolina 7th,Flood Control/Storm Drainage,15.6
1305,North Carolina 7th,General Purpose/Public Improvements,428.68
1305,North Carolina 7th,Government and Public Buildings,70.18
1305,North Carolina 7th,Hospitals,829.87
1305,North Carolina 7th,Industrial Development,20
1305,North Carolina 7th,Libraries and Museums,50.62
1305,North Carolina 7th,Lifecare/Retirement Centers,139.05
1305,North Carolina 7th,Multi-Family Housing,18.22
1305,North Carolina 7th,"Parks, Zoos and Beaches",29.1
1305,North Carolina 7th,Pollution Control,13.6
1305,North Carolina 7th,Primary/Secondary Education,368.95
1305,North Carolina 7th,Public Higher Education,1227.46
1305,North Carolina 7th,Stadiums/Sports Complexes,2.05
1305,North Carolina 7th,Streets and Highways,54.32
1305,North Carolina 7th,Student Housing,106.1
1305,North Carolina 7th,Water Utilities,30.32
1305,North Carolina 7th,Water/Sewer Utilities,417.1
1309,North Carolina 8th,Combined Utilities,40.77
1309,North Carolina 8th,Fire Stations and Equipment,11.77
1309,North Carolina 8th,GAS,29.02
1309,North Carolina 8th,General Purpose/Public Improvements,357.3
1309,North Carolina 8th,Government and Public Buildings,6.08
1309,North Carolina 8th,Hospitals,3049.48
1309,North Carolina 8th,Human Services,242.4
1309,North Carolina 8th,Lifecare/Retirement Centers,356.12
1309,North Carolina 8th,Multi-Family Housing,32.35
1309,North Carolina 8th,"Parks, Zoos and Beaches",39.9
1309,North Carolina 8th,Police Stations and Equipment,11.63
1309,North Carolina 8th,Primary/Secondary Education,355.78
1309,North Carolina 8th,Streets and Highways,7.9
1309,North Carolina 8th,Water/Sewer Utilities,412.02
1313,North Carolina 9th,Combined Utilities,415.78
1313,North Carolina 9th,Courts and Courtroom Facilities,68.74
1313,North Carolina 9th,General Purpose/Public Improvements,683.63
1313,North Carolina 9th,Hospitals,177.86
1313,North Carolina 9th,Lifecare/Retirement Centers,42.86
1313,North Carolina 9th,Multi-Family Housing,18.22
1313,North Carolina 9th,"Parks, Zoos and Beaches",29.1
1313,North Carolina 9th,Primary/Secondary Education,428.24
1313,North Carolina 9th,Public Higher Education,40.12
1313,North Carolina 9th,Stadiums/Sports Complexes,2.05
1313,North Carolina 9th,Water Utilities,7.12
1313,North Carolina 9th,Water/Sewer Utilities,126.1
1317,North Carolina 10th,Flood Control/Storm Drainage,6.64
1317,North Carolina 10th,General Purpose/Public Improvements,842.9
1317,North Carolina 10th,Government and Public Buildings,8.28
1317,North Carolina 10th,Hospitals,2520.14
1317,North Carolina 10th,Libraries and Museums,23.2
1317,North Carolina 10th,Lifecare/Retirement Centers,186.56
1317,North Carolina 10th,Multi-Family Housing,30.22
1317,North Carolina 10th,Other,2.66
1317,North Carolina 10th,"Parks, Zoos and Beaches",8.9
1317,North Carolina 10th,Primary/Secondary Education,251.3
1317,North Carolina 10th,Private Higher Education,249.1
1317,North Carolina 10th,Public Higher Education,1213.08
1317,North Carolina 10th,Sewer,23.92
1317,North Carolina 10th,Streets and Highways,55
1317,North Carolina 10th,Student Housing,116.69
1317,North Carolina 10th,Water Utilities,11.31
1317,North Carolina 10th,Water/Sewer Utilities,349.35
1321,North Carolina 11th,Courts and Courtroom Facilities,23.33
1321,North Carolina 11th,General Purpose/Public Improvements,287.12
1321,North Carolina 11th,Lifecare/Retirement Centers,221.08
1321,North Carolina 11th,Multi-Family Housing,18.22
1321,North Carolina 11th,Other Transportation,9.82
1321,North Carolina 11th,Primary/Secondary Education,224.82
1321,North Carolina 11th,Public Higher Education,1295.74
1321,North Carolina 11th,Senior Housing/Independent Living,17.86
1321,North Carolina 11th,Sewer,88.15
1321,North Carolina 11th,Student Housing,169.3
1321,North Carolina 11th,Water Utilities,86.46
1325,North Carolina 12th,Airports,1240.25
1325,North Carolina 12th,Civic/Convention Centers,110.52
1325,North Carolina 12th,Flood Control/Storm Drainage,278.12
1325,North Carolina 12th,General Purpose/Public Improvements,2417.66
1325,North Carolina 12th,Government and Public Buildings,196.38
1325,North Carolina 12th,Hospitals,2976.28
1325,North Carolina 12th,Lifecare/Retirement Centers,187.3
1325,North Carolina 12th,Mass/Rapid Transit,215.94
1325,North Carolina 12th,Multi-Family Housing,168.46
1325,North Carolina 12th,Primary/Secondary Education,736.86
1325,North Carolina 12th,Sanitation,1.12
1325,North Carolina 12th,Sewer,20.71
1325,North Carolina 12th,Solid Waste/Resource Recovery,41.8
1325,North Carolina 12th,Water/Sewer Utilities,1877.78
1330,North Carolina 13th,Courts and Courtroom Facilities,128.24
1330,North Carolina 13th,Electric Utilities and Public Power,19.13
1330,North Carolina 13th,Fire Stations and Equipment,8.7
1330,North Carolina 13th,General Purpose/Public Improvements,2368.4
1330,North Carolina 13th,Government and Public Buildings,57.84
1330,North Carolina 13th,Libraries and Museums,21.9
1330,North Carolina 13th,Multi-Family Housing,24.14
1330,North Carolina 13th,"Parks, Zoos and Beaches",40.92
1330,North Carolina 13th,Primary/Secondary Education,389.72
1330,North Carolina 13th,Private Higher Education,39.62
1330,North Carolina 13th,Public Higher Education,14.95
1330,North Carolina 13th,Sewer,147.74
1330,North Carolina 13th,Stadiums/Sports Complexes,13.84
1330,North Carolina 13th,Streets and Highways,25.16
1330,North Carolina 13th,Water Utilities,91.34
1330,North Carolina 13th,Water/Sewer Utilities,397
1335,North Carolina 14th,Combined Utilities,0.36
1335,North Carolina 14th,Courts and Courtroom Facilities,30.34
1335,North Carolina 14th,Electric Utilities and Public Power,393.96
1335,North Carolina 14th,General Purpose/Public Improvements,1514.82
1335,North Carolina 14th,Hospitals,3200.46
1335,North Carolina 14th,Lifecare/Retirement Centers,42.32
1335,North Carolina 14th,Multi-Family Housing,18.22
1335,North Carolina 14th,Other Transportation,31.54
1335,North Carolina 14th,"Parks, Zoos and Beaches",5.25
1335,North Carolina 14th,Primary/Secondary Education,916.24
1335,North Carolina 14th,Sanitation,1.12
1335,North Carolina 14th,Solid Waste/Resource Recovery,41.8
1335,North Carolina 14th,Water/Sewer Utilities,51.1
1340,North Dakota 0th,Bridges,0.69
1340,North Dakota 0th,Civic/Convention Centers,2.06
1340,North Dakota 0th,Courts and Courtroom Facilities,41.08
1340,North Dakota 0th,Economic Development,1.28
1340,North Dakota 0th,Fire Stations and Equipment,9.28
1340,North Dakota 0th,Flood Control/Storm Drainage,65.19
1340,North Dakota 0th,General Purpose/Public Improvements,1332.93
1340,North Dakota 0th,Government and Public Buildings,21.95
1340,North Dakota 0th,Hospitals,991.85
1340,North Dakota 0th,Industrial Development,0.6
1340,North Dakota 0th,Lifecare/Retirement Centers,132.02
1340,North Dakota 0th,Multi-Family Housing,1.07
1340,North Dakota 0th,New Public Housing,3.38
1340,North Dakota 0th,Other Recreation,29.86
1340,North Dakota 0th,Other Transportation,0.2
1340,North Dakota 0th,"Parks, Zoos and Beaches",206.87
1340,North Dakota 0th,Pollution Control,35.5
1340,North Dakota 0th,Primary/Secondary Education,961.06
1340,North Dakota 0th,Private Higher Education,35
1340,North Dakota 0th,Public Higher Education,467.38
1340,North Dakota 0th,Sanitation,11.9
1340,North Dakota 0th,Sewer,45.28
1340,North Dakota 0th,Streets and Highways,60.56
1340,North Dakota 0th,Water Utilities,229.69
1340,North Dakota 0th,Water/Sewer Utilities,83.6
1349,Nebraska 1st,AGRICULTURE,0.96
1349,Nebraska 1st,Airports,13.41
1349,Nebraska 1st,Civic/Convention Centers,1.49
1349,Nebraska 1st,Combined Utilities,59.62
1349,Nebraska 1st,Courts and Courtroom Facilities,5.3
1349,Nebraska 1st,Electric Utilities and Public Power,5002.3
1349,Nebraska 1st,Fire Stations and Equipment,30.19
1349,Nebraska 1st,Flood Control/Storm Drainage,22.88
1349,Nebraska 1st,General Purpose/Public Improvements,233.04
1349,Nebraska 1st,Government and Public Buildings,6.28
1349,Nebraska 1st,Hospitals,344.19
1349,Nebraska 1st,Libraries and Museums,1.8
1349,Nebraska 1st,Lifecare/Retirement Centers,106.92
1349,Nebraska 1st,Nursing Homes,0.6
1349,Nebraska 1st,Other Recreation,32.9
1349,Nebraska 1st,Parking Facilities,15.53
1349,Nebraska 1st,"Parks, Zoos and Beaches",13.68
1349,Nebraska 1st,Police Stations and Equipment,6.04
1349,Nebraska 1st,Primary/Secondary Education,1009.36
1349,Nebraska 1st,Public Higher Education,845.4
1349,Nebraska 1st,Sanitation,83.66
1349,Nebraska 1st,Sewer,109.18
1349,Nebraska 1st,Solid Waste/Resource Recovery,0.46
1349,Nebraska 1st,Stadiums/Sports Complexes,3.56
1349,Nebraska 1st,Streets and Highways,227.67
1349,Nebraska 1st,Student Housing,48.86
1349,Nebraska 1st,Water Utilities,260.11
1349,Nebraska 1st,Water/Sewer Utilities,11.74
1356,Nebraska 2nd,Airports,8.16
1356,Nebraska 2nd,Civic/Convention Centers,109.92
1356,Nebraska 2nd,Combined Utilities,1.34
1356,Nebraska 2nd,Courts and Courtroom Facilities,0.68
1356,Nebraska 2nd,Electric Utilities and Public Power,3396.63
1356,Nebraska 2nd,Fire Stations and Equipment,9.89
1356,Nebraska 2nd,Flood Control/Storm Drainage,36.36
1356,Nebraska 2nd,GAS,2477.76
1356,Nebraska 2nd,General Purpose/Public Improvements,534.9
1356,Nebraska 2nd,Government and Public Buildings,117.8
1356,Nebraska 2nd,Hospitals,761.07
1356,Nebraska 2nd,Hotels,13.46
1356,Nebraska 2nd,Libraries and Museums,14.88
1356,Nebraska 2nd,Lifecare/Retirement Centers,103.08
1356,Nebraska 2nd,Mass/Rapid Transit,70.85
1356,Nebraska 2nd,Other Recreation,18.02
1356,Nebraska 2nd,Parking Facilities,2.13
1356,Nebraska 2nd,"Parks, Zoos and Beaches",34.68
1356,Nebraska 2nd,Primary/Secondary Education,2172.52
1356,Nebraska 2nd,Private Higher Education,179.72
1356,Nebraska 2nd,Public Higher Education,773.3
1356,Nebraska 2nd,Redevelopment/Land Clearance,71.67
1356,Nebraska 2nd,Sanitation,305.58
1356,Nebraska 2nd,Sewer,207.85
1356,Nebraska 2nd,Stadiums/Sports Complexes,64.54
1356,Nebraska 2nd,Streets and Highways,294.57
1356,Nebraska 2nd,Water Utilities,221.84
1356,Nebraska 2nd,Water/Sewer Utilities,1.72
1362,Nebraska 3rd,Airports,17.98
1362,Nebraska 3rd,Bridges,0.81
1362,Nebraska 3rd,Civic/Convention Centers,0.76
1362,Nebraska 3rd,Combined Utilities,65.13
1362,Nebraska 3rd,Courts and Courtroom Facilities,94.18
1362,Nebraska 3rd,Electric Utilities and Public Power,5320.96
1362,Nebraska 3rd,Fire Stations and Equipment,14.4
1362,Nebraska 3rd,Flood Control/Storm Drainage,36.51
1362,Nebraska 3rd,General Purpose/Public Improvements,189.48
1362,Nebraska 3rd,Government and Public Buildings,20.66
1362,Nebraska 3rd,Hospitals,101.59
1362,Nebraska 3rd,IRRIGATION,0.47
1362,Nebraska 3rd,Libraries and Museums,3.81
1362,Nebraska 3rd,Nursing Homes,3.29
1362,Nebraska 3rd,Other Recreation,19.19
1362,Nebraska 3rd,Parking Facilities,0.62
1362,Nebraska 3rd,"Parks, Zoos and Beaches",31.34
1362,Nebraska 3rd,Police Stations and Equipment,0.53
1362,Nebraska 3rd,Primary/Secondary Education,599.42
1362,Nebraska 3rd,Public Higher Education,812.2
1362,Nebraska 3rd,Sewer,21.23
1362,Nebraska 3rd,Solid Waste/Resource Recovery,1.94
1362,Nebraska 3rd,Stadiums/Sports Complexes,35.36
1362,Nebraska 3rd,Streets and Highways,192.04
1362,Nebraska 3rd,Toll Roads,0.48
1362,Nebraska 3rd,Water Utilities,50.84
1362,Nebraska 3rd,Water/Sewer Utilities,12.73
1376,New Hampshire 1st,Economic Development,0.74
1376,New Hampshire 1st,Fire Stations and Equipment,5.94
1376,New Hampshire 1st,General Purpose/Public Improvements,473.17
1376,New Hampshire 1st,Government and Public Buildings,7.68
1376,New Hampshire 1st,Hospitals,266.84
1376,New Hampshire 1st,Lifecare/Retirement Centers,154.79
1376,New Hampshire 1st,Multi-Family Housing,53.24
1376,New Hampshire 1st,Parking Facilities,7.26
1376,New Hampshire 1st,Primary/Secondary Education,114.4
1376,New Hampshire 1st,Private Higher Education,62.41
1376,New Hampshire 1st,Sewer,152.21
1376,New Hampshire 1st,Streets and Highways,8
1376,New Hampshire 1st,Water/Sewer Utilities,1.94
1381,New Hampshire 2nd,Courts and Courtroom Facilities,10.46
1381,New Hampshire 2nd,Fire Stations and Equipment,13.42
1381,New Hampshire 2nd,General Purpose/Public Improvements,387.27
1381,New Hampshire 2nd,Hospitals,715.95
1381,New Hampshire 2nd,Lifecare/Retirement Centers,15.8
1381,New Hampshire 2nd,Multi-Family Housing,53.24
1381,New Hampshire 2nd,Nursing Homes,20.16
1381,New Hampshire 2nd,Primary/Secondary Education,158.46
1381,New Hampshire 2nd,Private Higher Education,351.86
1381,New Hampshire 2nd,Public Higher Education,237.66
1381,New Hampshire 2nd,Water Utilities,6.78
1381,New Hampshire 2nd,Water/Sewer Utilities,0.82
1384,New Jersey 1st,Charter Schools,42.72
1384,New Jersey 1st,Fire Stations and Equipment,2.72
1384,New Jersey 1st,General Purpose/Public Improvements,1169.46
1384,New Jersey 1st,Government and Public Buildings,7.76
1384,New Jersey 1st,Higher Education,522.44
1384,New Jersey 1st,Hospitals,1259.91
1384,New Jersey 1st,Lifecare/Retirement Centers,50.77
1384,New Jersey 1st,Mass/Rapid Transit,481.8
1384,New Jersey 1st,Multi-Family Housing,114.23
1384,New Jersey 1st,Other Education,0
1384,New Jersey 1st,Other Health Care,73.34
1384,New Jersey 1st,Other Transportation,0
1384,New Jersey 1st,"Parks, Zoos and Beaches",1.75
1384,New Jersey 1st,Pollution Control,23.15
1384,New Jersey 1st,Primary/Secondary Education,741.14
1384,New Jersey 1st,Private Higher Education,10.42
1384,New Jersey 1st,Public Higher Education,1263.91
1384,New Jersey 1st,Seaports and Marine Terminals,71.46
1384,New Jersey 1st,Sewer,3.5
1384,New Jersey 1st,Solid Waste/Resource Recovery,18.2
1384,New Jersey 1st,Streets and Highways,917.78
1384,New Jersey 1st,Student Housing,112.98
1384,New Jersey 1st,Toll Roads,6672.91
1384,New Jersey 1st,Water Utilities,27.38
1384,New Jersey 1st,Water/Sewer Utilities,101.25
1391,New Jersey 2nd,Civic/Convention Centers,164.48
1391,New Jersey 2nd,Courts and Courtroom Facilities,111.11
1391,New Jersey 2nd,Electric Utilities and Public Power,14
1391,New Jersey 2nd,Fire Stations and Equipment,33.88
1391,New Jersey 2nd,GAS,30.34
1391,New Jersey 2nd,General Purpose/Public Improvements,2407.22
1391,New Jersey 2nd,Government and Public Buildings,49.52
1391,New Jersey 2nd,Higher Education,522.44
1391,New Jersey 2nd,Hospitals,1445.64
1391,New Jersey 2nd,Lifecare/Retirement Centers,55.6
1391,New Jersey 2nd,Mass/Rapid Transit,481.8
1391,New Jersey 2nd,Other Education,0
1391,New Jersey 2nd,Other Health Care,47.7
1391,New Jersey 2nd,Other Transportation,0
1391,New Jersey 2nd,"Parks, Zoos and Beaches",86.57
1391,New Jersey 2nd,Police Stations and Equipment,6.3
1391,New Jersey 2nd,Pollution Control,23.15
1391,New Jersey 2nd,Primary/Secondary Education,657.53
1391,New Jersey 2nd,Private Higher Education,8.39
1391,New Jersey 2nd,Public Higher Education,840.84
1391,New Jersey 2nd,Sewer,57.47
1391,New Jersey 2nd,Solid Waste/Resource Recovery,18.2
1391,New Jersey 2nd,Streets and Highways,917.78
1391,New Jersey 2nd,Student Housing,53.98
1391,New Jersey 2nd,Toll Roads,6672.91
1391,New Jersey 2nd,Water Utilities,3.85
1391,New Jersey 2nd,Water/Sewer Utilities,129.6
1397,New Jersey 3rd,Bridges,89
1397,New Jersey 3rd,Courts and Courtroom Facilities,69.63
1397,New Jersey 3rd,GAS,30.34
1397,New Jersey 3rd,General Purpose/Public Improvements,1830.01
1397,New Jersey 3rd,Government and Public Buildings,89.56
1397,New Jersey 3rd,Higher Education,565.78
1397,New Jersey 3rd,Hospitals,3217.29
1397,New Jersey 3rd,Multi-Family Housing,12.74
1397,New Jersey 3rd,Other Education,0
1397,New Jersey 3rd,Other Health Care,121.05
1397,New Jersey 3rd,Other Transportation,0.66
1397,New Jersey 3rd,Pollution Control,23.15
1397,New Jersey 3rd,Primary/Secondary Education,582.6
1397,New Jersey 3rd,Private Higher Education,50.16
1397,New Jersey 3rd,Public Higher Education,403.05
1397,New Jersey 3rd,Sanitation,1.02
1397,New Jersey 3rd,Sewer,78.24
1397,New Jersey 3rd,Streets and Highways,564.24
1397,New Jersey 3rd,Toll Roads,6672.91
1397,New Jersey 3rd,Water/Sewer Utilities,66.13
1402,New Jersey 4th,Courts and Courtroom Facilities,49.48
1402,New Jersey 4th,Fire Stations and Equipment,2.94
1402,New Jersey 4th,GAS,30.34
1402,New Jersey 4th,General Purpose/Public Improvements,1513.48
1402,New Jersey 4th,Higher Education,561.44
1402,New Jersey 4th,Hospitals,2660.87
1402,New Jersey 4th,Other Education,0
1402,New Jersey 4th,Other Health Care,47.7
1402,New Jersey 4th,Primary/Secondary Education,498.71
1402,New Jersey 4th,Private Higher Education,21.31
1402,New Jersey 4th,Public Higher Education,385.1
1402,New Jersey 4th,Sewer,6.11
1402,New Jersey 4th,Streets and Highways,564.12
1402,New Jersey 4th,Toll Roads,6672.91
1402,New Jersey 4th,Water Utilities,3.85
1402,New Jersey 4th,Water/Sewer Utilities,2.04
1408,New Jersey 5th,Combined Utilities,8.82
1408,New Jersey 5th,Courts and Courtroom Facilities,56.62
1408,New Jersey 5th,Electric Utilities and Public Power,15.7
1408,New Jersey 5th,Fire Stations and Equipment,17.7
1408,New Jersey 5th,General Purpose/Public Improvements,1863.28
1408,New Jersey 5th,Government and Public Buildings,50.65
1408,New Jersey 5th,Higher Education,522.44
1408,New Jersey 5th,Hospitals,1245.9
1408,New Jersey 5th,Nursing Homes,13.58
1408,New Jersey 5th,Other,2
1408,New Jersey 5th,Other Education,0
1408,New Jersey 5th,Other Health Care,47.7
1408,New Jersey 5th,Other Recreation,7.99
1408,New Jersey 5th,Parking Facilities,10.63
1408,New Jersey 5th,"Parks, Zoos and Beaches",21.57
1408,New Jersey 5th,Primary/Secondary Education,635.61
1408,New Jersey 5th,Private Higher Education,8.39
1408,New Jersey 5th,Public Higher Education,656.57
1408,New Jersey 5th,Senior Housing/Independent Living,14.61
1408,New Jersey 5th,Sewer,123.2
1408,New Jersey 5th,Solid Waste/Resource Recovery,5.09
1408,New Jersey 5th,Streets and Highways,596.57
1408,New Jersey 5th,Toll Roads,6672.91
1408,New Jersey 5th,Water Utilities,138.24
1408,New Jersey 5th,Water/Sewer Utilities,25.14
1414,New Jersey 6th,Charter Schools,7.06
1414,New Jersey 6th,Civic/Convention Centers,54.62
1414,New Jersey 6th,Fire Stations and Equipment,1.52
1414,New Jersey 6th,GAS,30.34
1414,New Jersey 6th,General Purpose/Public Improvements,2277.8
1414,New Jersey 6th,Higher Education,561.44
1414,New Jersey 6th,Hospitals,2752.56
1414,New Jersey 6th,Industrial Development,18.22
1414,New Jersey 6th,Multi-Family Housing,5
1414,New Jersey 6th,Other,0.6
1414,New Jersey 6th,Other Education,24.81
1414,New Jersey 6th,Other Health Care,47.7
1414,New Jersey 6th,Other Recreation,1.36
1414,New Jersey 6th,Parking Facilities,243.76
1414,New Jersey 6th,Primary/Secondary Education,738.73
1414,New Jersey 6th,Private Higher Education,8.39
1414,New Jersey 6th,Public Higher Education,860.62
1414,New Jersey 6th,Redevelopment/Land Clearance,75.6
1414,New Jersey 6th,Sewer,46.68
1414,New Jersey 6th,Streets and Highways,574.99
1414,New Jersey 6th,Theaters,16
1414,New Jersey 6th,Toll Roads,6672.91
1414,New Jersey 6th,Water/Sewer Utilities,20.13
1420,New Jersey 7th,Combined Utilities,8.82
1420,New Jersey 7th,Courts and Courtroom Facilities,22.6
1420,New Jersey 7th,Fire Stations and Equipment,4.78
1420,New Jersey 7th,General Purpose/Public Improvements,1737.48
1420,New Jersey 7th,Government and Public Buildings,120.26
1420,New Jersey 7th,Higher Education,522.44
1420,New Jersey 7th,Hospitals,2454.57
1420,New Jersey 7th,Human Services,11.88
1420,New Jersey 7th,Libraries and Museums,14.52
1420,New Jersey 7th,Lifecare/Retirement Centers,22.75
1420,New Jersey 7th,Other,6.95
1420,New Jersey 7th,Other Education,0
1420,New Jersey 7th,Parking Facilities,12.98
1420,New Jersey 7th,"Parks, Zoos and Beaches",9.98
1420,New Jersey 7th,Primary/Secondary Education,754.56
1420,New Jersey 7th,Private Higher Education,8.39
1420,New Jersey 7th,Private Human Service Providers,33.42
1420,New Jersey 7th,Public Higher Education,444.24
1420,New Jersey 7th,Redevelopment/Land Clearance,1.44
1420,New Jersey 7th,Sewer,61.53
1420,New Jersey 7th,Solid Waste/Resource Recovery,5.09
1420,New Jersey 7th,Streets and Highways,614.72
1420,New Jersey 7th,Toll Roads,6672.91
1420,New Jersey 7th,Water Utilities,7.26
1420,New Jersey 7th,Water/Sewer Utilities,32.4
1427,New Jersey 8th,Charter Schools,93.22
1427,New Jersey 8th,Courts and Courtroom Facilities,527.26
1427,New Jersey 8th,General Purpose/Public Improvements,3048.09
1427,New Jersey 8th,Government and Public Buildings,137.18
1427,New Jersey 8th,Higher Education,522.44
1427,New Jersey 8th,Hospitals,2162.11
1427,New Jersey 8th,Human Services,0.22
1427,New Jersey 8th,Libraries and Museums,5.92
1427,New Jersey 8th,Mass/Rapid Transit,110
1427,New Jersey 8th,Multi-Family Housing,44.48
1427,New Jersey 8th,OTHER PUB SVC,1.19
1427,New Jersey 8th,Other,15.58
1427,New Jersey 8th,Other Education,0
1427,New Jersey 8th,Parking Facilities,57.05
1427,New Jersey 8th,"Parks, Zoos and Beaches",27.15
1427,New Jersey 8th,Police Stations and Equipment,44.9
1427,New Jersey 8th,Primary/Secondary Education,622.66
1427,New Jersey 8th,Private Higher Education,285.73
1427,New Jersey 8th,Public Higher Education,499.11
1427,New Jersey 8th,Redevelopment/Land Clearance,126.33
1427,New Jersey 8th,Sanitation,47.24
1427,New Jersey 8th,Seaports and Marine Terminals,140.94
1427,New Jersey 8th,Sewer,293.36
1427,New Jersey 8th,Solid Waste/Resource Recovery,28.56
1427,New Jersey 8th,Stadiums/Sports Complexes,39.42
1427,New Jersey 8th,Streets and Highways,566.39
1427,New Jersey 8th,Toll Roads,6672.91
1427,New Jersey 8th,Water Utilities,291.27
1427,New Jersey 8th,Water/Sewer Utilities,4.68
1432,New Jersey 9th,Courts and Courtroom Facilities,383.16
1432,New Jersey 9th,General Purpose/Public Improvements,2056.06
1432,New Jersey 9th,Government and Public Buildings,89.04
1432,New Jersey 9th,Higher Education,522.44
1432,New Jersey 9th,Hospitals,309.69
1432,New Jersey 9th,Multi-Family Housing,11.4
1432,New Jersey 9th,Nursing Homes,13.58
1432,New Jersey 9th,OTHER PUB SVC,1.19
1432,New Jersey 9th,Other Education,0
1432,New Jersey 9th,Parking Facilities,21.55
1432,New Jersey 9th,"Parks, Zoos and Beaches",26
1432,New Jersey 9th,Primary/Secondary Education,772.12
1432,New Jersey 9th,Private Higher Education,8.39
1432,New Jersey 9th,Public Higher Education,526.51
1432,New Jersey 9th,Redevelopment/Land Clearance,12.21
1432,New Jersey 9th,Senior Housing/Independent Living,14.61
1432,New Jersey 9th,Sewer,110.2
1432,New Jersey 9th,Solid Waste/Resource Recovery,53.06
1432,New Jersey 9th,Stadiums/Sports Complexes,8.2
1432,New Jersey 9th,Streets and Highways,610.87
1432,New Jersey 9th,Toll Roads,6672.91
1432,New Jersey 9th,Water Utilities,140.01
1432,New Jersey 9th,Water/Sewer Utilities,20.28
1438,New Jersey 10th,Charter Schools,219.85
1438,New Jersey 10th,Courts and Courtroom Facilities,527.26
1438,New Jersey 10th,Economic Development,75.04
1438,New Jersey 10th,General Purpose/Public Improvements,3040.52
1438,New Jersey 10th,Government and Public Buildings,137.18
1438,New Jersey 10th,Higher Education,522.44
1438,New Jersey 10th,Hospitals,2358.41
1438,New Jersey 10th,Human Services,0.22
1438,New Jersey 10th,Libraries and Museums,5.92
1438,New Jersey 10th,Mass/Rapid Transit,110
1438,New Jersey 10th,Multi-Family Housing,108.35
1438,New Jersey 10th,OTHER PUB SVC,1.19
1438,New Jersey 10th,Other,15.58
1438,New Jersey 10th,Other Education,0
1438,New Jersey 10th,Other Recreation,12.42
1438,New Jersey 10th,Parking Facilities,12.42
1438,New Jersey 10th,"Parks, Zoos and Beaches",20.45
1438,New Jersey 10th,Police Stations and Equipment,44.9
1438,New Jersey 10th,Primary/Secondary Education,741.56
1438,New Jersey 10th,Private Higher Education,8.39
1438,New Jersey 10th,Public Higher Education,1074.26
1438,New Jersey 10th,Redevelopment/Land Clearance,126.33
1438,New Jersey 10th,Seaports and Marine Terminals,140.94
1438,New Jersey 10th,Sewer,289.65
1438,New Jersey 10th,Solid Waste/Resource Recovery,28.56
1438,New Jersey 10th,Stadiums/Sports Complexes,13.77
1438,New Jersey 10th,Streets and Highways,566.39
1438,New Jersey 10th,Student Housing,167.56
1438,New Jersey 10th,Toll Roads,6672.91
1438,New Jersey 10th,Water Utilities,305.51
1438,New Jersey 10th,Water/Sewer Utilities,11.44
1444,New Jersey 11th,Courts and Courtroom Facilities,178.56
1444,New Jersey 11th,Fire Stations and Equipment,17.61
1444,New Jersey 11th,General Purpose/Public Improvements,2251.25
1444,New Jersey 11th,Government and Public Buildings,33.58
1444,New Jersey 11th,Higher Education,522.44
1444,New Jersey 11th,Hospitals,3286.87
1444,New Jersey 11th,Libraries and Museums,30
1444,New Jersey 11th,Lifecare/Retirement Centers,38.88
1444,New Jersey 11th,Multi-Family Housing,15.66
1444,New Jersey 11th,Nursing Homes,13.58
1444,New Jersey 11th,Other Education,0
1444,New Jersey 11th,Other Health Care,47.7
1444,New Jersey 11th,Parking Facilities,33.37
1444,New Jersey 11th,"Parks, Zoos and Beaches",9.98
1444,New Jersey 11th,Primary/Secondary Education,1134.43
1444,New Jersey 11th,Private Higher Education,255.61
1444,New Jersey 11th,Public Higher Education,892.47
1444,New Jersey 11th,Senior Housing/Independent Living,14.61
1444,New Jersey 11th,Sewer,114.66
1444,New Jersey 11th,Stadiums/Sports Complexes,2.18
1444,New Jersey 11th,Streets and Highways,601.97
1444,New Jersey 11th,Student Housing,157.02
1444,New Jersey 11th,Theaters,1.3
1444,New Jersey 11th,Toll Roads,6672.91
1444,New Jersey 11th,Water Utilities,254.9
1444,New Jersey 11th,Water/Sewer Utilities,26.33
1451,New Jersey 12th,Charter Schools,25.85
1451,New Jersey 12th,Courts and Courtroom Facilities,69.63
1451,New Jersey 12th,General Purpose/Public Improvements,1708.59
1451,New Jersey 12th,Government and Public Buildings,90.86
1451,New Jersey 12th,Higher Education,522.44
1451,New Jersey 12th,Hospitals,547.19
1451,New Jersey 12th,Human Services,11.67
1451,New Jersey 12th,Industrial Development,18.22
1451,New Jersey 12th,Multi-Family Housing,12.74
1451,New Jersey 12th,Other Education,10.1
1451,New Jersey 12th,Other Health Care,47.7
1451,New Jersey 12th,Other Recreation,1.36
1451,New Jersey 12th,Parking Facilities,72.02
1451,New Jersey 12th,"Parks, Zoos and Beaches",0.85
1451,New Jersey 12th,Primary/Secondary Education,632.01
1451,New Jersey 12th,Private Higher Education,3106.15
1451,New Jersey 12th,Public Higher Education,794.65
1451,New Jersey 12th,Redevelopment/Land Clearance,14.84
1451,New Jersey 12th,Sewer,18.87
1451,New Jersey 12th,Streets and Highways,571.45
1451,New Jersey 12th,Toll Roads,6672.91
1451,New Jersey 12th,Water Utilities,50.54
1451,New Jersey 12th,Water/Sewer Utilities,94.62
1456,New Mexico 1st,Civic/Convention Centers,36.48
1456,New Mexico 1st,Courts and Courtroom Facilities,55.9
1456,New Mexico 1st,Fire Stations and Equipment,2.42
1456,New Mexico 1st,Flood Control/Storm Drainage,58.9
1456,New Mexico 1st,General Purpose/Public Improvements,640.08
1456,New Mexico 1st,Government and Public Buildings,42.28
1456,New Mexico 1st,Hospitals,864.83
1456,New Mexico 1st,LD PRESERVTN,2.4
1456,New Mexico 1st,Lifecare/Retirement Centers,110.54
1456,New Mexico 1st,Mass/Rapid Transit,38.92
1456,New Mexico 1st,Multi-Family Housing,67.32
1456,New Mexico 1st,Parking Facilities,43.3
1456,New Mexico 1st,"Parks, Zoos and Beaches",15.12
1456,New Mexico 1st,Pollution Control,478.04
1456,New Mexico 1st,Primary/Secondary Education,624.86
1456,New Mexico 1st,Public Higher Education,434.71
1456,New Mexico 1st,Redevelopment/Land Clearance,1.78
1456,New Mexico 1st,Sewer,33.04
1456,New Mexico 1st,Solid Waste/Resource Recovery,37.87
1456,New Mexico 1st,Streets and Highways,88.86
1456,New Mexico 1st,Water/Sewer Utilities,380.51
1461,New Mexico 2nd,Civic/Convention Centers,34.94
1461,New Mexico 2nd,Combined Utilities,56.46
1461,New Mexico 2nd,Courts and Courtroom Facilities,92.86
1461,New Mexico 2nd,Fire Stations and Equipment,2.98
1461,New Mexico 2nd,Flood Control/Storm Drainage,60.02
1461,New Mexico 2nd,GAS,549.18
1461,New Mexico 2nd,General Purpose/Public Improvements,653.32
1461,New Mexico 2nd,Government and Public Buildings,57.34
1461,New Mexico 2nd,Hospitals,864.83
1461,New Mexico 2nd,Mass/Rapid Transit,38.92
1461,New Mexico 2nd,Multi-Family Housing,48.57
1461,New Mexico 2nd,Parking Facilities,43.3
1461,New Mexico 2nd,"Parks, Zoos and Beaches",22.42
1461,New Mexico 2nd,Pollution Control,478.04
1461,New Mexico 2nd,Primary/Secondary Education,779.18
1461,New Mexico 2nd,Public Higher Education,183.84
1461,New Mexico 2nd,Redevelopment/Land Clearance,2.77
1461,New Mexico 2nd,Sewer,29.24
1461,New Mexico 2nd,Solid Waste/Resource Recovery,37.87
1461,New Mexico 2nd,Streets and Highways,95.97
1461,New Mexico 2nd,Water/Sewer Utilities,358.56
1467,New Mexico 3rd,Civic/Convention Centers,13.68
1467,New Mexico 3rd,Courts and Courtroom Facilities,100.29
1467,New Mexico 3rd,Fire Stations and Equipment,2.5
1467,New Mexico 3rd,Flood Control/Storm Drainage,15.81
1467,New Mexico 3rd,GAS,549.18
1467,New Mexico 3rd,General Purpose/Public Improvements,168.04
1467,New Mexico 3rd,Government and Public Buildings,57.12
1467,New Mexico 3rd,Hospitals,895.86
1467,New Mexico 3rd,Lifecare/Retirement Centers,171.87
1467,New Mexico 3rd,Multi-Family Housing,75.9
1467,New Mexico 3rd,Parking Facilities,9.46
1467,New Mexico 3rd,Primary/Secondary Education,386.21
1467,New Mexico 3rd,Public Higher Education,452.1
1467,New Mexico 3rd,Sewer,12.36
1467,New Mexico 3rd,Streets and Highways,56.46
1467,New Mexico 3rd,Water Utilities,45.35
1467,New Mexico 3rd,Water/Sewer Utilities,18.8
1471,Nevada 1st,Airports,1733.06
1471,Nevada 1st,Charter Schools,91.74
1471,Nevada 1st,Civic/Convention Centers,1454.74
1471,Nevada 1st,Combined Utilities,7.86
1471,Nevada 1st,Courts and Courtroom Facilities,165.6
1471,Nevada 1st,Fire Stations and Equipment,42.34
1471,Nevada 1st,Flood Control/Storm Drainage,412.32
1471,Nevada 1st,General Purpose/Public Improvements,367.41
1471,Nevada 1st,Industrial Development,75
1471,Nevada 1st,Mass/Rapid Transit,171.82
1471,Nevada 1st,Other,16.77
1471,Nevada 1st,Other Recreation,2.9
1471,Nevada 1st,"Parks, Zoos and Beaches",136.7
1471,Nevada 1st,Pollution Control,39.5
1471,Nevada 1st,Primary/Secondary Education,3585.12
1471,Nevada 1st,Private Higher Education,9.3
1471,Nevada 1st,Public Higher Education,355.34
1471,Nevada 1st,Sewer,426.04
1471,Nevada 1st,Stadiums/Sports Complexes,626.98
1471,Nevada 1st,Streets and Highways,1415.1
1471,Nevada 1st,Water Utilities,3303.84
1471,Nevada 1st,Water/Sewer Utilities,342.38
1475,Nevada 2nd,Airports,78.4
1475,Nevada 2nd,Civic/Convention Centers,79.92
1475,Nevada 2nd,Economic Development,11.2
1475,Nevada 2nd,Fire Stations and Equipment,15
1475,Nevada 2nd,Flood Control/Storm Drainage,35.62
1475,Nevada 2nd,General Purpose/Public Improvements,236.3
1475,Nevada 2nd,Government and Public Buildings,7.6
1475,Nevada 2nd,Hospitals,109.48
1475,Nevada 2nd,Industrial Development,50
1475,Nevada 2nd,Mass/Rapid Transit,146.85
1475,Nevada 2nd,Multi-Family Housing,79.09
1475,Nevada 2nd,Other,27.99
1475,Nevada 2nd,Other Recreation,4.52
1475,Nevada 2nd,"Parks, Zoos and Beaches",8.51
1475,Nevada 2nd,Primary/Secondary Education,1556.68
1475,Nevada 2nd,Public Higher Education,355.34
1475,Nevada 2nd,Redevelopment/Land Clearance,16.69
1475,Nevada 2nd,Sewer,18.44
1475,Nevada 2nd,Streets and Highways,293.86
1475,Nevada 2nd,Water Utilities,361.72
1475,Nevada 2nd,Water/Sewer Utilities,12.3
1479,Nevada 3rd,Airports,59.92
1479,Nevada 3rd,Charter Schools,23.2
1479,Nevada 3rd,Civic/Convention Centers,493.76
1479,Nevada 3rd,Combined Utilities,7.86
1479,Nevada 3rd,Courts and Courtroom Facilities,192.39
1479,Nevada 3rd,Economic Development,18.8
1479,Nevada 3rd,Fire Stations and Equipment,42.34
1479,Nevada 3rd,Flood Control/Storm Drainage,443.98
1479,Nevada 3rd,General Purpose/Public Improvements,481.12
1479,Nevada 3rd,Government and Public Buildings,133.74
1479,Nevada 3rd,Industrial Development,75
1479,Nevada 3rd,Mass/Rapid Transit,553.28
1479,Nevada 3rd,Other,16.77
1479,Nevada 3rd,Other Recreation,2.9
1479,Nevada 3rd,Parking Facilities,9.58
1479,Nevada 3rd,"Parks, Zoos and Beaches",139.65
1479,Nevada 3rd,Pollution Control,39.5
1479,Nevada 3rd,Primary/Secondary Education,3588.82
1479,Nevada 3rd,Redevelopment/Land Clearance,73.86
1479,Nevada 3rd,Sewer,454.6
1479,Nevada 3rd,Stadiums/Sports Complexes,626.98
1479,Nevada 3rd,Streets and Highways,1395.41
1479,Nevada 3rd,Theaters,74.32
1479,Nevada 3rd,Water Utilities,3303.84
1479,Nevada 3rd,Water/Sewer Utilities,217.04
1483,Nevada 4th,Airports,1733.06
1483,Nevada 4th,Charter Schools,91.74
1483,Nevada 4th,Civic/Convention Centers,493.76
1483,Nevada 4th,Combined Utilities,7.86
1483,Nevada 4th,Courts and Courtroom Facilities,192.39
1483,Nevada 4th,Fire Stations and Equipment,42.34
1483,Nevada 4th,Flood Control/Storm Drainage,443.98
1483,Nevada 4th,General Purpose/Public Improvements,542.77
1483,Nevada 4th,Government and Public Buildings,133.74
1483,Nevada 4th,Industrial Development,25
1483,Nevada 4th,Mass/Rapid Transit,553.28
1483,Nevada 4th,Other,16.77
1483,Nevada 4th,Other Recreation,2.9
1483,Nevada 4th,Parking Facilities,9.58
1483,Nevada 4th,"Parks, Zoos and Beaches",139.65
1483,Nevada 4th,Pollution Control,39.5
1483,Nevada 4th,Primary/Secondary Education,3733.96
1483,Nevada 4th,Public Higher Education,355.34
1483,Nevada 4th,Redevelopment/Land Clearance,73.86
1483,Nevada 4th,Sewer,515.33
1483,Nevada 4th,Stadiums/Sports Complexes,626.98
1483,Nevada 4th,Streets and Highways,1395.41
1483,Nevada 4th,Theaters,74.32
1483,Nevada 4th,Water Utilities,3303.84
1483,Nevada 4th,Water/Sewer Utilities,336.98
1487,New York 1st,Charter Schools,15.26
1487,New York 1st,Electric Utilities and Public Power,10468.32
1487,New York 1st,Fire Stations and Equipment,39.58
1487,New York 1st,Flood Control/Storm Drainage,14.62
1487,New York 1st,General Purpose/Public Improvements,2394.74
1487,New York 1st,Government and Public Buildings,8.8
1487,New York 1st,Higher Education,10.49
1487,New York 1st,Hospitals,151.32
1487,New York 1st,Human Services,22.18
1487,New York 1st,Libraries and Museums,18.77
1487,New York 1st,Lifecare/Retirement Centers,196.48
1487,New York 1st,Mass/Rapid Transit,18701.91
1487,New York 1st,Multi-Family Housing,32.65
1487,New York 1st,Other,331.71
1487,New York 1st,Other Transportation,113.52
1487,New York 1st,Other Utilities,250
1487,New York 1st,Police Stations and Equipment,12.48
1487,New York 1st,Primary/Secondary Education,1546.33
1487,New York 1st,Private Higher Education,100.16
1487,New York 1st,Public Higher Education,555.98
1487,New York 1st,Sewer,6.5
1487,New York 1st,Stadiums/Sports Complexes,5
1487,New York 1st,Streets and Highways,108.38
1487,New York 1st,Telecommunications Equipment,11.34
1487,New York 1st,Water Utilities,746.92
1487,New York 1st,Water/Sewer Utilities,4.98
1492,New York 2nd,Electric Utilities and Public Power,10468.32
1492,New York 2nd,Fire Stations and Equipment,3
1492,New York 2nd,General Purpose/Public Improvements,5831.16
1492,New York 2nd,Government and Public Buildings,2.56
1492,New York 2nd,Hospitals,2759.26
1492,New York 2nd,Hotels,342.68
1492,New York 2nd,Mass/Rapid Transit,18701.91
1492,New York 2nd,Other,332.51
1492,New York 2nd,Other Transportation,113.52
1492,New York 2nd,Other Utilities,250
1492,New York 2nd,"Parks, Zoos and Beaches",20.92
1492,New York 2nd,Primary/Secondary Education,1197.12
1492,New York 2nd,Private Higher Education,124.03
1492,New York 2nd,Public Higher Education,42.2
1492,New York 2nd,Seaports and Marine Terminals,25.32
1492,New York 2nd,Senior Housing/Independent Living,130
1492,New York 2nd,Sewer,1.15
1492,New York 2nd,Streets and Highways,374.12
1492,New York 2nd,Telecommunications Equipment,11.34
1492,New York 2nd,Water Utilities,925.35
1492,New York 2nd,Water/Sewer Utilities,50.77
1497,New York 3rd,Bridges,16304.28
1497,New York 3rd,Civic/Convention Centers,1102.45
1497,New York 3rd,Courts and Courtroom Facilities,86.58
1497,New York 3rd,Electric Utilities and Public Power,10468.32
1497,New York 3rd,Fire Stations and Equipment,0.22
1497,New York 3rd,General Purpose/Public Improvements,87255.49
1497,New York 3rd,Government and Public Buildings,369.82
1497,New York 3rd,Higher Education,0.02
1497,New York 3rd,Hospitals,3654.85
1497,New York 3rd,Human Services,27.26
1497,New York 3rd,Industrial Development,16.9
1497,New York 3rd,Libraries and Museums,6.22
1497,New York 3rd,Lifecare/Retirement Centers,1.48
1497,New York 3rd,Mass/Rapid Transit,30227.26
1497,New York 3rd,Multi-Family Housing,317.91
1497,New York 3rd,Nursing Homes,23.15
1497,New York 3rd,Other,967.81
1497,New York 3rd,Other Transportation,113.52
1497,New York 3rd,Other Utilities,250
1497,New York 3rd,Parking Facilities,2.5
1497,New York 3rd,Police Stations and Equipment,0.94
1497,New York 3rd,Primary/Secondary Education,8703.15
1497,New York 3rd,Private Higher Education,200.16
1497,New York 3rd,Private Human Service Providers,37.52
1497,New York 3rd,Public Higher Education,42.2
1497,New York 3rd,Senior Housing/Independent Living,130
1497,New York 3rd,Sewer,8.34
1497,New York 3rd,Stadiums/Sports Complexes,40.27
1497,New York 3rd,Streets and Highways,4445.3
1497,New York 3rd,Telecommunications Equipment,11.34
1497,New York 3rd,Theaters,79.06
1497,New York 3rd,Toll Roads,2519.36
1497,New York 3rd,Water Utilities,1152.38
1497,New York 3rd,Water/Sewer Utilities,26012.34
1503,New York 4th,Bridges,13643.18
1503,New York 4th,Charter Schools,204.34
1503,New York 4th,Electric Utilities and Public Power,10499.39
1503,New York 4th,Fire Stations and Equipment,3.69
1503,New York 4th,GAS,19.52
1503,New York 4th,General Purpose/Public Improvements,3951.18
1503,New York 4th,Hospitals,2801.44
1503,New York 4th,Industrial Development,35.12
1503,New York 4th,Mass/Rapid Transit,29248.57
1503,New York 4th,Other,200
1503,New York 4th,Other Transportation,113.52
1503,New York 4th,Other Utilities,250
1503,New York 4th,Primary/Secondary Education,848.39
1503,New York 4th,Private Higher Education,330.31
1503,New York 4th,Private Human Service Providers,10.63
1503,New York 4th,Public Higher Education,42.2
1503,New York 4th,Senior Housing/Independent Living,130
1503,New York 4th,Streets and Highways,117.47
1503,New York 4th,Water Utilities,122.14
1503,New York 4th,Water/Sewer Utilities,50.77
1508,New York 5th,Airports,918.26
1508,New York 5th,Bridges,13643.18
1508,New York 5th,Civic/Convention Centers,1102.45
1508,New York 5th,Courts and Courtroom Facilities,86.58
1508,New York 5th,Electric Utilities and Public Power,10595.29
1508,New York 5th,General Purpose/Public Improvements,81588.75
1508,New York 5th,Government and Public Buildings,369.82
1508,New York 5th,Higher Education,0.02
1508,New York 5th,Hospitals,273.62
1508,New York 5th,Human Services,8.73
1508,New York 5th,Industrial Development,16.9
1508,New York 5th,Mass/Rapid Transit,32146.36
1508,New York 5th,Multi-Family Housing,317.91
1508,New York 5th,Nursing Homes,23.15
1508,New York 5th,OFFICE BLDG/LTD PARTN,822.03
1508,New York 5th,Other,836.1
1508,New York 5th,Other Transportation,638.34
1508,New York 5th,Other Utilities,250
1508,New York 5th,Primary/Secondary Education,8015.7
1508,New York 5th,Private Higher Education,341.92
1508,New York 5th,Private Human Service Providers,38.65
1508,New York 5th,Seaports and Marine Terminals,6261.9
1508,New York 5th,Stadiums/Sports Complexes,40.27
1508,New York 5th,Streets and Highways,71.38
1508,New York 5th,Theaters,79.06
1508,New York 5th,Water Utilities,13.5
1508,New York 5th,Water/Sewer Utilities,25959.2
1512,New York 6th,Airports,377.02
1512,New York 6th,Bridges,16304.28
1512,New York 6th,Civic/Convention Centers,1102.45
1512,New York 6th,Courts and Courtroom Facilities,86.58
1512,New York 6th,Electric Utilities and Public Power,1903.6
1512,New York 6th,General Purpose/Public Improvements,81578.49
1512,New York 6th,Government and Public Buildings,369.82
1512,New York 6th,Higher Education,0.02
1512,New York 6th,Hospitals,3342.02
1512,New York 6th,Human Services,8.73
1512,New York 6th,Industrial Development,16.9
1512,New York 6th,Mass/Rapid Transit,32442.62
1512,New York 6th,Multi-Family Housing,317.91
1512,New York 6th,Nursing Homes,23.15
1512,New York 6th,OFFICE BLDG/LTD PARTN,822.03
1512,New York 6th,Other,636.1
1512,New York 6th,Other Transportation,1713.76
1512,New York 6th,Primary/Secondary Education,8015.7
1512,New York 6th,Private Human Service Providers,37.52
1512,New York 6th,Public Higher Education,242.18
1512,New York 6th,Seaports and Marine Terminals,6902.69
1512,New York 6th,Stadiums/Sports Complexes,510.25
1512,New York 6th,Streets and Highways,4264.08
1512,New York 6th,Student Housing,101.76
1512,New York 6th,Theaters,79.06
1512,New York 6th,Toll Roads,2518.69
1512,New York 6th,Water Utilities,13.5
1512,New York 6th,Water/Sewer Utilities,25959.2
1516,New York 7th,Airports,377.02
1516,New York 7th,Bridges,16304.28
1516,New York 7th,Civic/Convention Centers,1102.45
1516,New York 7th,Courts and Courtroom Facilities,86.58
1516,New York 7th,Electric Utilities and Public Power,1903.6
1516,New York 7th,General Purpose/Public Improvements,81578.49
1516,New York 7th,Government and Public Buildings,369.82
1516,New York 7th,Higher Education,0.02
1516,New York 7th,Hospitals,758.02
1516,New York 7th,Human Services,8.73
1516,New York 7th,Industrial Development,16.9
1516,New York 7th,Lifecare/Retirement Centers,10.5
1516,New York 7th,Mass/Rapid Transit,32442.62
1516,New York 7th,Multi-Family Housing,317.91
1516,New York 7th,Nursing Homes,23.15
1516,New York 7th,OFFICE BLDG/LTD PARTN,822.03
1516,New York 7th,Other,636.1
1516,New York 7th,Other Transportation,1713.76
1516,New York 7th,Primary/Secondary Education,8015.7
1516,New York 7th,Private Higher Education,165.94
1516,New York 7th,Private Human Service Providers,37.52
1516,New York 7th,Public Higher Education,242.18
1516,New York 7th,Seaports and Marine Terminals,6902.69
1516,New York 7th,Stadiums/Sports Complexes,512.95
1516,New York 7th,Streets and Highways,4264.08
1516,New York 7th,Student Housing,46.57
1516,New York 7th,Theaters,79.06
1516,New York 7th,Toll Roads,2518.69
1516,New York 7th,Water Utilities,13.5
1516,New York 7th,Water/Sewer Utilities,25959.2
1520,New York 8th,Airports,377.02
1520,New York 8th,Bridges,13643.18
1520,New York 8th,Civic/Convention Centers,1102.45
1520,New York 8th,Courts and Courtroom Facilities,86.58
1520,New York 8th,Electric Utilities and Public Power,1903.6
1520,New York 8th,General Purpose/Public Improvements,81578.49
1520,New York 8th,Government and Public Buildings,369.82
1520,New York 8th,Higher Education,0.02
1520,New York 8th,Hospitals,758.02
1520,New York 8th,Human Services,8.73
1520,New York 8th,Industrial Development,16.9
1520,New York 8th,Lifecare/Retirement Centers,13.54
1520,New York 8th,Mass/Rapid Transit,32146.36
1520,New York 8th,Multi-Family Housing,12038.47
1520,New York 8th,Nursing Homes,23.15
1520,New York 8th,OFFICE BLDG/LTD PARTN,822.03
1520,New York 8th,Other,636.1
1520,New York 8th,Other Transportation,638.34
1520,New York 8th,Primary/Secondary Education,8015.7
1520,New York 8th,Private Human Service Providers,38.65
1520,New York 8th,Public Higher Education,242.18
1520,New York 8th,Seaports and Marine Terminals,6261.9
1520,New York 8th,Stadiums/Sports Complexes,512.95
1520,New York 8th,Streets and Highways,71.38
1520,New York 8th,Student Housing,46.57
1520,New York 8th,Theaters,79.06
1520,New York 8th,Water Utilities,13.5
1520,New York 8th,Water/Sewer Utilities,25959.2
1524,New York 9th,Airports,377.02
1524,New York 9th,Bridges,13643.18
1524,New York 9th,Civic/Convention Centers,1102.45
1524,New York 9th,Courts and Courtroom Facilities,86.58
1524,New York 9th,Electric Utilities and Public Power,1903.6
1524,New York 9th,General Purpose/Public Improvements,81588.75
1524,New York 9th,Government and Public Buildings,369.82
1524,New York 9th,Higher Education,10.52
1524,New York 9th,Hospitals,819.7
1524,New York 9th,Human Services,8.73
1524,New York 9th,Industrial Development,16.9
1524,New York 9th,Mass/Rapid Transit,32146.36
1524,New York 9th,Multi-Family Housing,317.91
1524,New York 9th,Nursing Homes,23.15
1524,New York 9th,OFFICE BLDG/LTD PARTN,822.03
1524,New York 9th,Other,636.1
1524,New York 9th,Other Transportation,638.34
1524,New York 9th,Primary/Secondary Education,8015.7
1524,New York 9th,Private Human Service Providers,38.65
1524,New York 9th,Public Higher Education,798.16
1524,New York 9th,Seaports and Marine Terminals,6261.9
1524,New York 9th,Stadiums/Sports Complexes,512.95
1524,New York 9th,Streets and Highways,71.38
1524,New York 9th,Student Housing,46.57
1524,New York 9th,Theaters,79.06
1524,New York 9th,Water Utilities,13.5
1524,New York 9th,Water/Sewer Utilities,25959.2
1528,New York 10th,Airports,377.02
1528,New York 10th,Bridges,13643.18
1528,New York 10th,Charter Schools,20.68
1528,New York 10th,Civic/Convention Centers,1102.45
1528,New York 10th,Courts and Courtroom Facilities,86.58
1528,New York 10th,Electric Utilities and Public Power,1903.6
1528,New York 10th,General Purpose/Public Improvements,82575.9
1528,New York 10th,Government and Public Buildings,369.82
1528,New York 10th,Higher Education,48.08
1528,New York 10th,Hospitals,1393.52
1528,New York 10th,Human Services,8.73
1528,New York 10th,Industrial Development,1644.88
1528,New York 10th,Libraries and Museums,73.26
1528,New York 10th,Mass/Rapid Transit,34319.82
1528,New York 10th,Multi-Family Housing,1048.71
1528,New York 10th,Nursing Homes,23.15
1528,New York 10th,OFFICE BLDG/LTD PARTN,3750.06
1528,New York 10th,Other,636.1
1528,New York 10th,Other Transportation,1713.76
1528,New York 10th,Primary/Secondary Education,8015.7
1528,New York 10th,Private Higher Education,3686.7
1528,New York 10th,Private Human Service Providers,37.52
1528,New York 10th,Public Higher Education,242.18
1528,New York 10th,Seaports and Marine Terminals,6902.69
1528,New York 10th,Stadiums/Sports Complexes,512.95
1528,New York 10th,Streets and Highways,71.38
1528,New York 10th,Student Housing,46.57
1528,New York 10th,Theaters,79.06
1528,New York 10th,Water Utilities,13.5
1528,New York 10th,Water/Sewer Utilities,25959.2
1532,New York 11th,Airports,377.02
1532,New York 11th,Bridges,13643.18
1532,New York 11th,Charter Schools,128.26
1532,New York 11th,Civic/Convention Centers,1102.45
1532,New York 11th,Courts and Courtroom Facilities,86.58
1532,New York 11th,Electric Utilities and Public Power,1903.6
1532,New York 11th,General Purpose/Public Improvements,81578.49
1532,New York 11th,Government and Public Buildings,369.82
1532,New York 11th,Higher Education,0.02
1532,New York 11th,Hospitals,3033.84
1532,New York 11th,Human Services,8.73
1532,New York 11th,Industrial Development,16.9
1532,New York 11th,Lifecare/Retirement Centers,36
1532,New York 11th,Mass/Rapid Transit,32146.36
1532,New York 11th,Multi-Family Housing,317.91
1532,New York 11th,Nursing Homes,23.15
1532,New York 11th,OFFICE BLDG/LTD PARTN,822.03
1532,New York 11th,Other,636.1
1532,New York 11th,Other Transportation,638.34
1532,New York 11th,Primary/Secondary Education,8015.7
1532,New York 11th,Private Higher Education,110
1532,New York 11th,Private Human Service Providers,37.52
1532,New York 11th,Public Higher Education,242.18
1532,New York 11th,Seaports and Marine Terminals,6261.9
1532,New York 11th,Solid Waste/Resource Recovery,58.5
1532,New York 11th,Stadiums/Sports Complexes,512.95
1532,New York 11th,Streets and Highways,71.38
1532,New York 11th,Student Housing,106.34
1532,New York 11th,Theaters,79.06
1532,New York 11th,Water Utilities,13.5
1532,New York 11th,Water/Sewer Utilities,25959.2
1536,New York 12th,Airports,377.02
1536,New York 12th,Bridges,16304.28
1536,New York 12th,Charter Schools,31.7
1536,New York 12th,Civic/Convention Centers,1102.45
1536,New York 12th,Courts and Courtroom Facilities,86.58
1536,New York 12th,Electric Utilities and Public Power,126.97
1536,New York 12th,General Purpose/Public Improvements,82575.9
1536,New York 12th,Government and Public Buildings,369.82
1536,New York 12th,Higher Education,29.52
1536,New York 12th,Hospitals,4084.8
1536,New York 12th,Human Services,8.73
1536,New York 12th,Industrial Development,16.9
1536,New York 12th,Libraries and Museums,432.76
1536,New York 12th,Mass/Rapid Transit,34616.08
1536,New York 12th,Multi-Family Housing,1103.8
1536,New York 12th,Nursing Homes,23.15
1536,New York 12th,OFFICE BLDG/LTD PARTN,1472.03
1536,New York 12th,Other,735.82
1536,New York 12th,Other Transportation,1713.76
1536,New York 12th,Primary/Secondary Education,8115.42
1536,New York 12th,Private Higher Education,680.94
1536,New York 12th,Private Human Service Providers,37.52
1536,New York 12th,Public Higher Education,798.16
1536,New York 12th,Seaports and Marine Terminals,6902.69
1536,New York 12th,Stadiums/Sports Complexes,40.27
1536,New York 12th,Streets and Highways,4264.08
1536,New York 12th,Student Housing,120.38
1536,New York 12th,Theaters,291.86
1536,New York 12th,Toll Roads,2518.69
1536,New York 12th,Water Utilities,13.5
1536,New York 12th,Water/Sewer Utilities,25959.2
1540,New York 13th,Airports,377.02
1540,New York 13th,Bridges,16304.28
1540,New York 13th,Charter Schools,150.82
1540,New York 13th,Civic/Convention Centers,1102.45
1540,New York 13th,Courts and Courtroom Facilities,86.58
1540,New York 13th,Electric Utilities and Public Power,1903.6
1540,New York 13th,General Purpose/Public Improvements,82575.9
1540,New York 13th,Government and Public Buildings,369.82
1540,New York 13th,Higher Education,0.02
1540,New York 13th,Hospitals,835.7
1540,New York 13th,Human Services,8.73
1540,New York 13th,Industrial Development,16.9
1540,New York 13th,Mass/Rapid Transit,34616.08
1540,New York 13th,Multi-Family Housing,544.25
1540,New York 13th,Nursing Homes,23.15
1540,New York 13th,OFFICE BLDG/LTD PARTN,822.03
1540,New York 13th,Other,636.1
1540,New York 13th,Other Transportation,638.34
1540,New York 13th,Primary/Secondary Education,8015.7
1540,New York 13th,Private Higher Education,2544.94
1540,New York 13th,Private Human Service Providers,71.1
1540,New York 13th,Public Higher Education,242.18
1540,New York 13th,Seaports and Marine Terminals,6261.9
1540,New York 13th,Stadiums/Sports Complexes,40.27
1540,New York 13th,Streets and Highways,4264.08
1540,New York 13th,Student Housing,46.57
1540,New York 13th,Theaters,79.06
1540,New York 13th,Toll Roads,2518.69
1540,New York 13th,Water Utilities,13.5
1540,New York 13th,Water/Sewer Utilities,25959.2
1544,New York 14th,Airports,377.02
1544,New York 14th,Bridges,16304.28
1544,New York 14th,Charter Schools,23.83
1544,New York 14th,Civic/Convention Centers,1102.45
1544,New York 14th,Courts and Courtroom Facilities,86.58
1544,New York 14th,Electric Utilities and Public Power,1903.6
1544,New York 14th,General Purpose/Public Improvements,81578.49
1544,New York 14th,Government and Public Buildings,369.82
1544,New York 14th,Higher Education,10.52
1544,New York 14th,Hospitals,1627.3
1544,New York 14th,Human Services,8.73
1544,New York 14th,Industrial Development,16.9
1544,New York 14th,Mass/Rapid Transit,32442.62
1544,New York 14th,Multi-Family Housing,317.91
1544,New York 14th,Nursing Homes,23.15
1544,New York 14th,OFFICE BLDG/LTD PARTN,822.03
1544,New York 14th,Other,636.1
1544,New York 14th,Other Transportation,1713.76
1544,New York 14th,Primary/Secondary Education,8015.7
1544,New York 14th,Private Higher Education,224.1
1544,New York 14th,Private Human Service Providers,37.52
1544,New York 14th,Public Higher Education,555.98
1544,New York 14th,Seaports and Marine Terminals,6902.69
1544,New York 14th,Solid Waste/Resource Recovery,58.5
1544,New York 14th,Stadiums/Sports Complexes,40.27
1544,New York 14th,Streets and Highways,4264.08
1544,New York 14th,Theaters,79.06
1544,New York 14th,Toll Roads,2518.69
1544,New York 14th,Water Utilities,13.5
1544,New York 14th,Water/Sewer Utilities,25959.2
1548,New York 15th,Airports,377.02
1548,New York 15th,Bridges,16304.28
1548,New York 15th,Charter Schools,468.38
1548,New York 15th,Civic/Convention Centers,1102.45
1548,New York 15th,Courts and Courtroom Facilities,86.58
1548,New York 15th,Electric Utilities and Public Power,1903.6
1548,New York 15th,General Purpose/Public Improvements,81578.49
1548,New York 15th,Government and Public Buildings,369.82
1548,New York 15th,Higher Education,0.02
1548,New York 15th,Hospitals,1565.63
1548,New York 15th,Human Services,8.73
1548,New York 15th,Industrial Development,16.9
1548,New York 15th,Mass/Rapid Transit,32442.62
1548,New York 15th,Multi-Family Housing,317.91
1548,New York 15th,Nursing Homes,23.15
1548,New York 15th,OFFICE BLDG/LTD PARTN,822.03
1548,New York 15th,Other,636.1
1548,New York 15th,Other Transportation,638.34
1548,New York 15th,"Parks, Zoos and Beaches",68.09
1548,New York 15th,Primary/Secondary Education,8027.31
1548,New York 15th,Private Higher Education,543.72
1548,New York 15th,Private Human Service Providers,37.52
1548,New York 15th,Public Higher Education,242.18
1548,New York 15th,Seaports and Marine Terminals,6261.9
1548,New York 15th,Stadiums/Sports Complexes,910.46
1548,New York 15th,Streets and Highways,4264.08
1548,New York 15th,Student Housing,46.57
1548,New York 15th,Theaters,79.06
1548,New York 15th,Toll Roads,2518.69
1548,New York 15th,Water Utilities,13.5
1548,New York 15th,Water/Sewer Utilities,25959.2
1552,New York 16th,Airports,377.02
1552,New York 16th,Bridges,16304.28
1552,New York 16th,Charter Schools,46.92
1552,New York 16th,Civic/Convention Centers,3.26
1552,New York 16th,Electric Utilities and Public Power,1903.6
1552,New York 16th,Fire Stations and Equipment,14.88
1552,New York 16th,General Purpose/Public Improvements,2487.73
1552,New York 16th,Government and Public Buildings,69.86
1552,New York 16th,Higher Education,10.49
1552,New York 16th,Hospitals,23.06
1552,New York 16th,Libraries and Museums,0.77
1552,New York 16th,Lifecare/Retirement Centers,45.08
1552,New York 16th,Mass/Rapid Transit,31783.4
1552,New York 16th,Multi-Family Housing,48.98
1552,New York 16th,OFFICE BLDG/LTD PARTN,822.03
1552,New York 16th,Other,4.92
1552,New York 16th,Other Recreation,4.89
1552,New York 16th,Other Transportation,638.34
1552,New York 16th,"Parks, Zoos and Beaches",68.9
1552,New York 16th,Police Stations and Equipment,15.8
1552,New York 16th,Primary/Secondary Education,1251.46
1552,New York 16th,Private Higher Education,245.35
1552,New York 16th,Public Higher Education,555.98
1552,New York 16th,Seaports and Marine Terminals,6304.58
1552,New York 16th,Senior Housing/Independent Living,15.5
1552,New York 16th,Sewer,24.96
1552,New York 16th,Streets and Highways,4266.96
1552,New York 16th,Student Housing,26.78
1552,New York 16th,Toll Roads,2518.69
1552,New York 16th,Water Utilities,27.12
1552,New York 16th,Water/Sewer Utilities,68.86
1557,New York 17th,Bridges,2768.71
1557,New York 17th,Civic/Convention Centers,3.26
1557,New York 17th,Courts and Courtroom Facilities,19.54
1557,New York 17th,Electric Utilities and Public Power,1902.93
1557,New York 17th,Fire Stations and Equipment,5.46
1557,New York 17th,Flood Control/Storm Drainage,2.88
1557,New York 17th,General Purpose/Public Improvements,2459.44
1557,New York 17th,Hospitals,607.18
1557,New York 17th,Libraries and Museums,0.17
1557,New York 17th,Lifecare/Retirement Centers,38.4
1557,New York 17th,Mass/Rapid Transit,19041.91
1557,New York 17th,Multi-Family Housing,25.39
1557,New York 17th,Other,4.92
1557,New York 17th,Other Recreation,7.47
1557,New York 17th,Other Transportation,113.52
1557,New York 17th,Parking Facilities,0.44
1557,New York 17th,Pollution Control,312.5
1557,New York 17th,Primary/Secondary Education,990.42
1557,New York 17th,Private Higher Education,100.16
1557,New York 17th,Private Human Service Providers,36.36
1557,New York 17th,Redevelopment/Land Clearance,0.46
1557,New York 17th,Sewer,35.94
1557,New York 17th,Solid Waste/Resource Recovery,5.16
1557,New York 17th,Stadiums/Sports Complexes,19.24
1557,New York 17th,Streets and Highways,4303.9
1557,New York 17th,Toll Roads,2518.69
1557,New York 17th,Water Utilities,66.25
1557,New York 17th,Water/Sewer Utilities,26043.99
1563,New York 18th,Airports,377.02
1563,New York 18th,Bridges,2768.71
1563,New York 18th,Courts and Courtroom Facilities,18.5
1563,New York 18th,Electric Utilities and Public Power,1777.3
1563,New York 18th,Fire Stations and Equipment,15
1563,New York 18th,Flood Control/Storm Drainage,6.73
1563,New York 18th,General Purpose/Public Improvements,1321.8
1563,New York 18th,Government and Public Buildings,2.8
1563,New York 18th,Higher Education,10.49
1563,New York 18th,Hospitals,838.56
1563,New York 18th,LD PRESERVTN,22.14
1563,New York 18th,Libraries and Museums,22.54
1563,New York 18th,Lifecare/Retirement Centers,93.55
1563,New York 18th,Mass/Rapid Transit,21234.06
1563,New York 18th,Multi-Family Housing,24.18
1563,New York 18th,OFFICE BLDG/LTD PARTN,822.03
1563,New York 18th,OTHER PUB SVC,1.98
1563,New York 18th,Other Recreation,1.64
1563,New York 18th,Other Transportation,638.34
1563,New York 18th,"Parks, Zoos and Beaches",3.8
1563,New York 18th,Pollution Control,312.5
1563,New York 18th,Primary/Secondary Education,2086.39
1563,New York 18th,Private Higher Education,772.98
1563,New York 18th,Public Higher Education,555.98
1563,New York 18th,Seaports and Marine Terminals,6261.9
1563,New York 18th,Sewer,14.88
1563,New York 18th,Solid Waste/Resource Recovery,6.43
1563,New York 18th,Stadiums/Sports Complexes,15
1563,New York 18th,Streets and Highways,4304.08
1563,New York 18th,Toll Roads,2518.69
1563,New York 18th,Water Utilities,36.64
1563,New York 18th,Water/Sewer Utilities,13.77
1570,New York 19th,Bridges,2665.6
1570,New York 19th,Courts and Courtroom Facilities,127.36
1570,New York 19th,Economic Development,110.08
1570,New York 19th,Electric Utilities and Public Power,1776.63
1570,New York 19th,Fire Stations and Equipment,59.61
1570,New York 19th,General Purpose/Public Improvements,1985.92
1570,New York 19th,Government and Public Buildings,7.87
1570,New York 19th,Higher Education,10.49
1570,New York 19th,Hospitals,303.94
1570,New York 19th,Libraries and Museums,2.74
1570,New York 19th,Lifecare/Retirement Centers,82.02
1570,New York 19th,Mass/Rapid Transit,296.26
1570,New York 19th,Nursing Homes,1.88
1570,New York 19th,Pollution Control,324.28
1570,New York 19th,Primary/Secondary Education,2665.34
1570,New York 19th,Private Higher Education,1262.16
1570,New York 19th,Public Higher Education,557.26
1570,New York 19th,Sewer,21.13
1570,New York 19th,Solid Waste/Resource Recovery,3.77
1570,New York 19th,Stadiums/Sports Complexes,0.7
1570,New York 19th,Streets and Highways,4374.68
1570,New York 19th,Student Housing,36.13
1570,New York 19th,Telecommunications Equipment,3.48
1570,New York 19th,Toll Roads,2518.69
1570,New York 19th,Water Utilities,31.18
1570,New York 19th,Water/Sewer Utilities,25983.27
1577,New York 20th,Airports,29.12
1577,New York 20th,Bridges,2666.14
1577,New York 20th,Charter Schools,72.12
1577,New York 20th,Electric Utilities and Public Power,1776.63
1577,New York 20th,Fire Stations and Equipment,25.28
1577,New York 20th,General Purpose/Public Improvements,2363.43
1577,New York 20th,Higher Education,10.49
1577,New York 20th,Hospitals,31.42
1577,New York 20th,Lifecare/Retirement Centers,30
1577,New York 20th,Mass/Rapid Transit,296.26
1577,New York 20th,Multi-Family Housing,11.5
1577,New York 20th,Nursing Homes,34.12
1577,New York 20th,Pollution Control,312.5
1577,New York 20th,Primary/Secondary Education,2628.78
1577,New York 20th,Private Higher Education,551.95
1577,New York 20th,Private Human Service Providers,1.14
1577,New York 20th,Public Higher Education,555.98
1577,New York 20th,Senior Housing/Independent Living,59.11
1577,New York 20th,Sewer,39.35
1577,New York 20th,Streets and Highways,4207.7
1577,New York 20th,Student Housing,23.79
1577,New York 20th,Toll Roads,2518.69
1577,New York 20th,Water Utilities,71.5
1577,New York 20th,Water/Sewer Utilities,31.38
1583,New York 21st,Bridges,2684.17
1583,New York 21st,Courts and Courtroom Facilities,21.8
1583,New York 21st,Electric Utilities and Public Power,1780.28
1583,New York 21st,Fire Stations and Equipment,3.1
1583,New York 21st,General Purpose/Public Improvements,1804.24
1583,New York 21st,Government and Public Buildings,76.42
1583,New York 21st,Higher Education,10.49
1583,New York 21st,Hospitals,143.65
1583,New York 21st,Mass/Rapid Transit,296.26
1583,New York 21st,Other,0.19
1583,New York 21st,Parking Facilities,38.2
1583,New York 21st,"Parks, Zoos and Beaches",4.54
1583,New York 21st,Police Stations and Equipment,14.38
1583,New York 21st,Pollution Control,312.5
1583,New York 21st,Primary/Secondary Education,2911.51
1583,New York 21st,Private Higher Education,185.58
1583,New York 21st,Public Higher Education,570.28
1583,New York 21st,Sewer,40.98
1583,New York 21st,Solid Waste/Resource Recovery,15.56
1583,New York 21st,Streets and Highways,4210.78
1583,New York 21st,Toll Roads,2518.69
1583,New York 21st,Water Utilities,60.64
1583,New York 21st,Water/Sewer Utilities,8.73
1592,New York 22nd,Bridges,2661.1
1592,New York 22nd,Electric Utilities and Public Power,1780.7
1592,New York 22nd,Fire Stations and Equipment,3.04
1592,New York 22nd,General Purpose/Public Improvements,2364.25
1592,New York 22nd,Government and Public Buildings,19.5
1592,New York 22nd,Higher Education,10.49
1592,New York 22nd,Hospitals,405.03
1592,New York 22nd,Lifecare/Retirement Centers,12.1
1592,New York 22nd,Mass/Rapid Transit,296.26
1592,New York 22nd,Nursing Homes,14.2
1592,New York 22nd,Other Recreation,2.64
1592,New York 22nd,Parking Facilities,30
1592,New York 22nd,Police Stations and Equipment,14.38
1592,New York 22nd,Pollution Control,312.5
1592,New York 22nd,Primary/Secondary Education,2540.46
1592,New York 22nd,Private Higher Education,731.98
1592,New York 22nd,Public Higher Education,565.85
1592,New York 22nd,Sewer,78.83
1592,New York 22nd,Streets and Highways,4207.61
1592,New York 22nd,Student Housing,45.88
1592,New York 22nd,Toll Roads,2518.69
1592,New York 22nd,Water Utilities,192.34
1592,New York 22nd,Water/Sewer Utilities,13.32
1599,New York 23rd,Bridges,2732.42
1599,New York 23rd,Combined Utilities,2.42
1599,New York 23rd,Electric Utilities and Public Power,1778.63
1599,New York 23rd,Fire Stations and Equipment,4.66
1599,New York 23rd,General Purpose/Public Improvements,2025.15
1599,New York 23rd,Government and Public Buildings,6.5
1599,New York 23rd,Higher Education,10.49
1599,New York 23rd,Hospitals,323.82
1599,New York 23rd,Lifecare/Retirement Centers,32.48
1599,New York 23rd,Mass/Rapid Transit,299.43
1599,New York 23rd,Other,0.07
1599,New York 23rd,"Parks, Zoos and Beaches",13.46
1599,New York 23rd,Pollution Control,414.9
1599,New York 23rd,Primary/Secondary Education,3463.8
1599,New York 23rd,Private Higher Education,32.83
1599,New York 23rd,Private Human Service Providers,36.36
1599,New York 23rd,Public Higher Education,557.26
1599,New York 23rd,Sewer,63.17
1599,New York 23rd,Stadiums/Sports Complexes,110.94
1599,New York 23rd,Streets and Highways,4247.4
1599,New York 23rd,Toll Roads,2518.69
1599,New York 23rd,Water Utilities,76.91
1599,New York 23rd,Water/Sewer Utilities,4.85
1607,New York 24th,Bridges,2692.04
1607,New York 24th,Courts and Courtroom Facilities,67.37
1607,New York 24th,Electric Utilities and Public Power,1803.87
1607,New York 24th,Fire Stations and Equipment,0.34
1607,New York 24th,General Purpose/Public Improvements,1614.53
1607,New York 24th,Government and Public Buildings,12.29
1607,New York 24th,Higher Education,10.49
1607,New York 24th,Hospitals,812.6
1607,New York 24th,Libraries and Museums,0.32
1607,New York 24th,Mass/Rapid Transit,296.26
1607,New York 24th,OFFICE BLDG/LTD PARTN,3.52
1607,New York 24th,PENSION OBLIGATION,0.2
1607,New York 24th,"Parks, Zoos and Beaches",0.2
1607,New York 24th,Police Stations and Equipment,14.22
1607,New York 24th,Pollution Control,414.9
1607,New York 24th,Primary/Secondary Education,2857.92
1607,New York 24th,Private Human Service Providers,36.36
1607,New York 24th,Public Higher Education,575.76
1607,New York 24th,Sewer,17.67
1607,New York 24th,Solid Waste/Resource Recovery,74.06
1607,New York 24th,Streets and Highways,4205.04
1607,New York 24th,Telecommunications Equipment,0.75
1607,New York 24th,Toll Roads,2518.69
1607,New York 24th,Water Utilities,129.01
1607,New York 24th,Water/Sewer Utilities,19.78
1616,New York 25th,Bridges,2661.1
1616,New York 25th,Charter Schools,48.39
1616,New York 25th,Civic/Convention Centers,8.4
1616,New York 25th,Courts and Courtroom Facilities,47.5
1616,New York 25th,Electric Utilities and Public Power,1781.46
1616,New York 25th,Fire Stations and Equipment,24.94
1616,New York 25th,General Purpose/Public Improvements,2053.09
1616,New York 25th,Government and Public Buildings,0.34
1616,New York 25th,Higher Education,10.49
1616,New York 25th,Hospitals,652
1616,New York 25th,Libraries and Museums,34.54
1616,New York 25th,Lifecare/Retirement Centers,108.82
1616,New York 25th,Mass/Rapid Transit,296.26
1616,New York 25th,Multi-Family Housing,226.89
1616,New York 25th,"Parks, Zoos and Beaches",2.79
1616,New York 25th,Pollution Control,102.4
1616,New York 25th,Primary/Secondary Education,2432.12
1616,New York 25th,Private Higher Education,1523.64
1616,New York 25th,Public Higher Education,557.26
1616,New York 25th,Sewer,22.38
1616,New York 25th,Stadiums/Sports Complexes,11.38
1616,New York 25th,Streets and Highways,4326.76
1616,New York 25th,Toll Roads,2518.69
1616,New York 25th,Water Utilities,50.21
1616,New York 25th,Water/Sewer Utilities,0.92
1621,New York 26th,Bridges,2761.34
1621,New York 26th,Charter Schools,61.56
1621,New York 26th,Electric Utilities and Public Power,1776.63
1621,New York 26th,Flood Control/Storm Drainage,15.6
1621,New York 26th,General Purpose/Public Improvements,908.73
1621,New York 26th,Government and Public Buildings,27.07
1621,New York 26th,Higher Education,10.49
1621,New York 26th,Hospitals,407.46
1621,New York 26th,Mass/Rapid Transit,296.26
1621,New York 26th,Multi-Family Housing,67.31
1621,New York 26th,Pollution Control,312.5
1621,New York 26th,Primary/Secondary Education,1348.72
1621,New York 26th,Private Higher Education,82.28
1621,New York 26th,Private Human Service Providers,36.36
1621,New York 26th,Public Higher Education,561.93
1621,New York 26th,Senior Housing/Independent Living,2.34
1621,New York 26th,Sewer,101.26
1621,New York 26th,Stadiums/Sports Complexes,110.94
1621,New York 26th,Streets and Highways,4329.58
1621,New York 26th,Student Housing,91.61
1621,New York 26th,Toll Roads,2518.69
1621,New York 26th,Water Utilities,195.27
1621,New York 26th,Water/Sewer Utilities,21.48
1626,Ohio 1st,Civic/Convention Centers,316.42
1626,Ohio 1st,Economic Development,16.68
1626,Ohio 1st,Electric Utilities and Public Power,10
1626,Ohio 1st,Fire Stations and Equipment,6.49
1626,Ohio 1st,General Purpose/Public Improvements,971.68
1626,Ohio 1st,Government and Public Buildings,4.43
1626,Ohio 1st,Hospitals,3226.88
1626,Ohio 1st,Industrial Development,4.75
1626,Ohio 1st,Lifecare/Retirement Centers,425.75
1626,Ohio 1st,Multi-Family Housing,85.37
1626,Ohio 1st,Other,32.48
1626,Ohio 1st,Parking Facilities,109.94
1626,Ohio 1st,"Parks, Zoos and Beaches",26.21
1626,Ohio 1st,Primary/Secondary Education,1014.4
1626,Ohio 1st,Private Higher Education,300.7
1626,Ohio 1st,Public Higher Education,716.01
1626,Ohio 1st,Redevelopment/Land Clearance,35.34
1626,Ohio 1st,Seaports and Marine Terminals,29.77
1626,Ohio 1st,Sewer,343.78
1626,Ohio 1st,Stadiums/Sports Complexes,28.63
1626,Ohio 1st,Streets and Highways,13.38
1626,Ohio 1st,Water Utilities,385.44
1626,Ohio 1st,Water/Sewer Utilities,0.04
1632,Ohio 2nd,Courts and Courtroom Facilities,12.47
1632,Ohio 2nd,Electric Utilities and Public Power,285
1632,Ohio 2nd,Fire Stations and Equipment,1.39
1632,Ohio 2nd,General Purpose/Public Improvements,30.38
1632,Ohio 2nd,Government and Public Buildings,0.96
1632,Ohio 2nd,Hospitals,2525.05
1632,Ohio 2nd,Libraries and Museums,5.02
1632,Ohio 2nd,Lifecare/Retirement Centers,186.15
1632,Ohio 2nd,Other Recreation,10.5
1632,Ohio 2nd,"Parks, Zoos and Beaches",2.52
1632,Ohio 2nd,Primary/Secondary Education,478.5
1632,Ohio 2nd,Public Higher Education,927.53
1632,Ohio 2nd,Sewer,0.94
1632,Ohio 2nd,Streets and Highways,18.77
1632,Ohio 2nd,UNKNOWN,2
1632,Ohio 2nd,Water Utilities,7.18
1637,Ohio 3rd,Airports,183.7
1637,Ohio 3rd,Civic/Convention Centers,497.56
1637,Ohio 3rd,Electric Utilities and Public Power,1749.39
1637,Ohio 3rd,General Purpose/Public Improvements,3484.97
1637,Ohio 3rd,Government and Public Buildings,96.81
1637,Ohio 3rd,Hospitals,1841.77
1637,Ohio 3rd,Libraries and Museums,76.28
1637,Ohio 3rd,Lifecare/Retirement Centers,308.11
1637,Ohio 3rd,Multi-Family Housing,207.1
1637,Ohio 3rd,Other,6.19
1637,Ohio 3rd,Other Health Care,58.7
1637,Ohio 3rd,Other Recreation,4.21
1637,Ohio 3rd,Parking Facilities,9
1637,Ohio 3rd,"Parks, Zoos and Beaches",15.04
1637,Ohio 3rd,Police Stations and Equipment,7.9
1637,Ohio 3rd,Primary/Secondary Education,1438.43
1637,Ohio 3rd,Private Higher Education,113.98
1637,Ohio 3rd,Public Higher Education,1890.93
1637,Ohio 3rd,Redevelopment/Land Clearance,42.38
1637,Ohio 3rd,Sanitation,25
1637,Ohio 3rd,Seaports and Marine Terminals,40.34
1637,Ohio 3rd,Sewer,201.79
1637,Ohio 3rd,Stadiums/Sports Complexes,40.82
1637,Ohio 3rd,Streets and Highways,29.84
1637,Ohio 3rd,Water/Sewer Utilities,79.98
1642,Ohio 4th,Courts and Courtroom Facilities,29.8
1642,Ohio 4th,Fire Stations and Equipment,1.31
1642,Ohio 4th,GAS,6.5
1642,Ohio 4th,General Purpose/Public Improvements,197.72
1642,Ohio 4th,Government and Public Buildings,18.79
1642,Ohio 4th,Hospitals,2669.31
1642,Ohio 4th,Libraries and Museums,1.19
1642,Ohio 4th,Other,3.54
1642,Ohio 4th,Other Recreation,1.26
1642,Ohio 4th,"Parks, Zoos and Beaches",19.14
1642,Ohio 4th,Primary/Secondary Education,1308.21
1642,Ohio 4th,Private Higher Education,138.24
1642,Ohio 4th,Public Higher Education,1860.93
1642,Ohio 4th,Sewer,132.35
1642,Ohio 4th,Water Utilities,85.3
1648,Ohio 5th,Civic/Convention Centers,6.57
1648,Ohio 5th,Courts and Courtroom Facilities,6.72
1648,Ohio 5th,Fire Stations and Equipment,11.23
1648,Ohio 5th,General Purpose/Public Improvements,220.96
1648,Ohio 5th,Higher Education,10.12
1648,Ohio 5th,Hospitals,5995.45
1648,Ohio 5th,Libraries and Museums,21.48
1648,Ohio 5th,Lifecare/Retirement Centers,37.74
1648,Ohio 5th,Multi-Family Housing,5.86
1648,Ohio 5th,Other Recreation,1.24
1648,Ohio 5th,Police Stations and Equipment,11.1
1648,Ohio 5th,Primary/Secondary Education,864.81
1648,Ohio 5th,Private Higher Education,237.07
1648,Ohio 5th,Public Higher Education,226.2
1648,Ohio 5th,Redevelopment/Land Clearance,2.06
1648,Ohio 5th,Sanitation,0.21
1648,Ohio 5th,Sewer,657.57
1648,Ohio 5th,Streets and Highways,30.87
1648,Ohio 5th,Water Utilities,5.49
1648,Ohio 5th,Water/Sewer Utilities,15.96
1654,Ohio 6th,Courts and Courtroom Facilities,0.38
1654,Ohio 6th,Economic Development,145
1654,Ohio 6th,Fire Stations and Equipment,11.82
1654,Ohio 6th,General Purpose/Public Improvements,57.96
1654,Ohio 6th,Government and Public Buildings,13.36
1654,Ohio 6th,Hospitals,1787.34
1654,Ohio 6th,Libraries and Museums,0.55
1654,Ohio 6th,Lifecare/Retirement Centers,186.15
1654,Ohio 6th,Other Recreation,3.6
1654,Ohio 6th,"Parks, Zoos and Beaches",5.24
1654,Ohio 6th,Primary/Secondary Education,523.13
1654,Ohio 6th,Private Higher Education,19.2
1654,Ohio 6th,Public Higher Education,393.14
1654,Ohio 6th,Redevelopment/Land Clearance,4.56
1654,Ohio 6th,Sewer,62.98
1654,Ohio 6th,Telecommunications Equipment,4.66
1659,Ohio 7th,Bridges,0.65
1659,Ohio 7th,Civic/Convention Centers,168.18
1659,Ohio 7th,Courts and Courtroom Facilities,124.64
1659,Ohio 7th,Economic Development,84.42
1659,Ohio 7th,Electric Utilities and Public Power,3.64
1659,Ohio 7th,Fire Stations and Equipment,32.72
1659,Ohio 7th,GAS,1.47
1659,Ohio 7th,General Purpose/Public Improvements,275.14
1659,Ohio 7th,Government and Public Buildings,92.29
1659,Ohio 7th,Higher Education,10.12
1659,Ohio 7th,Hospitals,4203.44
1659,Ohio 7th,Hotels,131.58
1659,Ohio 7th,LD PRESERVTN,0.02
1659,Ohio 7th,Libraries and Museums,50
1659,Ohio 7th,Mass/Rapid Transit,64.86
1659,Ohio 7th,Multi-Family Housing,69.36
1659,Ohio 7th,Other,16.24
1659,Ohio 7th,Other Education,42.98
1659,Ohio 7th,Other Recreation,13.04
1659,Ohio 7th,Parking Facilities,11.44
1659,Ohio 7th,"Parks, Zoos and Beaches",124.9
1659,Ohio 7th,Police Stations and Equipment,18
1659,Ohio 7th,Primary/Secondary Education,984.49
1659,Ohio 7th,Private Higher Education,48.85
1659,Ohio 7th,Public Higher Education,2305.74
1659,Ohio 7th,Seaports and Marine Terminals,31.1
1659,Ohio 7th,Sewer,639.54
1659,Ohio 7th,Single/Multi-Family Housing,32
1659,Ohio 7th,Stadiums/Sports Complexes,62.76
1659,Ohio 7th,Streets and Highways,9.16
1665,Ohio 8th,Civic/Convention Centers,352.28
1665,Ohio 8th,Economic Development,2.7
1665,Ohio 8th,Electric Utilities and Public Power,32.95
1665,Ohio 8th,Fire Stations and Equipment,39.82
1665,Ohio 8th,General Purpose/Public Improvements,647.17
1665,Ohio 8th,Government and Public Buildings,31.04
1665,Ohio 8th,Hospitals,3089.42
1665,Ohio 8th,Lifecare/Retirement Centers,204.56
1665,Ohio 8th,Multi-Family Housing,17.83
1665,Ohio 8th,Other,0.31
1665,Ohio 8th,Parking Facilities,48.5
1665,Ohio 8th,Primary/Secondary Education,650.27
1665,Ohio 8th,Public Higher Education,391.52
1665,Ohio 8th,Redevelopment/Land Clearance,6.88
1665,Ohio 8th,Seaports and Marine Terminals,6.22
1665,Ohio 8th,Sewer,349.05
1665,Ohio 8th,Stadiums/Sports Complexes,28.63
1665,Ohio 8th,Streets and Highways,47.7
1665,Ohio 8th,Water Utilities,32.58
1665,Ohio 8th,Water/Sewer Utilities,0.13
1671,Ohio 9th,Civic/Convention Centers,41.53
1671,Ohio 9th,Combined Utilities,3.92
1671,Ohio 9th,Courts and Courtroom Facilities,10.25
1671,Ohio 9th,General Purpose/Public Improvements,308.88
1671,Ohio 9th,Government and Public Buildings,52.7
1671,Ohio 9th,Hospitals,1776.4
1671,Ohio 9th,Industrial Development,1.2
1671,Ohio 9th,Lifecare/Retirement Centers,186.15
1671,Ohio 9th,Multi-Family Housing,16.75
1671,Ohio 9th,Other Recreation,7.07
1671,Ohio 9th,Parking Facilities,4.2
1671,Ohio 9th,Primary/Secondary Education,534.37
1671,Ohio 9th,Public Higher Education,435.2
1671,Ohio 9th,Seaports and Marine Terminals,17.8
1671,Ohio 9th,Sewer,4.21
1671,Ohio 9th,Streets and Highways,19.6
1671,Ohio 9th,Student Housing,33.17
1671,Ohio 9th,Water Utilities,154.48
1671,Ohio 9th,Water/Sewer Utilities,1.67
1676,Ohio 10th,Airports,10.8
1676,Ohio 10th,Courts and Courtroom Facilities,43.45
1676,Ohio 10th,Fire Stations and Equipment,31.18
1676,Ohio 10th,General Purpose/Public Improvements,292.67
1676,Ohio 10th,Government and Public Buildings,6.53
1676,Ohio 10th,Hospitals,2805.86
1676,Ohio 10th,Libraries and Museums,27.38
1676,Ohio 10th,Lifecare/Retirement Centers,216.14
1676,Ohio 10th,Multi-Family Housing,36.77
1676,Ohio 10th,Other Transportation,3.16
1676,Ohio 10th,Parking Facilities,2.88
1676,Ohio 10th,"Parks, Zoos and Beaches",7.6
1676,Ohio 10th,Primary/Secondary Education,907.64
1676,Ohio 10th,Private Higher Education,283.66
1676,Ohio 10th,Public Higher Education,30.22
1676,Ohio 10th,Sanitation,0.36
1676,Ohio 10th,Seaports and Marine Terminals,15.62
1676,Ohio 10th,Sewer,36.02
1676,Ohio 10th,Stadiums/Sports Complexes,5.64
1676,Ohio 10th,Streets and Highways,11.54
1676,Ohio 10th,UNKNOWN,2.43
1676,Ohio 10th,Water Utilities,49.68
1676,Ohio 10th,Water/Sewer Utilities,9.12
1682,Ohio 11th,Airports,97.46
1682,Ohio 11th,Civic/Convention Centers,168.18
1682,Ohio 11th,Courts and Courtroom Facilities,68.71
1682,Ohio 11th,Economic Development,167.78
1682,Ohio 11th,Electric Utilities and Public Power,1870.07
1682,Ohio 11th,Fire Stations and Equipment,7.13
1682,Ohio 11th,General Purpose/Public Improvements,813.6
1682,Ohio 11th,Government and Public Buildings,141.61
1682,Ohio 11th,Higher Education,10.12
1682,Ohio 11th,Hospitals,5049.07
1682,Ohio 11th,Hotels,131.58
1682,Ohio 11th,Libraries and Museums,268.92
1682,Ohio 11th,Lifecare/Retirement Centers,87.74
1682,Ohio 11th,Mass/Rapid Transit,64.86
1682,Ohio 11th,Multi-Family Housing,95.94
1682,Ohio 11th,Other,12.24
1682,Ohio 11th,Other Recreation,4.78
1682,Ohio 11th,Parking Facilities,11.44
1682,Ohio 11th,"Parks, Zoos and Beaches",181.1
1682,Ohio 11th,Primary/Secondary Education,778.52
1682,Ohio 11th,Private Higher Education,527.3
1682,Ohio 11th,Public Higher Education,307.05
1682,Ohio 11th,Seaports and Marine Terminals,33.9
1682,Ohio 11th,Sewer,696
1682,Ohio 11th,Single/Multi-Family Housing,32
1682,Ohio 11th,Stadiums/Sports Complexes,95.7
1682,Ohio 11th,Streets and Highways,57.78
1682,Ohio 11th,Student Housing,140.28
1682,Ohio 11th,Theaters,29.44
1682,Ohio 11th,Water Utilities,223.58
1687,Ohio 12th,Bridges,3.73
1687,Ohio 12th,Courts and Courtroom Facilities,107.29
1687,Ohio 12th,Fire Stations and Equipment,13.18
1687,Ohio 12th,GAS,592.47
1687,Ohio 12th,General Purpose/Public Improvements,217.3
1687,Ohio 12th,Government and Public Buildings,45.4
1687,Ohio 12th,Hospitals,947.06
1687,Ohio 12th,Libraries and Museums,5.62
1687,Ohio 12th,Lifecare/Retirement Centers,67.32
1687,Ohio 12th,Other Recreation,5.24
1687,Ohio 12th,Parking Facilities,6.58
1687,Ohio 12th,Police Stations and Equipment,4.7
1687,Ohio 12th,Primary/Secondary Education,999.38
1687,Ohio 12th,Private Higher Education,444.78
1687,Ohio 12th,Public Higher Education,2063.48
1687,Ohio 12th,Sewer,21.3
1687,Ohio 12th,Streets and Highways,13.56
1687,Ohio 12th,Water Utilities,28.58
1693,Ohio 13th,Courts and Courtroom Facilities,3.43
1693,Ohio 13th,Economic Development,4.93
1693,Ohio 13th,Electric Utilities and Public Power,1801.66
1693,Ohio 13th,Fire Stations and Equipment,12.66
1693,Ohio 13th,General Purpose/Public Improvements,474.66
1693,Ohio 13th,Government and Public Buildings,43.18
1693,Ohio 13th,Hospitals,745.74
1693,Ohio 13th,Lifecare/Retirement Centers,195.5
1693,Ohio 13th,Other,4
1693,Ohio 13th,Other Recreation,12.14
1693,Ohio 13th,Parking Facilities,6.25
1693,Ohio 13th,"Parks, Zoos and Beaches",8.26
1693,Ohio 13th,Primary/Secondary Education,726.16
1693,Ohio 13th,Public Higher Education,366.11
1693,Ohio 13th,Redevelopment/Land Clearance,0.54
1693,Ohio 13th,Sewer,631.26
1693,Ohio 13th,Streets and Highways,51.28
1693,Ohio 13th,Theaters,9.53
1693,Ohio 13th,Water Utilities,6.85
1698,Ohio 14th,Courts and Courtroom Facilities,116.54
1698,Ohio 14th,General Purpose/Public Improvements,103.3
1698,Ohio 14th,Government and Public Buildings,25.66
1698,Ohio 14th,Hospitals,2889.92
1698,Ohio 14th,Libraries and Museums,20.73
1698,Ohio 14th,Lifecare/Retirement Centers,243.34
1698,Ohio 14th,PENSION OBLIGATION,0.77
1698,Ohio 14th,Police Stations and Equipment,16.32
1698,Ohio 14th,Primary/Secondary Education,501.41
1698,Ohio 14th,Private Higher Education,23.7
1698,Ohio 14th,Public Higher Education,282.64
1698,Ohio 14th,Sewer,635.56
1698,Ohio 14th,Streets and Highways,13.04
1698,Ohio 14th,Water Utilities,8.83
1698,Ohio 14th,Water/Sewer Utilities,0.3
1703,Ohio 15th,Airports,183.7
1703,Ohio 15th,Civic/Convention Centers,456.84
1703,Ohio 15th,Courts and Courtroom Facilities,31.89
1703,Ohio 15th,Electric Utilities and Public Power,1749.39
1703,Ohio 15th,Fire Stations and Equipment,7
1703,Ohio 15th,General Purpose/Public Improvements,3425.06
1703,Ohio 15th,Government and Public Buildings,53.7
1703,Ohio 15th,Hospitals,1677.15
1703,Ohio 15th,Libraries and Museums,87.36
1703,Ohio 15th,Lifecare/Retirement Centers,178.14
1703,Ohio 15th,Multi-Family Housing,98.78
1703,Ohio 15th,Other,6.19
1703,Ohio 15th,Other Health Care,58.7
1703,Ohio 15th,Other Recreation,75.96
1703,Ohio 15th,Other Utilities,1.5
1703,Ohio 15th,Parking Facilities,29.2
1703,Ohio 15th,"Parks, Zoos and Beaches",41.08
1703,Ohio 15th,Primary/Secondary Education,1350.91
1703,Ohio 15th,Public Higher Education,0.57
1703,Ohio 15th,Redevelopment/Land Clearance,42.38
1703,Ohio 15th,Sanitation,25
1703,Ohio 15th,Seaports and Marine Terminals,50.75
1703,Ohio 15th,Sewer,201.79
1703,Ohio 15th,Stadiums/Sports Complexes,40.82
1703,Ohio 15th,Streets and Highways,1.04
1703,Ohio 15th,Water Utilities,2.59
1703,Ohio 15th,Water/Sewer Utilities,91.8
1708,Oklahoma 1st,Airports,8.48
1708,Oklahoma 1st,Courts and Courtroom Facilities,20.28
1708,Oklahoma 1st,Electric Utilities and Public Power,964.75
1708,Oklahoma 1st,Flood Control/Storm Drainage,15.76
1708,Oklahoma 1st,General Purpose/Public Improvements,757.01
1708,Oklahoma 1st,Government and Public Buildings,6.4
1708,Oklahoma 1st,Human Services,7.36
1708,Oklahoma 1st,Industrial Development,5.94
1708,Oklahoma 1st,Lifecare/Retirement Centers,101.54
1708,Oklahoma 1st,Multi-Family Housing,3.02
1708,Oklahoma 1st,Other Transportation,36
1708,Oklahoma 1st,Parking Facilities,2.52
1708,Oklahoma 1st,"Parks, Zoos and Beaches",41.21
1708,Oklahoma 1st,Primary/Secondary Education,886.79
1708,Oklahoma 1st,Private Higher Education,11.02
1708,Oklahoma 1st,Public Higher Education,385.62
1708,Oklahoma 1st,SECURED AIRLINES,27.5
1708,Oklahoma 1st,Sewer,72.84
1708,Oklahoma 1st,Stadiums/Sports Complexes,12.5
1708,Oklahoma 1st,Streets and Highways,376.94
1708,Oklahoma 1st,Toll Roads,1844.72
1708,Oklahoma 1st,Water Utilities,29.32
1708,Oklahoma 1st,Water/Sewer Utilities,111.54
1713,Oklahoma 2nd,Combined Utilities,3.16
1713,Oklahoma 2nd,Electric Utilities and Public Power,964.75
1713,Oklahoma 2nd,Flood Control/Storm Drainage,0.2
1713,Oklahoma 2nd,General Purpose/Public Improvements,55.55
1713,Oklahoma 2nd,Hospitals,187.88
1713,Oklahoma 2nd,Primary/Secondary Education,464.11
1713,Oklahoma 2nd,Streets and Highways,0
1713,Oklahoma 2nd,Toll Roads,1844.72
1713,Oklahoma 2nd,Water Utilities,6.02
1713,Oklahoma 2nd,Water/Sewer Utilities,6.43
1720,Oklahoma 3rd,Charter Schools,91.62
1720,Oklahoma 3rd,Combined Utilities,0.54
1720,Oklahoma 3rd,Courts and Courtroom Facilities,3.25
1720,Oklahoma 3rd,Electric Utilities and Public Power,1014.63
1720,Oklahoma 3rd,Fire Stations and Equipment,8.53
1720,Oklahoma 3rd,General Purpose/Public Improvements,13.3
1720,Oklahoma 3rd,Hospitals,185.83
1720,Oklahoma 3rd,Lifecare/Retirement Centers,106.71
1720,Oklahoma 3rd,Multi-Family Housing,9.4
1720,Oklahoma 3rd,Primary/Secondary Education,1169.83
1720,Oklahoma 3rd,Public Higher Education,420.93
1720,Oklahoma 3rd,Streets and Highways,0
1720,Oklahoma 3rd,Toll Roads,1844.72
1720,Oklahoma 3rd,Water Utilities,25.21
1720,Oklahoma 3rd,Water/Sewer Utilities,2.57
1726,Oklahoma 4th,Bridges,16
1726,Oklahoma 4th,Combined Utilities,0.4
1726,Oklahoma 4th,Fire Stations and Equipment,0.66
1726,Oklahoma 4th,General Purpose/Public Improvements,177.53
1726,Oklahoma 4th,Government and Public Buildings,0.28
1726,Oklahoma 4th,Hospitals,254.18
1726,Oklahoma 4th,Lifecare/Retirement Centers,14.72
1726,Oklahoma 4th,Mass/Rapid Transit,26
1726,Oklahoma 4th,"Parks, Zoos and Beaches",4.82
1726,Oklahoma 4th,Primary/Secondary Education,764.47
1726,Oklahoma 4th,Public Higher Education,858.38
1726,Oklahoma 4th,Sewer,1.7
1726,Oklahoma 4th,Single Family Housing,4929.25
1726,Oklahoma 4th,Streets and Highways,47.87
1726,Oklahoma 4th,Toll Roads,1844.72
1726,Oklahoma 4th,Water Utilities,3.38
1731,Oklahoma 5th,Charter Schools,64.32
1731,Oklahoma 5th,Combined Utilities,41.62
1731,Oklahoma 5th,Courts and Courtroom Facilities,45
1731,Oklahoma 5th,Electric Utilities and Public Power,985.07
1731,Oklahoma 5th,Flood Control/Storm Drainage,4.5
1731,Oklahoma 5th,General Purpose/Public Improvements,1020.24
1731,Oklahoma 5th,Government and Public Buildings,1.1
1731,Oklahoma 5th,Hospitals,1456.4
1731,Oklahoma 5th,Hotels,13.24
1731,Oklahoma 5th,Libraries and Museums,5.17
1731,Oklahoma 5th,Lifecare/Retirement Centers,86.42
1731,Oklahoma 5th,Multi-Family Housing,27.3
1731,Oklahoma 5th,Other Health Care,7.86
1731,Oklahoma 5th,Other Recreation,41.89
1731,Oklahoma 5th,"Parks, Zoos and Beaches",8.62
1731,Oklahoma 5th,Primary/Secondary Education,1169.96
1731,Oklahoma 5th,Private Higher Education,92.63
1731,Oklahoma 5th,Public Higher Education,858.38
1731,Oklahoma 5th,Sanitation,0.71
1731,Oklahoma 5th,Single Family Housing,2
1731,Oklahoma 5th,Streets and Highways,31.95
1731,Oklahoma 5th,Toll Roads,1844.72
1731,Oklahoma 5th,Water/Sewer Utilities,555.62
1736,Oregon 1st,Charter Schools,31.32
1736,Oregon 1st,Civic/Convention Centers,33.64
1736,Oregon 1st,Electric Utilities and Public Power,6.53
1736,Oregon 1st,Fire Stations and Equipment,48.02
1736,Oregon 1st,General Purpose/Public Improvements,257.87
1736,Oregon 1st,Government and Public Buildings,28.85
1736,Oregon 1st,Hospitals,1659.73
1736,Oregon 1st,Lifecare/Retirement Centers,107.6
1736,Oregon 1st,Mass/Rapid Transit,876.26
1736,Oregon 1st,Multi-Family Housing,68.15
1736,Oregon 1st,"Parks, Zoos and Beaches",39.28
1736,Oregon 1st,Primary/Secondary Education,2628.9
1736,Oregon 1st,Private Higher Education,53.64
1736,Oregon 1st,Public Higher Education,393.92
1736,Oregon 1st,Sewer,35.41
1736,Oregon 1st,Streets and Highways,4.84
1736,Oregon 1st,Student Housing,19.62
1736,Oregon 1st,Water Utilities,165.28
1740,Oregon 2nd,Airports,11.32
1740,Oregon 2nd,Courts and Courtroom Facilities,67.43
1740,Oregon 2nd,Electric Utilities and Public Power,24.38
1740,Oregon 2nd,Fire Stations and Equipment,21.27
1740,Oregon 2nd,General Purpose/Public Improvements,122.5
1740,Oregon 2nd,Higher Education,12.36
1740,Oregon 2nd,Hospitals,741.54
1740,Oregon 2nd,Libraries and Museums,185.3
1740,Oregon 2nd,Police Stations and Equipment,11.34
1740,Oregon 2nd,Pollution Control,28.08
1740,Oregon 2nd,Primary/Secondary Education,1004.09
1740,Oregon 2nd,Public Higher Education,42.44
1740,Oregon 2nd,Seaports and Marine Terminals,294.24
1740,Oregon 2nd,Sewer,28.45
1740,Oregon 2nd,Solid Waste/Resource Recovery,3.44
1740,Oregon 2nd,Stadiums/Sports Complexes,60.24
1740,Oregon 2nd,Streets and Highways,1.01
1740,Oregon 2nd,Water Utilities,2.24
1740,Oregon 2nd,Water/Sewer Utilities,3.56
1745,Oregon 3rd,Airports,218.62
1745,Oregon 3rd,Bridges,23.86
1745,Oregon 3rd,Civic/Convention Centers,39.7
1745,Oregon 3rd,Electric Utilities and Public Power,3.78
1745,Oregon 3rd,Fire Stations and Equipment,26.86
1745,Oregon 3rd,General Purpose/Public Improvements,512.28
1745,Oregon 3rd,Government and Public Buildings,101.65
1745,Oregon 3rd,Hospitals,582.31
1745,Oregon 3rd,Hotels,45.82
1745,Oregon 3rd,Libraries and Museums,154.68
1745,Oregon 3rd,Lifecare/Retirement Centers,6.98
1745,Oregon 3rd,Mass/Rapid Transit,913.74
1745,Oregon 3rd,Multi-Family Housing,30.04
1745,Oregon 3rd,"Parks, Zoos and Beaches",39.49
1745,Oregon 3rd,Primary/Secondary Education,1964.34
1745,Oregon 3rd,Private Higher Education,107.39
1745,Oregon 3rd,Public Higher Education,93.27
1745,Oregon 3rd,Sewer,1337.92
1745,Oregon 3rd,Student Housing,65.65
1745,Oregon 3rd,Telecommunications Equipment,5.72
1745,Oregon 3rd,Water Utilities,693.02
1749,Oregon 4th,Charter Schools,3.9
1749,Oregon 4th,Courts and Courtroom Facilities,35.34
1749,Oregon 4th,Electric Utilities and Public Power,247.84
1749,Oregon 4th,General Purpose/Public Improvements,73.81
1749,Oregon 4th,Government and Public Buildings,9.46
1749,Oregon 4th,Hospitals,370.84
1749,Oregon 4th,Other Recreation,5.19
1749,Oregon 4th,"Parks, Zoos and Beaches",35.38
1749,Oregon 4th,Primary/Secondary Education,897.42
1749,Oregon 4th,Public Higher Education,705.29
1749,Oregon 4th,Redevelopment/Land Clearance,1.26
1749,Oregon 4th,Seaports and Marine Terminals,7.66
1749,Oregon 4th,Sewer,16.74
1749,Oregon 4th,Water Utilities,86.49
1749,Oregon 4th,Water/Sewer Utilities,5.58
1754,Oregon 5th,Courts and Courtroom Facilities,23.82
1754,Oregon 5th,Fire Stations and Equipment,34.28
1754,Oregon 5th,General Purpose/Public Improvements,397.29
1754,Oregon 5th,Hospitals,349.88
1754,Oregon 5th,Libraries and Museums,191.38
1754,Oregon 5th,Lifecare/Retirement Centers,141.2
1754,Oregon 5th,Mass/Rapid Transit,2.2
1754,Oregon 5th,Multi-Family Housing,31.5
1754,Oregon 5th,Other Transportation,122.83
1754,Oregon 5th,"Parks, Zoos and Beaches",45.54
1754,Oregon 5th,Police Stations and Equipment,57.05
1754,Oregon 5th,Primary/Secondary Education,2038.4
1754,Oregon 5th,Public Higher Education,301.4
1754,Oregon 5th,Sewer,157.51
1754,Oregon 5th,Streets and Highways,69.16
1754,Oregon 5th,Water Utilities,71.71
1758,Oregon 6th,Charter Schools,5.2
1758,Oregon 6th,Fire Stations and Equipment,59.49
1758,Oregon 6th,General Purpose/Public Improvements,270.94
1758,Oregon 6th,Government and Public Buildings,31.49
1758,Oregon 6th,Hospitals,956
1758,Oregon 6th,Libraries and Museums,14.82
1758,Oregon 6th,Lifecare/Retirement Centers,245.65
1758,Oregon 6th,Multi-Family Housing,27.94
1758,Oregon 6th,"Parks, Zoos and Beaches",58.46
1758,Oregon 6th,Police Stations and Equipment,3.22
1758,Oregon 6th,Primary/Secondary Education,1728.44
1758,Oregon 6th,Private Higher Education,145.42
1758,Oregon 6th,Public Higher Education,18.56
1758,Oregon 6th,Sewer,37.94
1758,Oregon 6th,Streets and Highways,7.86
1758,Oregon 6th,Student Housing,21.26
1758,Oregon 6th,Water Utilities,320.1
1758,Oregon 6th,Water/Sewer Utilities,66.59
1763,Pennsylvania 1st,Bridges,654.41
1763,Pennsylvania 1st,Charter Schools,26.05
1763,Pennsylvania 1st,General Purpose/Public Improvements,2211.76
1763,Pennsylvania 1st,Government and Public Buildings,18.46
1763,Pennsylvania 1st,Hospitals,5289.24
1763,Pennsylvania 1st,Lifecare/Retirement Centers,700.36
1763,Pennsylvania 1st,Mass/Rapid Transit,1033.7
1763,Pennsylvania 1st,Multi-Family Housing,47.52
1763,Pennsylvania 1st,Nursing Homes,6.36
1763,Pennsylvania 1st,Other,24.23
1763,Pennsylvania 1st,Other Transportation,7.85
1763,Pennsylvania 1st,Pollution Control,223.75
1763,Pennsylvania 1st,Primary/Secondary Education,1315.01
1763,Pennsylvania 1st,Private Higher Education,27.72
1763,Pennsylvania 1st,Public Higher Education,42.15
1763,Pennsylvania 1st,Sewer,268.58
1763,Pennsylvania 1st,Streets and Highways,1575.74
1763,Pennsylvania 1st,Toll Roads,12376.92
1763,Pennsylvania 1st,Water Utilities,151.46
1763,Pennsylvania 1st,Water/Sewer Utilities,13.5
1768,Pennsylvania 2nd,Airports,353.57
1768,Pennsylvania 2nd,Bridges,630.26
1768,Pennsylvania 2nd,Charter Schools,272.99
1768,Pennsylvania 2nd,Courts and Courtroom Facilities,69.1
1768,Pennsylvania 2nd,GAS,1304.44
1768,Pennsylvania 2nd,General Purpose/Public Improvements,1632.66
1768,Pennsylvania 2nd,Government and Public Buildings,25.48
1768,Pennsylvania 2nd,Higher Education,0
1768,Pennsylvania 2nd,Hospitals,5751.76
1768,Pennsylvania 2nd,Human Services,40.9
1768,Pennsylvania 2nd,Industrial Development,272.6
1768,Pennsylvania 2nd,Lifecare/Retirement Centers,95.18
1768,Pennsylvania 2nd,Mass/Rapid Transit,1022.45
1768,Pennsylvania 2nd,Multi-Family Housing,72.58
1768,Pennsylvania 2nd,Other,10.2
1768,Pennsylvania 2nd,Other Health Care,38.66
1768,Pennsylvania 2nd,Other Transportation,228.21
1768,Pennsylvania 2nd,Parking Facilities,13.83
1768,Pennsylvania 2nd,Primary/Secondary Education,2092.79
1768,Pennsylvania 2nd,Private Higher Education,22
1768,Pennsylvania 2nd,Redevelopment/Land Clearance,179.6
1768,Pennsylvania 2nd,Seaports and Marine Terminals,93.68
1768,Pennsylvania 2nd,Streets and Highways,1586.19
1768,Pennsylvania 2nd,Toll Roads,12965.26
1768,Pennsylvania 2nd,Water/Sewer Utilities,3107.11
1772,Pennsylvania 3rd,Airports,353.57
1772,Pennsylvania 3rd,Charter Schools,157.44
1772,Pennsylvania 3rd,Courts and Courtroom Facilities,69.1
1772,Pennsylvania 3rd,GAS,1304.44
1772,Pennsylvania 3rd,General Purpose/Public Improvements,1632.66
1772,Pennsylvania 3rd,Government and Public Buildings,25.48
1772,Pennsylvania 3rd,Higher Education,0
1772,Pennsylvania 3rd,Hospitals,8566.25
1772,Pennsylvania 3rd,Human Services,40.9
1772,Pennsylvania 3rd,Industrial Development,257.1
1772,Pennsylvania 3rd,Lifecare/Retirement Centers,187.92
1772,Pennsylvania 3rd,Mass/Rapid Transit,1022.45
1772,Pennsylvania 3rd,Multi-Family Housing,139.94
1772,Pennsylvania 3rd,Other,10.2
1772,Pennsylvania 3rd,Other Health Care,38.66
1772,Pennsylvania 3rd,Other Transportation,228.21
1772,Pennsylvania 3rd,Parking Facilities,13.83
1772,Pennsylvania 3rd,Primary/Secondary Education,2092.79
1772,Pennsylvania 3rd,Private Higher Education,1945.69
1772,Pennsylvania 3rd,Public Higher Education,287.73
1772,Pennsylvania 3rd,Redevelopment/Land Clearance,179.6
1772,Pennsylvania 3rd,Seaports and Marine Terminals,93.68
1772,Pennsylvania 3rd,Senior Housing/Independent Living,29.62
1772,Pennsylvania 3rd,Streets and Highways,1586.19
1772,Pennsylvania 3rd,Student Housing,37.02
1772,Pennsylvania 3rd,Toll Roads,12965.26
1772,Pennsylvania 3rd,Water/Sewer Utilities,3107.11
1777,Pennsylvania 4th,Airports,15.76
1777,Pennsylvania 4th,Bridges,24.14
1777,Pennsylvania 4th,General Purpose/Public Improvements,2276.94
1777,Pennsylvania 4th,Hospitals,5796.57
1777,Pennsylvania 4th,Industrial Development,0
1777,Pennsylvania 4th,Lifecare/Retirement Centers,789.62
1777,Pennsylvania 4th,Mass/Rapid Transit,1033.7
1777,Pennsylvania 4th,Other,24.23
1777,Pennsylvania 4th,Other Transportation,7.85
1777,Pennsylvania 4th,Pollution Control,320
1777,Pennsylvania 4th,Primary/Secondary Education,1768.22
1777,Pennsylvania 4th,Private Higher Education,116.44
1777,Pennsylvania 4th,Public Higher Education,674.5
1777,Pennsylvania 4th,Sewer,7.94
1777,Pennsylvania 4th,Solid Waste/Resource Recovery,10
1777,Pennsylvania 4th,Streets and Highways,1584.64
1777,Pennsylvania 4th,Student Housing,80.67
1777,Pennsylvania 4th,Toll Roads,12376.92
1777,Pennsylvania 4th,Water Utilities,53.46
1777,Pennsylvania 4th,Water/Sewer Utilities,32
1783,Pennsylvania 5th,Airports,353.57
1783,Pennsylvania 5th,Bridges,91.01
1783,Pennsylvania 5th,Charter Schools,80.48
1783,Pennsylvania 5th,Courts and Courtroom Facilities,69.1
1783,Pennsylvania 5th,Flood Control/Storm Drainage,9.64
1783,Pennsylvania 5th,GAS,1304.44
1783,Pennsylvania 5th,General Purpose/Public Improvements,3966.88
1783,Pennsylvania 5th,Government and Public Buildings,42.48
1783,Pennsylvania 5th,Hospitals,407
1783,Pennsylvania 5th,Human Services,40.9
1783,Pennsylvania 5th,Industrial Development,257.1
1783,Pennsylvania 5th,Libraries and Museums,14.8
1783,Pennsylvania 5th,Lifecare/Retirement Centers,346.98
1783,Pennsylvania 5th,Mass/Rapid Transit,1033.7
1783,Pennsylvania 5th,Multi-Family Housing,67.48
1783,Pennsylvania 5th,Other,34.43
1783,Pennsylvania 5th,Other Health Care,38.66
1783,Pennsylvania 5th,Other Transportation,228.21
1783,Pennsylvania 5th,Parking Facilities,13.83
1783,Pennsylvania 5th,Primary/Secondary Education,3690.54
1783,Pennsylvania 5th,Private Higher Education,1059.28
1783,Pennsylvania 5th,Public Higher Education,775.82
1783,Pennsylvania 5th,Redevelopment/Land Clearance,179.6
1783,Pennsylvania 5th,Seaports and Marine Terminals,93.68
1783,Pennsylvania 5th,Sewer,96.96
1783,Pennsylvania 5th,Streets and Highways,1586.19
1783,Pennsylvania 5th,Student Housing,80.67
1783,Pennsylvania 5th,Toll Roads,12965.26
1783,Pennsylvania 5th,Water Utilities,37.13
1783,Pennsylvania 5th,Water/Sewer Utilities,3136.35
1789,Pennsylvania 6th,Bridges,9.93
1789,Pennsylvania 6th,Charter Schools,206.88
1789,Pennsylvania 6th,General Purpose/Public Improvements,2385.54
1789,Pennsylvania 6th,Government and Public Buildings,24.56
1789,Pennsylvania 6th,Higher Education,0
1789,Pennsylvania 6th,Hospitals,3870.13
1789,Pennsylvania 6th,Human Services,8.86
1789,Pennsylvania 6th,Lifecare/Retirement Centers,251.27
1789,Pennsylvania 6th,Mass/Rapid Transit,1022.45
1789,Pennsylvania 6th,Other,24.23
1789,Pennsylvania 6th,Other Transportation,7.85
1789,Pennsylvania 6th,"Parks, Zoos and Beaches",208.48
1789,Pennsylvania 6th,Pollution Control,223.75
1789,Pennsylvania 6th,Primary/Secondary Education,1575.87
1789,Pennsylvania 6th,Private Higher Education,33.35
1789,Pennsylvania 6th,Public Higher Education,822.14
1789,Pennsylvania 6th,Sewer,64.46
1789,Pennsylvania 6th,Streets and Highways,1575.74
1789,Pennsylvania 6th,Student Housing,187.21
1789,Pennsylvania 6th,Toll Roads,12376.92
1789,Pennsylvania 6th,Water Utilities,25.84
1795,Pennsylvania 7th,Bridges,630.26
1795,Pennsylvania 7th,Charter Schools,157.04
1795,Pennsylvania 7th,Courts and Courtroom Facilities,55.05
1795,Pennsylvania 7th,Economic Development,61.46
1795,Pennsylvania 7th,General Purpose/Public Improvements,1457.36
1795,Pennsylvania 7th,Government and Public Buildings,32
1795,Pennsylvania 7th,Hospitals,2947.71
1795,Pennsylvania 7th,Human Services,35.25
1795,Pennsylvania 7th,Industrial Development,89.46
1795,Pennsylvania 7th,Lifecare/Retirement Centers,303.79
1795,Pennsylvania 7th,Mass/Rapid Transit,341.54
1795,Pennsylvania 7th,Nursing Homes,6.36
1795,Pennsylvania 7th,Parking Facilities,13.14
1795,Pennsylvania 7th,Pollution Control,223.75
1795,Pennsylvania 7th,Primary/Secondary Education,1400.11
1795,Pennsylvania 7th,Private Higher Education,566
1795,Pennsylvania 7th,Public Higher Education,26.3
1795,Pennsylvania 7th,Sewer,36.64
1795,Pennsylvania 7th,Stadiums/Sports Complexes,149.13
1795,Pennsylvania 7th,Streets and Highways,1575.74
1795,Pennsylvania 7th,Telecommunications Equipment,62.42
1795,Pennsylvania 7th,Toll Roads,12376.92
1795,Pennsylvania 7th,Water Utilities,74.08
1795,Pennsylvania 7th,Water/Sewer Utilities,196.07
1801,Pennsylvania 8th,Bridges,630.26
1801,Pennsylvania 8th,Courts and Courtroom Facilities,57.56
1801,Pennsylvania 8th,General Purpose/Public Improvements,469.3
1801,Pennsylvania 8th,Hospitals,3338.57
1801,Pennsylvania 8th,Lifecare/Retirement Centers,202.66
1801,Pennsylvania 8th,Mass/Rapid Transit,341.54
1801,Pennsylvania 8th,Multi-Family Housing,18.5
1801,Pennsylvania 8th,Nursing Homes,11.6
1801,Pennsylvania 8th,Pollution Control,223.75
1801,Pennsylvania 8th,Primary/Secondary Education,1006.81
1801,Pennsylvania 8th,Private Higher Education,308.92
1801,Pennsylvania 8th,Public Higher Education,674.5
1801,Pennsylvania 8th,Sewer,32.41
1801,Pennsylvania 8th,Streets and Highways,1575.74
1801,Pennsylvania 8th,Student Housing,88.4
1801,Pennsylvania 8th,Toll Roads,12376.92
1807,Pennsylvania 9th,Combined Utilities,17.48
1807,Pennsylvania 9th,General Purpose/Public Improvements,328.42
1807,Pennsylvania 9th,Hospitals,7418.51
1807,Pennsylvania 9th,Lifecare/Retirement Centers,307.8
1807,Pennsylvania 9th,Multi-Family Housing,18.5
1807,Pennsylvania 9th,Pollution Control,223.75
1807,Pennsylvania 9th,Primary/Secondary Education,1165.39
1807,Pennsylvania 9th,Private Higher Education,35.6
1807,Pennsylvania 9th,Public Higher Education,872.04
1807,Pennsylvania 9th,Sewer,122.15
1807,Pennsylvania 9th,Student Housing,80.67
1807,Pennsylvania 9th,Water Utilities,26.19
1807,Pennsylvania 9th,Water/Sewer Utilities,25.51
1814,Pennsylvania 10th,Charter Schools,35.5
1814,Pennsylvania 10th,Electric Utilities and Public Power,4.42
1814,Pennsylvania 10th,General Purpose/Public Improvements,628.85
1814,Pennsylvania 10th,Government and Public Buildings,25.68
1814,Pennsylvania 10th,Hospitals,6134.36
1814,Pennsylvania 10th,Lifecare/Retirement Centers,467.87
1814,Pennsylvania 10th,Mass/Rapid Transit,341.54
1814,Pennsylvania 10th,Multi-Family Housing,26.26
1814,Pennsylvania 10th,Parking Facilities,12.78
1814,Pennsylvania 10th,Pollution Control,223.75
1814,Pennsylvania 10th,Primary/Secondary Education,1205.15
1814,Pennsylvania 10th,Private Higher Education,266.3
1814,Pennsylvania 10th,Public Higher Education,180.53
1814,Pennsylvania 10th,Sewer,159.06
1814,Pennsylvania 10th,Streets and Highways,1575.74
1814,Pennsylvania 10th,Telecommunications Equipment,27.86
1814,Pennsylvania 10th,Toll Roads,12376.92
1814,Pennsylvania 10th,Water Utilities,65.3
1814,Pennsylvania 10th,Water/Sewer Utilities,23.81
1820,Pennsylvania 11th,General Purpose/Public Improvements,661.78
1820,Pennsylvania 11th,Government and Public Buildings,2.69
1820,Pennsylvania 11th,Higher Education,0
1820,Pennsylvania 11th,Hospitals,2740.76
1820,Pennsylvania 11th,Industrial Development,60
1820,Pennsylvania 11th,Lifecare/Retirement Centers,581.14
1820,Pennsylvania 11th,Mass/Rapid Transit,344.86
1820,Pennsylvania 11th,Other Recreation,0.58
1820,Pennsylvania 11th,Parking Facilities,45.36
1820,Pennsylvania 11th,Pollution Control,223.75
1820,Pennsylvania 11th,Primary/Secondary Education,1264.19
1820,Pennsylvania 11th,Private Higher Education,54.18
1820,Pennsylvania 11th,Public Higher Education,551.06
1820,Pennsylvania 11th,Sewer,107.8
1820,Pennsylvania 11th,Streets and Highways,1575.74
1820,Pennsylvania 11th,Student Housing,126.76
1820,Pennsylvania 11th,Toll Roads,12376.92
1820,Pennsylvania 11th,Water Utilities,12.62
1820,Pennsylvania 11th,Water/Sewer Utilities,109.7
1826,Pennsylvania 12th,Charter Schools,8.81
1826,Pennsylvania 12th,Civic/Convention Centers,105.58
1826,Pennsylvania 12th,General Purpose/Public Improvements,1320.46
1826,Pennsylvania 12th,Government and Public Buildings,10
1826,Pennsylvania 12th,Higher Education,23
1826,Pennsylvania 12th,Hospitals,5040.84
1826,Pennsylvania 12th,Industrial Development,33.03
1826,Pennsylvania 12th,Lifecare/Retirement Centers,59.92
1826,Pennsylvania 12th,Mass/Rapid Transit,422.06
1826,Pennsylvania 12th,Multi-Family Housing,23.54
1826,Pennsylvania 12th,Parking Facilities,44.48
1826,Pennsylvania 12th,Police Stations and Equipment,7.2
1826,Pennsylvania 12th,Primary/Secondary Education,1845.46
1826,Pennsylvania 12th,Private Higher Education,701.99
1826,Pennsylvania 12th,Public Higher Education,933.2
1826,Pennsylvania 12th,Sewer,1296.9
1826,Pennsylvania 12th,Stadiums/Sports Complexes,262.84
1826,Pennsylvania 12th,Streets and Highways,1684.52
1826,Pennsylvania 12th,Toll Roads,12376.92
1826,Pennsylvania 12th,Water Utilities,29.44
1826,Pennsylvania 12th,Water/Sewer Utilities,1225.95
1832,Pennsylvania 13th,Courts and Courtroom Facilities,5.17
1832,Pennsylvania 13th,Electric Utilities and Public Power,7.65
1832,Pennsylvania 13th,General Purpose/Public Improvements,289.4
1832,Pennsylvania 13th,Government and Public Buildings,3.1
1832,Pennsylvania 13th,Higher Education,23
1832,Pennsylvania 13th,Hospitals,6214.97
1832,Pennsylvania 13th,Lifecare/Retirement Centers,489.06
1832,Pennsylvania 13th,Mass/Rapid Transit,341.54
1832,Pennsylvania 13th,Police Stations and Equipment,5.78
1832,Pennsylvania 13th,Pollution Control,223.75
1832,Pennsylvania 13th,Primary/Secondary Education,1097.72
1832,Pennsylvania 13th,Private Higher Education,195.22
1832,Pennsylvania 13th,Public Higher Education,1438.88
1832,Pennsylvania 13th,Sewer,120.14
1832,Pennsylvania 13th,Streets and Highways,1576.72
1832,Pennsylvania 13th,Student Housing,80.67
1832,Pennsylvania 13th,Toll Roads,12376.92
1832,Pennsylvania 13th,Water Utilities,32.44
1832,Pennsylvania 13th,Water/Sewer Utilities,2.52
1839,Pennsylvania 14th,General Purpose/Public Improvements,360.04
1839,Pennsylvania 14th,Higher Education,23
1839,Pennsylvania 14th,Hospitals,4982.93
1839,Pennsylvania 14th,Lifecare/Retirement Centers,236.08
1839,Pennsylvania 14th,Mass/Rapid Transit,341.54
1839,Pennsylvania 14th,Primary/Secondary Education,1418.66
1839,Pennsylvania 14th,Private Higher Education,83.41
1839,Pennsylvania 14th,Public Higher Education,1563.49
1839,Pennsylvania 14th,Sewer,1318.02
1839,Pennsylvania 14th,Streets and Highways,1575.74
1839,Pennsylvania 14th,Student Housing,156.18
1839,Pennsylvania 14th,Toll Roads,12376.92
1839,Pennsylvania 14th,Water Utilities,53.83
1839,Pennsylvania 14th,Water/Sewer Utilities,9.95
1846,Pennsylvania 15th,General Purpose/Public Improvements,178.21
1846,Pennsylvania 15th,Government and Public Buildings,2.59
1846,Pennsylvania 15th,Higher Education,23
1846,Pennsylvania 15th,Hospitals,5802.32
1846,Pennsylvania 15th,Lifecare/Retirement Centers,164.54
1846,Pennsylvania 15th,Parking Facilities,4.18
1846,Pennsylvania 15th,Pollution Control,223.75
1846,Pennsylvania 15th,Primary/Secondary Education,1028.88
1846,Pennsylvania 15th,Private Higher Education,64.88
1846,Pennsylvania 15th,Public Higher Education,2604.74
1846,Pennsylvania 15th,Sewer,131.48
1846,Pennsylvania 15th,Student Housing,125.84
1846,Pennsylvania 15th,Water Utilities,19.18
1852,Pennsylvania 16th,Civic/Convention Centers,26
1852,Pennsylvania 16th,Combined Utilities,4.35
1852,Pennsylvania 16th,Fire Stations and Equipment,0.82
1852,Pennsylvania 16th,General Purpose/Public Improvements,281.73
1852,Pennsylvania 16th,Government and Public Buildings,2.68
1852,Pennsylvania 16th,Higher Education,23
1852,Pennsylvania 16th,Hospitals,5159.04
1852,Pennsylvania 16th,Lifecare/Retirement Centers,93.56
1852,Pennsylvania 16th,Mass/Rapid Transit,341.54
1852,Pennsylvania 16th,Parking Facilities,32.2
1852,Pennsylvania 16th,Primary/Secondary Education,1113.94
1852,Pennsylvania 16th,Private Higher Education,147.24
1852,Pennsylvania 16th,Public Higher Education,1451.06
1852,Pennsylvania 16th,Sewer,169.26
1852,Pennsylvania 16th,Solid Waste/Resource Recovery,25.72
1852,Pennsylvania 16th,Streets and Highways,1575.74
1852,Pennsylvania 16th,Student Housing,80.67
1852,Pennsylvania 16th,Toll Roads,12376.92
1852,Pennsylvania 16th,Water Utilities,190.63
1852,Pennsylvania 16th,Water/Sewer Utilities,7.2
1859,Pennsylvania 17th,Airports,139.88
1859,Pennsylvania 17th,Charter Schools,20.78
1859,Pennsylvania 17th,Civic/Convention Centers,105.58
1859,Pennsylvania 17th,Economic Development,11.68
1859,Pennsylvania 17th,General Purpose/Public Improvements,1181.04
1859,Pennsylvania 17th,Government and Public Buildings,12.87
1859,Pennsylvania 17th,Hospitals,5049.28
1859,Pennsylvania 17th,Industrial Development,33.03
1859,Pennsylvania 17th,Lifecare/Retirement Centers,258.68
1859,Pennsylvania 17th,Mass/Rapid Transit,422.06
1859,Pennsylvania 17th,Parking Facilities,31.36
1859,Pennsylvania 17th,Police Stations and Equipment,10.24
1859,Pennsylvania 17th,Primary/Secondary Education,1686.81
1859,Pennsylvania 17th,Private Higher Education,45.63
1859,Pennsylvania 17th,Public Higher Education,9.32
1859,Pennsylvania 17th,Senior Housing/Independent Living,73.04
1859,Pennsylvania 17th,Sewer,1187.39
1859,Pennsylvania 17th,Stadiums/Sports Complexes,252
1859,Pennsylvania 17th,Streets and Highways,1575.74
1859,Pennsylvania 17th,Toll Roads,12376.92
1859,Pennsylvania 17th,Water Utilities,122.48
1859,Pennsylvania 17th,Water/Sewer Utilities,128.13
1866,Rhode Island 1st,Charter Schools,7
1866,Rhode Island 1st,Civic/Convention Centers,10.16
1866,Rhode Island 1st,Courts and Courtroom Facilities,104.65
1866,Rhode Island 1st,Fire Stations and Equipment,1.69
1866,Rhode Island 1st,General Purpose/Public Improvements,457.28
1866,Rhode Island 1st,Government and Public Buildings,21.16
1866,Rhode Island 1st,Hospitals,552.68
1866,Rhode Island 1st,Libraries and Museums,8.91
1866,Rhode Island 1st,Police Stations and Equipment,3.64
1866,Rhode Island 1st,Primary/Secondary Education,83.4
1866,Rhode Island 1st,Private Higher Education,819.09
1866,Rhode Island 1st,Sewer,50.08
1866,Rhode Island 1st,Streets and Highways,2.86
1866,Rhode Island 1st,Water Utilities,184.54
1866,Rhode Island 1st,Water/Sewer Utilities,41.78
1871,Rhode Island 2nd,Airports,59.3
1871,Rhode Island 2nd,General Purpose/Public Improvements,386.26
1871,Rhode Island 2nd,Government and Public Buildings,14.77
1871,Rhode Island 2nd,Hospitals,552.68
1871,Rhode Island 2nd,Police Stations and Equipment,2.85
1871,Rhode Island 2nd,Primary/Secondary Education,80.6
1871,Rhode Island 2nd,Private Higher Education,280.15
1871,Rhode Island 2nd,Public Higher Education,105.4
1871,Rhode Island 2nd,Streets and Highways,10.4
1871,Rhode Island 2nd,Student Housing,116.65
1871,Rhode Island 2nd,Water Utilities,1.7
1876,South Carolina 1st,Civic/Convention Centers,5.35
1876,South Carolina 1st,Combined Utilities,3932.2
1876,South Carolina 1st,Courts and Courtroom Facilities,68.4
1876,South Carolina 1st,Electric Utilities and Public Power,1402.44
1876,South Carolina 1st,Fire Stations and Equipment,41
1876,South Carolina 1st,General Purpose/Public Improvements,1419.89
1876,South Carolina 1st,Government and Public Buildings,51.04
1876,South Carolina 1st,Hospitals,2387.71
1876,South Carolina 1st,LD PRESERVTN,16.58
1876,South Carolina 1st,Libraries and Museums,19.04
1876,South Carolina 1st,Lifecare/Retirement Centers,299.48
1876,South Carolina 1st,Mass/Rapid Transit,157.72
1876,South Carolina 1st,Multi-Family Housing,39.2
1876,South Carolina 1st,Other,13.14
1876,South Carolina 1st,"Parks, Zoos and Beaches",13.06
1876,South Carolina 1st,Primary/Secondary Education,1179.73
1876,South Carolina 1st,Private Higher Education,9.14
1876,South Carolina 1st,Public Higher Education,94.6
1876,South Carolina 1st,Redevelopment/Land Clearance,20
1876,South Carolina 1st,Seaports and Marine Terminals,118.58
1876,South Carolina 1st,Sewer,9.78
1876,South Carolina 1st,Stadiums/Sports Complexes,41.86
1876,South Carolina 1st,Streets and Highways,122.46
1876,South Carolina 1st,Water/Sewer Utilities,1192.23
1881,South Carolina 2nd,Charter Schools,66.36
1881,South Carolina 2nd,Courts and Courtroom Facilities,32.51
1881,South Carolina 2nd,Fire Stations and Equipment,4.76
1881,South Carolina 2nd,General Purpose/Public Improvements,266.17
1881,South Carolina 2nd,Hospitals,286.36
1881,South Carolina 2nd,Libraries and Museums,33.4
1881,South Carolina 2nd,Lifecare/Retirement Centers,213.54
1881,South Carolina 2nd,Multi-Family Housing,74.56
1881,South Carolina 2nd,Other Recreation,9.79
1881,South Carolina 2nd,Parking Facilities,15
1881,South Carolina 2nd,Primary/Secondary Education,1631.98
1881,South Carolina 2nd,Private Higher Education,9.14
1881,South Carolina 2nd,Public Higher Education,122.56
1881,South Carolina 2nd,Redevelopment/Land Clearance,14.2
1881,South Carolina 2nd,Sewer,20.78
1881,South Carolina 2nd,Water/Sewer Utilities,810.92
1886,South Carolina 3rd,Combined Utilities,73.32
1886,South Carolina 3rd,Courts and Courtroom Facilities,19.36
1886,South Carolina 3rd,Electric Utilities and Public Power,403.65
1886,South Carolina 3rd,General Purpose/Public Improvements,91.28
1886,South Carolina 3rd,Hospitals,1549.35
1886,South Carolina 3rd,Lifecare/Retirement Centers,91.83
1886,South Carolina 3rd,"Parks, Zoos and Beaches",11.12
1886,South Carolina 3rd,Primary/Secondary Education,979.06
1886,South Carolina 3rd,Private Higher Education,9.14
1886,South Carolina 3rd,Public Higher Education,835.46
1886,South Carolina 3rd,Sewer,184.98
1886,South Carolina 3rd,Streets and Highways,11.56
1886,South Carolina 3rd,Student Housing,102.09
1886,South Carolina 3rd,Water Utilities,6.14
1886,South Carolina 3rd,Water/Sewer Utilities,95.96
1891,South Carolina 4th,Airports,37.22
1891,South Carolina 4th,Charter Schools,49.7
1891,South Carolina 4th,Combined Utilities,55.34
1891,South Carolina 4th,Courts and Courtroom Facilities,5.79
1891,South Carolina 4th,Fire Stations and Equipment,14.62
1891,South Carolina 4th,General Purpose/Public Improvements,213.88
1891,South Carolina 4th,Government and Public Buildings,95.47
1891,South Carolina 4th,Hospitals,1975.33
1891,South Carolina 4th,Libraries and Museums,2.17
1891,South Carolina 4th,Lifecare/Retirement Centers,75.63
1891,South Carolina 4th,Mass/Rapid Transit,2.23
1891,South Carolina 4th,Multi-Family Housing,93.3
1891,South Carolina 4th,Other,18.54
1891,South Carolina 4th,Other Recreation,5.2
1891,South Carolina 4th,"Parks, Zoos and Beaches",4.04
1891,South Carolina 4th,Primary/Secondary Education,1180.14
1891,South Carolina 4th,Private Higher Education,222.54
1891,South Carolina 4th,Public Higher Education,146.19
1891,South Carolina 4th,Sanitation,10.04
1891,South Carolina 4th,Sewer,210.95
1891,South Carolina 4th,Streets and Highways,76.02
1891,South Carolina 4th,Student Housing,66.41
1891,South Carolina 4th,Toll Roads,116.38
1891,South Carolina 4th,Water Utilities,110.86
1896,South Carolina 5th,Charter Schools,11.37
1896,South Carolina 5th,Combined Utilities,368.44
1896,South Carolina 5th,Electric Utilities and Public Power,403.65
1896,South Carolina 5th,Fire Stations and Equipment,0.93
1896,South Carolina 5th,GAS,1538.48
1896,South Carolina 5th,General Purpose/Public Improvements,105.16
1896,South Carolina 5th,Higher Education,18.92
1896,South Carolina 5th,Hospitals,348.4
1896,South Carolina 5th,Lifecare/Retirement Centers,55.14
1896,South Carolina 5th,Multi-Family Housing,30.84
1896,South Carolina 5th,"Parks, Zoos and Beaches",5.02
1896,South Carolina 5th,Police Stations and Equipment,1.05
1896,South Carolina 5th,Primary/Secondary Education,1350.05
1896,South Carolina 5th,Private Higher Education,9.14
1896,South Carolina 5th,Public Higher Education,122.56
1896,South Carolina 5th,Sewer,10
1896,South Carolina 5th,Stadiums/Sports Complexes,23.88
1896,South Carolina 5th,Water Utilities,43.39
1896,South Carolina 5th,Water/Sewer Utilities,81.4
1901,South Carolina 6th,Airports,253.32
1901,South Carolina 6th,Charter Schools,59.24
1901,South Carolina 6th,Combined Utilities,3917.01
1901,South Carolina 6th,Courts and Courtroom Facilities,37.26
1901,South Carolina 6th,Electric Utilities and Public Power,1402.44
1901,South Carolina 6th,Fire Stations and Equipment,31.01
1901,South Carolina 6th,General Purpose/Public Improvements,1206.14
1901,South Carolina 6th,Government and Public Buildings,87.93
1901,South Carolina 6th,Hospitals,3968.43
1901,South Carolina 6th,Libraries and Museums,33.4
1901,South Carolina 6th,Multi-Family Housing,90.66
1901,South Carolina 6th,Other,13.14
1901,South Carolina 6th,Other Recreation,2.84
1901,South Carolina 6th,"Parks, Zoos and Beaches",1.66
1901,South Carolina 6th,Primary/Secondary Education,320.88
1901,South Carolina 6th,Private Higher Education,9.14
1901,South Carolina 6th,Public Higher Education,791.44
1901,South Carolina 6th,Redevelopment/Land Clearance,81.4
1901,South Carolina 6th,Seaports and Marine Terminals,118.58
1901,South Carolina 6th,Sewer,37.93
1901,South Carolina 6th,Student Housing,116.86
1901,South Carolina 6th,Water/Sewer Utilities,1052.94
1907,South Carolina 7th,Airports,24.58
1907,South Carolina 7th,Charter Schools,20.76
1907,South Carolina 7th,Civic/Convention Centers,110.87
1907,South Carolina 7th,Combined Utilities,3921.76
1907,South Carolina 7th,Electric Utilities and Public Power,1402.44
1907,South Carolina 7th,Fire Stations and Equipment,34.57
1907,South Carolina 7th,General Purpose/Public Improvements,776.36
1907,South Carolina 7th,Government and Public Buildings,12.9
1907,South Carolina 7th,Hospitals,318.03
1907,South Carolina 7th,Libraries and Museums,13
1907,South Carolina 7th,Lifecare/Retirement Centers,66.28
1907,South Carolina 7th,Multi-Family Housing,10.64
1907,South Carolina 7th,Other,13.14
1907,South Carolina 7th,Primary/Secondary Education,702.43
1907,South Carolina 7th,Public Higher Education,122.42
1907,South Carolina 7th,Redevelopment/Land Clearance,58.5
1907,South Carolina 7th,Sewer,13.72
1907,South Carolina 7th,Stadiums/Sports Complexes,26.32
1907,South Carolina 7th,Student Housing,77.84
1907,South Carolina 7th,Water/Sewer Utilities,301.86
1911,South Dakota 0th,Airports,6.24
1911,South Dakota 0th,Civic/Convention Centers,63.02
1911,South Dakota 0th,Courts and Courtroom Facilities,279.02
1911,South Dakota 0th,Electric Utilities and Public Power,16.9
1911,South Dakota 0th,Fire Stations and Equipment,0.6
1911,South Dakota 0th,General Purpose/Public Improvements,314.98
1911,South Dakota 0th,Government and Public Buildings,3.94
1911,South Dakota 0th,Hospitals,1040.34
1911,South Dakota 0th,Libraries and Museums,11.04
1911,South Dakota 0th,Lifecare/Retirement Centers,75.12
1911,South Dakota 0th,Other,16.07
1911,South Dakota 0th,Other Recreation,5.18
1911,South Dakota 0th,"Parks, Zoos and Beaches",25.73
1911,South Dakota 0th,Primary/Secondary Education,1359.48
1911,South Dakota 0th,Private Higher Education,70.46
1911,South Dakota 0th,Public Higher Education,96.89
1911,South Dakota 0th,Redevelopment/Land Clearance,1
1911,South Dakota 0th,Sanitation,7.68
1911,South Dakota 0th,Sewer,20.68
1911,South Dakota 0th,Stadiums/Sports Complexes,3.53
1911,South Dakota 0th,Streets and Highways,36.3
1911,South Dakota 0th,Student Housing,73.76
1911,South Dakota 0th,UNKNOWN,1.07
1911,South Dakota 0th,Water Utilities,95.46
1918,Tennessee 1st,Airports,1.54
1918,Tennessee 1st,Civic/Convention Centers,3.64
1918,Tennessee 1st,Courts and Courtroom Facilities,98.2
1918,Tennessee 1st,Electric Utilities and Public Power,121.39
1918,Tennessee 1st,General Purpose/Public Improvements,868.99
1918,Tennessee 1st,Government and Public Buildings,71.75
1918,Tennessee 1st,Hospitals,1857.97
1918,Tennessee 1st,Industrial Development,28.41
1918,Tennessee 1st,Malls/Shopping Centers,104.95
1918,Tennessee 1st,Multi-Family Housing,50.17
1918,Tennessee 1st,Nursing Homes,9.41
1918,Tennessee 1st,Parking Facilities,23.72
1918,Tennessee 1st,"Parks, Zoos and Beaches",1.86
1918,Tennessee 1st,Primary/Secondary Education,353
1918,Tennessee 1st,Public Higher Education,1014.5
1918,Tennessee 1st,Sanitation,29.89
1918,Tennessee 1st,Sewer,8.29
1918,Tennessee 1st,Solid Waste/Resource Recovery,7.04
1918,Tennessee 1st,Streets and Highways,45.86
1918,Tennessee 1st,Water Utilities,14.08
1918,Tennessee 1st,Water/Sewer Utilities,189.66
1922,Tennessee 2nd,Combined Utilities,6
1922,Tennessee 2nd,Courts and Courtroom Facilities,171.08
1922,Tennessee 2nd,Electric Utilities and Public Power,608.13
1922,Tennessee 2nd,GAS,1840.11
1922,Tennessee 2nd,General Purpose/Public Improvements,862.59
1922,Tennessee 2nd,Government and Public Buildings,76.74
1922,Tennessee 2nd,Hospitals,691.39
1922,Tennessee 2nd,Industrial Development,9.22
1922,Tennessee 2nd,Libraries and Museums,87.04
1922,Tennessee 2nd,Multi-Family Housing,229.95
1922,Tennessee 2nd,Primary/Secondary Education,30.94
1922,Tennessee 2nd,Public Higher Education,1014.5
1922,Tennessee 2nd,Sewer,407.24
1922,Tennessee 2nd,Stadiums/Sports Complexes,50.9
1922,Tennessee 2nd,Student Housing,389.56
1922,Tennessee 2nd,Water Utilities,203.8
1922,Tennessee 2nd,Water/Sewer Utilities,329.85
1926,Tennessee 3rd,Combined Utilities,54.45
1926,Tennessee 3rd,Electric Utilities and Public Power,399.98
1926,Tennessee 3rd,Fire Stations and Equipment,1.18
1926,Tennessee 3rd,General Purpose/Public Improvements,891.3
1926,Tennessee 3rd,Government and Public Buildings,40.14
1926,Tennessee 3rd,Hospitals,861.26
1926,Tennessee 3rd,Multi-Family Housing,25.09
1926,Tennessee 3rd,Primary/Secondary Education,50.56
1926,Tennessee 3rd,Public Higher Education,1014.5
1926,Tennessee 3rd,Stadiums/Sports Complexes,8
1926,Tennessee 3rd,Student Housing,43.34
1926,Tennessee 3rd,Water Utilities,21.8
1926,Tennessee 3rd,Water/Sewer Utilities,135.06
1930,Tennessee 4th,Courts and Courtroom Facilities,3.87
1930,Tennessee 4th,Electric Utilities and Public Power,44.08
1930,Tennessee 4th,GAS,1768.68
1930,Tennessee 4th,General Purpose/Public Improvements,839.97
1930,Tennessee 4th,Government and Public Buildings,3.82
1930,Tennessee 4th,Hospitals,0.21
1930,Tennessee 4th,Multi-Family Housing,10.47
1930,Tennessee 4th,Primary/Secondary Education,457.78
1930,Tennessee 4th,Private Higher Education,30.04
1930,Tennessee 4th,Public Higher Education,1014.5
1930,Tennessee 4th,Telecommunications Equipment,1.58
1930,Tennessee 4th,Water Utilities,8.38
1930,Tennessee 4th,Water/Sewer Utilities,39.83
1934,Tennessee 5th,Airports,4.22
1934,Tennessee 5th,Civic/Convention Centers,18.12
1934,Tennessee 5th,Courts and Courtroom Facilities,59.64
1934,Tennessee 5th,Electric Utilities and Public Power,708.18
1934,Tennessee 5th,Fire Stations and Equipment,9.16
1934,Tennessee 5th,GAS,1768.68
1934,Tennessee 5th,General Purpose/Public Improvements,3982.75
1934,Tennessee 5th,Government and Public Buildings,77.56
1934,Tennessee 5th,Hospitals,138.08
1934,Tennessee 5th,Libraries and Museums,1.61
1934,Tennessee 5th,Lifecare/Retirement Centers,108.94
1934,Tennessee 5th,Multi-Family Housing,121.38
1934,Tennessee 5th,Police Stations and Equipment,31.8
1934,Tennessee 5th,Primary/Secondary Education,1331.88
1934,Tennessee 5th,Private Higher Education,165.34
1934,Tennessee 5th,Public Higher Education,1014.5
1934,Tennessee 5th,Sewer,74.53
1934,Tennessee 5th,Stadiums/Sports Complexes,484.84
1934,Tennessee 5th,Streets and Highways,7.36
1934,Tennessee 5th,Water Utilities,143.26
1934,Tennessee 5th,Water/Sewer Utilities,1283.6
1938,Tennessee 6th,Airports,433.64
1938,Tennessee 6th,Civic/Convention Centers,6.9
1938,Tennessee 6th,Courts and Courtroom Facilities,7.36
1938,Tennessee 6th,Electric Utilities and Public Power,11.1
1938,Tennessee 6th,GAS,1781.26
1938,Tennessee 6th,General Purpose/Public Improvements,355.2
1938,Tennessee 6th,Government and Public Buildings,83.41
1938,Tennessee 6th,Hospitals,52.64
1938,Tennessee 6th,Libraries and Museums,1.61
1938,Tennessee 6th,Multi-Family Housing,185.83
1938,Tennessee 6th,Nursing Homes,6.09
1938,Tennessee 6th,Primary/Secondary Education,619.56
1938,Tennessee 6th,Public Higher Education,1014.5
1938,Tennessee 6th,Solid Waste/Resource Recovery,12.14
1938,Tennessee 6th,Streets and Highways,9.82
1938,Tennessee 6th,Water Utilities,84.62
1938,Tennessee 6th,Water/Sewer Utilities,146.92
1942,Tennessee 7th,Airports,427.44
1942,Tennessee 7th,Civic/Convention Centers,36.22
1942,Tennessee 7th,Combined Utilities,329.84
1942,Tennessee 7th,Courts and Courtroom Facilities,7.1
1942,Tennessee 7th,Electric Utilities and Public Power,824.04
1942,Tennessee 7th,General Purpose/Public Improvements,4133.06
1942,Tennessee 7th,Government and Public Buildings,82.9
1942,Tennessee 7th,Hospitals,1403.92
1942,Tennessee 7th,Lifecare/Retirement Centers,60.38
1942,Tennessee 7th,Multi-Family Housing,35.9
1942,Tennessee 7th,Primary/Secondary Education,957.72
1942,Tennessee 7th,Private Higher Education,671.78
1942,Tennessee 7th,Public Higher Education,1014.5
1942,Tennessee 7th,Stadiums/Sports Complexes,484.84
1942,Tennessee 7th,Water Utilities,16.04
1942,Tennessee 7th,Water/Sewer Utilities,1332.58
1946,Tennessee 8th,Combined Utilities,3.04
1946,Tennessee 8th,Courts and Courtroom Facilities,27.98
1946,Tennessee 8th,Electric Utilities and Public Power,71.19
1946,Tennessee 8th,GAS,1796.5
1946,Tennessee 8th,General Purpose/Public Improvements,766.16
1946,Tennessee 8th,Hospitals,914.37
1946,Tennessee 8th,Lifecare/Retirement Centers,239.1
1946,Tennessee 8th,Primary/Secondary Education,676.37
1946,Tennessee 8th,Public Higher Education,1014.5
1946,Tennessee 8th,Sewer,3.82
1946,Tennessee 8th,Streets and Highways,6.42
1946,Tennessee 8th,Student Housing,43.34
1946,Tennessee 8th,Water Utilities,32.37
1946,Tennessee 8th,Water/Sewer Utilities,17.66
1950,Tennessee 9th,Airports,36.89
1950,Tennessee 9th,Electric Utilities and Public Power,430.76
1950,Tennessee 9th,Flood Control/Storm Drainage,31.74
1950,Tennessee 9th,GAS,116.75
1950,Tennessee 9th,General Purpose/Public Improvements,1748.41
1950,Tennessee 9th,Hospitals,387.31
1950,Tennessee 9th,Industrial Development,80.66
1950,Tennessee 9th,Lifecare/Retirement Centers,114.68
1950,Tennessee 9th,Multi-Family Housing,82.97
1950,Tennessee 9th,Primary/Secondary Education,500.07
1950,Tennessee 9th,Private Higher Education,81.06
1950,Tennessee 9th,Public Higher Education,1014.5
1950,Tennessee 9th,Sewer,156.16
1950,Tennessee 9th,Stadiums/Sports Complexes,8.65
1950,Tennessee 9th,Student Housing,114.2
1950,Tennessee 9th,Water Utilities,110.34
1950,Tennessee 9th,Water/Sewer Utilities,1.5
1954,Texas 1st,Charter Schools,75.68
1954,Texas 1st,Civic/Convention Centers,8.6
1954,Texas 1st,Combined Utilities,11.35
1954,Texas 1st,Courts and Courtroom Facilities,169.69
1954,Texas 1st,Fire Stations and Equipment,22.39
1954,Texas 1st,General Purpose/Public Improvements,351.16
1954,Texas 1st,Higher Education,33.93
1954,Texas 1st,Hospitals,1253.56
1954,Texas 1st,Lifecare/Retirement Centers,710.86
1954,Texas 1st,Multi-Family Housing,8.93
1954,Texas 1st,Other,39.34
1954,Texas 1st,Parking Facilities,18.17
1954,Texas 1st,"Parks, Zoos and Beaches",17.54
1954,Texas 1st,Primary/Secondary Education,2508.53
1954,Texas 1st,Public Higher Education,10257.52
1954,Texas 1st,Sewer,13.15
1954,Texas 1st,Stadiums/Sports Complexes,1.78
1954,Texas 1st,Streets and Highways,285.98
1954,Texas 1st,Student Housing,513.86
1954,Texas 1st,Toll Roads,6.14
1954,Texas 1st,Water Utilities,17.63
1954,Texas 1st,Water/Sewer Utilities,433.55
1960,Texas 2nd,Airports,787.25
1960,Texas 2nd,Bridges,13
1960,Texas 2nd,Charter Schools,166.36
1960,Texas 2nd,Civic/Convention Centers,468.1
1960,Texas 2nd,Combined Utilities,2516.36
1960,Texas 2nd,Courts and Courtroom Facilities,423.09
1960,Texas 2nd,Flood Control/Storm Drainage,1271.37
1960,Texas 2nd,General Purpose/Public Improvements,4339.54
1960,Texas 2nd,Higher Education,54.07
1960,Texas 2nd,Hospitals,3400.02
1960,Texas 2nd,Mass/Rapid Transit,305.9
1960,Texas 2nd,Multi-Family Housing,58.8
1960,Texas 2nd,Other,160.55
1960,Texas 2nd,Other Recreation,2.5
1960,Texas 2nd,"Parks, Zoos and Beaches",107.74
1960,Texas 2nd,Primary/Secondary Education,6779.39
1960,Texas 2nd,Private Higher Education,0.02
1960,Texas 2nd,Private Human Service Providers,53.94
1960,Texas 2nd,Public Higher Education,1187.53
1960,Texas 2nd,Redevelopment/Land Clearance,42.95
1960,Texas 2nd,Sanitation,4.98
1960,Texas 2nd,Seaports and Marine Terminals,911.18
1960,Texas 2nd,Senior Housing/Independent Living,32.52
1960,Texas 2nd,Sewer,335.09
1960,Texas 2nd,Stadiums/Sports Complexes,825.34
1960,Texas 2nd,Streets and Highways,1211.44
1960,Texas 2nd,Toll Roads,5270.95
1960,Texas 2nd,UNKNOWN,25.2
1960,Texas 2nd,Water Utilities,2025.08
1960,Texas 2nd,Water/Sewer Utilities,5612.33
1968,Texas 3rd,Bridges,5
1968,Texas 3rd,Charter Schools,21.21
1968,Texas 3rd,Civic/Convention Centers,3.82
1968,Texas 3rd,Combined Utilities,104.47
1968,Texas 3rd,Electric Utilities and Public Power,156.39
1968,Texas 3rd,Fire Stations and Equipment,25.7
1968,Texas 3rd,Flood Control/Storm Drainage,63.97
1968,Texas 3rd,General Purpose/Public Improvements,2666.84
1968,Texas 3rd,Government and Public Buildings,21.93
1968,Texas 3rd,Higher Education,212.34
1968,Texas 3rd,Hospitals,2880.82
1968,Texas 3rd,Industrial Development,75
1968,Texas 3rd,Libraries and Museums,21.16
1968,Texas 3rd,Lifecare/Retirement Centers,769.64
1968,Texas 3rd,Multi-Family Housing,32.5
1968,Texas 3rd,Other,46.4
1968,Texas 3rd,Other Utilities,14.77
1968,Texas 3rd,"Parks, Zoos and Beaches",119.5
1968,Texas 3rd,Primary/Secondary Education,7767.55
1968,Texas 3rd,Public Higher Education,3802.03
1968,Texas 3rd,Sanitation,49.27
1968,Texas 3rd,Sewer,1693.97
1968,Texas 3rd,Solid Waste/Resource Recovery,44.22
1968,Texas 3rd,Streets and Highways,801.77
1968,Texas 3rd,Toll Roads,7036.26
1968,Texas 3rd,Water Utilities,2772.6
1968,Texas 3rd,Water/Sewer Utilities,1017.53
1974,Texas 4th,Charter Schools,636.63
1974,Texas 4th,Combined Utilities,18.4
1974,Texas 4th,Courts and Courtroom Facilities,69.3
1974,Texas 4th,Flood Control/Storm Drainage,66.81
1974,Texas 4th,General Purpose/Public Improvements,2579.46
1974,Texas 4th,Hospitals,2627.48
1974,Texas 4th,Libraries and Museums,6.23
1974,Texas 4th,Lifecare/Retirement Centers,623.96
1974,Texas 4th,Other,1.72
1974,Texas 4th,Other Utilities,1.41
1974,Texas 4th,"Parks, Zoos and Beaches",79.28
1974,Texas 4th,Police Stations and Equipment,21.46
1974,Texas 4th,Primary/Secondary Education,9224.31
1974,Texas 4th,Public Higher Education,118.3
1974,Texas 4th,Sewer,107.14
1974,Texas 4th,Stadiums/Sports Complexes,16.22
1974,Texas 4th,Streets and Highways,712.66
1974,Texas 4th,Toll Roads,4.92
1974,Texas 4th,Water Utilities,71.89
1974,Texas 4th,Water/Sewer Utilities,1354.43
1980,Texas 5th,Charter Schools,898.97
1980,Texas 5th,Combined Utilities,100.58
1980,Texas 5th,Electric Utilities and Public Power,549.57
1980,Texas 5th,Fire Stations and Equipment,9.6
1980,Texas 5th,Flood Control/Storm Drainage,15.45
1980,Texas 5th,General Purpose/Public Improvements,1423.88
1980,Texas 5th,Government and Public Buildings,45.42
1980,Texas 5th,Higher Education,8.42
1980,Texas 5th,Hospitals,2319.89
1980,Texas 5th,Lifecare/Retirement Centers,119.3
1980,Texas 5th,Mass/Rapid Transit,34.14
1980,Texas 5th,Parking Facilities,2.92
1980,Texas 5th,"Parks, Zoos and Beaches",3.65
1980,Texas 5th,Primary/Secondary Education,4262.13
1980,Texas 5th,Public Higher Education,86.5
1980,Texas 5th,Senior Housing/Independent Living,2.8
1980,Texas 5th,Sewer,1491.38
1980,Texas 5th,Solid Waste/Resource Recovery,11.36
1980,Texas 5th,Streets and Highways,605.64
1980,Texas 5th,Toll Roads,3.64
1980,Texas 5th,Water Utilities,276.83
1980,Texas 5th,Water/Sewer Utilities,768.82
1986,Texas 6th,Charter Schools,1888.66
1986,Texas 6th,Civic/Convention Centers,96.53
1986,Texas 6th,Courts and Courtroom Facilities,4.14
1986,Texas 6th,Fire Stations and Equipment,4.04
1986,Texas 6th,Flood Control/Storm Drainage,16.56
1986,Texas 6th,General Purpose/Public Improvements,1600.2
1986,Texas 6th,Hospitals,3068.18
1986,Texas 6th,Libraries and Museums,7.22
1986,Texas 6th,Lifecare/Retirement Centers,521.38
1986,Texas 6th,Mass/Rapid Transit,4.92
1986,Texas 6th,Other,3.04
1986,Texas 6th,"Parks, Zoos and Beaches",17.84
1986,Texas 6th,Pollution Control,106.04
1986,Texas 6th,Primary/Secondary Education,3409.12
1986,Texas 6th,Public Higher Education,1.46
1986,Texas 6th,Sewer,1525.82
1986,Texas 6th,Solid Waste/Resource Recovery,11.36
1986,Texas 6th,Stadiums/Sports Complexes,56.48
1986,Texas 6th,Streets and Highways,111.97
1986,Texas 6th,Theaters,29.28
1986,Texas 6th,Toll Roads,6.3
1986,Texas 6th,Water Utilities,387.57
1986,Texas 6th,Water/Sewer Utilities,396.46
1992,Texas 7th,Airports,793.17
1992,Texas 7th,Bridges,13
1992,Texas 7th,Charter Schools,2067.24
1992,Texas 7th,Civic/Convention Centers,301.07
1992,Texas 7th,Combined Utilities,2364.28
1992,Texas 7th,Courts and Courtroom Facilities,423.09
1992,Texas 7th,Flood Control/Storm Drainage,1311.38
1992,Texas 7th,General Purpose/Public Improvements,4792.04
1992,Texas 7th,Government and Public Buildings,10.34
1992,Texas 7th,Higher Education,54.07
1992,Texas 7th,Hospitals,1590.71
1992,Texas 7th,Mass/Rapid Transit,305.9
1992,Texas 7th,Multi-Family Housing,50
1992,Texas 7th,Other,167.66
1992,Texas 7th,Other Transportation,80.92
1992,Texas 7th,"Parks, Zoos and Beaches",165.83
1992,Texas 7th,Pollution Control,106.04
1992,Texas 7th,Primary/Secondary Education,7005.9
1992,Texas 7th,Private Higher Education,330.18
1992,Texas 7th,Private Human Service Providers,53.94
1992,Texas 7th,Public Higher Education,239.21
1992,Texas 7th,Redevelopment/Land Clearance,109.03
1992,Texas 7th,Sanitation,4.98
1992,Texas 7th,Seaports and Marine Terminals,911.18
1992,Texas 7th,Sewer,301.89
1992,Texas 7th,Single Family Housing,0.03
1992,Texas 7th,Stadiums/Sports Complexes,825.34
1992,Texas 7th,Streets and Highways,1207.24
1992,Texas 7th,Toll Roads,5617.96
1992,Texas 7th,UNKNOWN,25.2
1992,Texas 7th,Water Utilities,2868.28
1992,Texas 7th,Water/Sewer Utilities,4375.03
1998,Texas 8th,Charter Schools,1449.43
1998,Texas 8th,Civic/Convention Centers,236.2
1998,Texas 8th,Combined Utilities,388.2
1998,Texas 8th,Courts and Courtroom Facilities,423.09
1998,Texas 8th,Flood Control/Storm Drainage,1252.53
1998,Texas 8th,General Purpose/Public Improvements,2544.79
1998,Texas 8th,Government and Public Buildings,5.99
1998,Texas 8th,Hospitals,1809.3
1998,Texas 8th,Lifecare/Retirement Centers,201.63
1998,Texas 8th,Multi-Family Housing,16.26
1998,Texas 8th,Other,58.04
1998,Texas 8th,"Parks, Zoos and Beaches",241.88
1998,Texas 8th,Primary/Secondary Education,11173.82
1998,Texas 8th,Private Human Service Providers,53.94
1998,Texas 8th,Public Higher Education,628.67
1998,Texas 8th,Sanitation,4.98
1998,Texas 8th,Seaports and Marine Terminals,911.18
1998,Texas 8th,Sewer,1628.56
1998,Texas 8th,Solid Waste/Resource Recovery,13.32
1998,Texas 8th,Stadiums/Sports Complexes,825.34
1998,Texas 8th,Streets and Highways,1353.65
1998,Texas 8th,Toll Roads,5282.33
1998,Texas 8th,Water Utilities,1731.37
1998,Texas 8th,Water/Sewer Utilities,2109.45
2006,Texas 9th,Airports,787.25
2006,Texas 9th,Bridges,13
2006,Texas 9th,Charter Schools,1852.23
2006,Texas 9th,Civic/Convention Centers,301.07
2006,Texas 9th,Combined Utilities,2345.44
2006,Texas 9th,Courts and Courtroom Facilities,508.98
2006,Texas 9th,Electric Utilities and Public Power,169.08
2006,Texas 9th,Fire Stations and Equipment,9.8
2006,Texas 9th,Flood Control/Storm Drainage,1280.18
2006,Texas 9th,General Purpose/Public Improvements,4573.76
2006,Texas 9th,Higher Education,87.61
2006,Texas 9th,Hospitals,4734.19
2006,Texas 9th,Libraries and Museums,15.6
2006,Texas 9th,Lifecare/Retirement Centers,93.46
2006,Texas 9th,Mass/Rapid Transit,305.9
2006,Texas 9th,Multi-Family Housing,53.71
2006,Texas 9th,Other,160.55
2006,Texas 9th,Other Transportation,80.92
2006,Texas 9th,"Parks, Zoos and Beaches",84.33
2006,Texas 9th,Pollution Control,52.11
2006,Texas 9th,Primary/Secondary Education,4615.94
2006,Texas 9th,Private Higher Education,418.05
2006,Texas 9th,Private Human Service Providers,53.94
2006,Texas 9th,Public Higher Education,8162.92
2006,Texas 9th,Redevelopment/Land Clearance,56.66
2006,Texas 9th,Seaports and Marine Terminals,911.18
2006,Texas 9th,Senior Housing/Independent Living,32.52
2006,Texas 9th,Sewer,281.65
2006,Texas 9th,Single Family Housing,0.03
2006,Texas 9th,Stadiums/Sports Complexes,825.34
2006,Texas 9th,Streets and Highways,1204.92
2006,Texas 9th,Toll Roads,5729.15
2006,Texas 9th,UNKNOWN,25.2
2006,Texas 9th,Water Utilities,236.38
2006,Texas 9th,Water/Sewer Utilities,4494.8
2012,Texas 10th,Charter Schools,2641.94
2012,Texas 10th,Civic/Convention Centers,8.45
2012,Texas 10th,Combined Utilities,159.74
2012,Texas 10th,Courts and Courtroom Facilities,328.62
2012,Texas 10th,Economic Development,202.04
2012,Texas 10th,Electric Utilities and Public Power,4712.37
2012,Texas 10th,Fire Stations and Equipment,8.14
2012,Texas 10th,Flood Control/Storm Drainage,23.46
2012,Texas 10th,General Purpose/Public Improvements,2759.33
2012,Texas 10th,Government and Public Buildings,193.36
2012,Texas 10th,Higher Education,25.52
2012,Texas 10th,Hospitals,1530.66
2012,Texas 10th,Lifecare/Retirement Centers,327.08
2012,Texas 10th,Multi-Family Housing,123.07
2012,Texas 10th,Other,59.67
2012,Texas 10th,"Parks, Zoos and Beaches",257.94
2012,Texas 10th,Pollution Control,158.14
2012,Texas 10th,Primary/Secondary Education,4782.02
2012,Texas 10th,Public Higher Education,3482.9
2012,Texas 10th,Sanitation,4.98
2012,Texas 10th,Sewer,45.12
2012,Texas 10th,Single Family Housing,19.5
2012,Texas 10th,Streets and Highways,674.56
2012,Texas 10th,Student Housing,32.6
2012,Texas 10th,Water Utilities,861.67
2012,Texas 10th,Water/Sewer Utilities,1191.48
2012,Texas 10th,NA,3.01
2019,Texas 11th,Charter Schools,664.64
2019,Texas 11th,Civic/Convention Centers,46.22
2019,Texas 11th,Combined Utilities,40.14
2019,Texas 11th,Courts and Courtroom Facilities,572.26
2019,Texas 11th,Economic Development,202.04
2019,Texas 11th,Electric Utilities and Public Power,4420.71
2019,Texas 11th,General Purpose/Public Improvements,1144.84
2019,Texas 11th,Government and Public Buildings,0.88
2019,Texas 11th,Higher Education,25.52
2019,Texas 11th,Hospitals,184.02
2019,Texas 11th,Other,44.54
2019,Texas 11th,Pollution Control,106.04
2019,Texas 11th,Primary/Secondary Education,2259
2019,Texas 11th,Public Higher Education,10192.49
2019,Texas 11th,Sanitation,8.74
2019,Texas 11th,Sewer,54.7
2019,Texas 11th,Streets and Highways,49.06
2019,Texas 11th,Water Utilities,527.46
2019,Texas 11th,Water/Sewer Utilities,183.93
2024,Texas 12th,Bridges,5
2024,Texas 12th,Charter Schools,3223.01
2024,Texas 12th,Civic/Convention Centers,112.03
2024,Texas 12th,Combined Utilities,72.38
2024,Texas 12th,Fire Stations and Equipment,36.02
2024,Texas 12th,Flood Control/Storm Drainage,105.48
2024,Texas 12th,General Purpose/Public Improvements,1449.56
2024,Texas 12th,Government and Public Buildings,22.85
2024,Texas 12th,Hospitals,2801.33
2024,Texas 12th,Libraries and Museums,48.56
2024,Texas 12th,Lifecare/Retirement Centers,195.98
2024,Texas 12th,Multi-Family Housing,24.64
2024,Texas 12th,Other,50
2024,Texas 12th,Other Transportation,43.96
2024,Texas 12th,Pollution Control,106.04
2024,Texas 12th,Primary/Secondary Education,6048.14
2024,Texas 12th,Private Higher Education,151.19
2024,Texas 12th,Public Higher Education,781.07
2024,Texas 12th,Sewer,1559.4
2024,Texas 12th,Solid Waste/Resource Recovery,11.36
2024,Texas 12th,Stadiums/Sports Complexes,77.1
2024,Texas 12th,Streets and Highways,262.32
2024,Texas 12th,Toll Roads,7036.26
2024,Texas 12th,UNKNOWN,1.16
2024,Texas 12th,Water Utilities,11634.75
2024,Texas 12th,Water/Sewer Utilities,2352.52
2029,Texas 13th,Charter Schools,8.78
2029,Texas 13th,Combined Utilities,8.58
2029,Texas 13th,Courts and Courtroom Facilities,100.8
2029,Texas 13th,Electric Utilities and Public Power,163.16
2029,Texas 13th,Flood Control/Storm Drainage,8.11
2029,Texas 13th,General Purpose/Public Improvements,1586.85
2029,Texas 13th,Government and Public Buildings,50.52
2029,Texas 13th,Hospitals,110.4
2029,Texas 13th,Multi-Family Housing,91.23
2029,Texas 13th,Other,44.82
2029,Texas 13th,"Parks, Zoos and Beaches",23.7
2029,Texas 13th,Primary/Secondary Education,3990.04
2029,Texas 13th,Public Higher Education,3188.21
2029,Texas 13th,Sewer,78.52
2029,Texas 13th,Solid Waste/Resource Recovery,2.28
2029,Texas 13th,Streets and Highways,86.01
2029,Texas 13th,Student Housing,115.56
2029,Texas 13th,Telecommunications Equipment,3.42
2029,Texas 13th,Theaters,2.48
2029,Texas 13th,Water Utilities,82.1
2029,Texas 13th,Water/Sewer Utilities,279.94
2035,Texas 14th,Charter Schools,671.91
2035,Texas 14th,Civic/Convention Centers,16.32
2035,Texas 14th,Combined Utilities,156.96
2035,Texas 14th,Courts and Courtroom Facilities,121.28
2035,Texas 14th,Flood Control/Storm Drainage,39.84
2035,Texas 14th,General Purpose/Public Improvements,966.06
2035,Texas 14th,Government and Public Buildings,0.64
2035,Texas 14th,Higher Education,30.84
2035,Texas 14th,Hospitals,1253.56
2035,Texas 14th,Lifecare/Retirement Centers,323.68
2035,Texas 14th,Multi-Family Housing,3.48
2035,Texas 14th,Other Recreation,9.29
2035,Texas 14th,"Parks, Zoos and Beaches",8.3
2035,Texas 14th,Pollution Control,158.14
2035,Texas 14th,Primary/Secondary Education,5243.15
2035,Texas 14th,Public Higher Education,8082.14
2035,Texas 14th,Seaports and Marine Terminals,487.54
2035,Texas 14th,Sewer,98.28
2035,Texas 14th,Single Family Housing,15.4
2035,Texas 14th,Streets and Highways,178.03
2035,Texas 14th,Toll Roads,111.19
2035,Texas 14th,Water Utilities,156.7
2035,Texas 14th,Water/Sewer Utilities,751.02
2041,Texas 15th,Bridges,53.4
2041,Texas 15th,Charter Schools,1192.52
2041,Texas 15th,Civic/Convention Centers,41.72
2041,Texas 15th,Combined Utilities,255.36
2041,Texas 15th,Courts and Courtroom Facilities,125.82
2041,Texas 15th,Electric Utilities and Public Power,39.72
2041,Texas 15th,Fire Stations and Equipment,1.9
2041,Texas 15th,Flood Control/Storm Drainage,174.12
2041,Texas 15th,General Purpose/Public Improvements,966.99
2041,Texas 15th,Higher Education,25.52
2041,Texas 15th,Hospitals,1385.08
2041,Texas 15th,IRRIGATION,11.04
2041,Texas 15th,Multi-Family Housing,14.73
2041,Texas 15th,Other Transportation,33.8
2041,Texas 15th,"Parks, Zoos and Beaches",18.98
2041,Texas 15th,Pollution Control,52.11
2041,Texas 15th,Primary/Secondary Education,1303.98
2041,Texas 15th,Public Higher Education,7867.68
2041,Texas 15th,Sewer,271.52
2041,Texas 15th,Stadiums/Sports Complexes,8.14
2041,Texas 15th,Streets and Highways,136.08
2041,Texas 15th,Toll Roads,246.35
2041,Texas 15th,Water Utilities,493.93
2041,Texas 15th,Water/Sewer Utilities,389.78
2046,Texas 16th,Airports,8.21
2046,Texas 16th,Bridges,41.06
2046,Texas 16th,Charter Schools,1847.86
2046,Texas 16th,Combined Utilities,12.58
2046,Texas 16th,Flood Control/Storm Drainage,129.34
2046,Texas 16th,General Purpose/Public Improvements,1334.71
2046,Texas 16th,Higher Education,25.52
2046,Texas 16th,Hospitals,332.24
2046,Texas 16th,Libraries and Museums,221.67
2046,Texas 16th,Multi-Family Housing,168.13
2046,Texas 16th,Other,6.22
2046,Texas 16th,Primary/Secondary Education,2286.4
2046,Texas 16th,Public Higher Education,7964.72
2046,Texas 16th,Sewer,64.91
2046,Texas 16th,Stadiums/Sports Complexes,17.98
2046,Texas 16th,Streets and Highways,61.68
2046,Texas 16th,Water Utilities,11.7
2046,Texas 16th,Water/Sewer Utilities,1401
2050,Texas 17th,Airports,14.92
2050,Texas 17th,Charter Schools,1844.3
2050,Texas 17th,Combined Utilities,64.5
2050,Texas 17th,Courts and Courtroom Facilities,24.24
2050,Texas 17th,Electric Utilities and Public Power,169.62
2050,Texas 17th,Fire Stations and Equipment,156.5
2050,Texas 17th,Flood Control/Storm Drainage,0.78
2050,Texas 17th,General Purpose/Public Improvements,1811.8
2050,Texas 17th,Government and Public Buildings,175.6
2050,Texas 17th,Hospitals,1528.1
2050,Texas 17th,Libraries and Museums,20.21
2050,Texas 17th,Lifecare/Retirement Centers,258.57
2050,Texas 17th,Other,6.3
2050,Texas 17th,"Parks, Zoos and Beaches",17.94
2050,Texas 17th,Police Stations and Equipment,7.56
2050,Texas 17th,Pollution Control,106.04
2050,Texas 17th,Primary/Secondary Education,3093.97
2050,Texas 17th,Private Higher Education,157.48
2050,Texas 17th,Public Higher Education,492.32
2050,Texas 17th,Sewer,1512.4
2050,Texas 17th,Solid Waste/Resource Recovery,14.6
2050,Texas 17th,Stadiums/Sports Complexes,38.52
2050,Texas 17th,Streets and Highways,58.58
2050,Texas 17th,Toll Roads,2.02
2050,Texas 17th,Water Utilities,392.09
2050,Texas 17th,Water/Sewer Utilities,546.65
2057,Texas 18th,Airports,787.25
2057,Texas 18th,Bridges,13
2057,Texas 18th,Charter Schools,2394.48
2057,Texas 18th,Civic/Convention Centers,301.07
2057,Texas 18th,Combined Utilities,2281.52
2057,Texas 18th,Courts and Courtroom Facilities,423.09
2057,Texas 18th,Electric Utilities and Public Power,169.62
2057,Texas 18th,Flood Control/Storm Drainage,1251.3
2057,Texas 18th,General Purpose/Public Improvements,3609.07
2057,Texas 18th,Higher Education,106.64
2057,Texas 18th,Hospitals,3241.96
2057,Texas 18th,Mass/Rapid Transit,305.9
2057,Texas 18th,Multi-Family Housing,81.78
2057,Texas 18th,Other,160.55
2057,Texas 18th,"Parks, Zoos and Beaches",79.48
2057,Texas 18th,Primary/Secondary Education,10434.99
2057,Texas 18th,Private Higher Education,0.02
2057,Texas 18th,Private Human Service Providers,53.94
2057,Texas 18th,Public Higher Education,2206.7
2057,Texas 18th,Redevelopment/Land Clearance,41.06
2057,Texas 18th,Seaports and Marine Terminals,911.18
2057,Texas 18th,Senior Housing/Independent Living,32.52
2057,Texas 18th,Sewer,256.29
2057,Texas 18th,Stadiums/Sports Complexes,825.34
2057,Texas 18th,Streets and Highways,685.8
2057,Texas 18th,Toll Roads,5184.77
2057,Texas 18th,UNKNOWN,25.2
2057,Texas 18th,Water Utilities,1731.9
2057,Texas 18th,Water/Sewer Utilities,4679.82
2063,Texas 19th,Charter Schools,636.63
2063,Texas 19th,Civic/Convention Centers,39.1
2063,Texas 19th,Courts and Courtroom Facilities,76.86
2063,Texas 19th,Electric Utilities and Public Power,633.18
2063,Texas 19th,Fire Stations and Equipment,9.14
2063,Texas 19th,General Purpose/Public Improvements,866.69
2063,Texas 19th,Government and Public Buildings,32.24
2063,Texas 19th,Hospitals,67.26
2063,Texas 19th,Hotels,48.81
2063,Texas 19th,Lifecare/Retirement Centers,572.37
2063,Texas 19th,Mass/Rapid Transit,3.52
2063,Texas 19th,Multi-Family Housing,24.32
2063,Texas 19th,"Parks, Zoos and Beaches",39.39
2063,Texas 19th,Police Stations and Equipment,4
2063,Texas 19th,Pollution Control,106.04
2063,Texas 19th,Primary/Secondary Education,3361.59
2063,Texas 19th,Private Higher Education,121.84
2063,Texas 19th,Public Higher Education,380.6
2063,Texas 19th,Sanitation,43.41
2063,Texas 19th,Sewer,7.28
2063,Texas 19th,Stadiums/Sports Complexes,2.38
2063,Texas 19th,Streets and Highways,113.7
2063,Texas 19th,Toll Roads,35.69
2063,Texas 19th,Water Utilities,247.76
2063,Texas 19th,Water/Sewer Utilities,225.91
2070,Texas 20th,Charter Schools,1845.7
2070,Texas 20th,Civic/Convention Centers,542.58
2070,Texas 20th,Combined Utilities,5755.72
2070,Texas 20th,Courts and Courtroom Facilities,276.02
2070,Texas 20th,Electric Utilities and Public Power,299.56
2070,Texas 20th,Flood Control/Storm Drainage,196.78
2070,Texas 20th,GAS,145.92
2070,Texas 20th,General Purpose/Public Improvements,3072.59
2070,Texas 20th,Government and Public Buildings,8.89
2070,Texas 20th,Higher Education,25.52
2070,Texas 20th,Hospitals,2534.38
2070,Texas 20th,Lifecare/Retirement Centers,123.72
2070,Texas 20th,Mass/Rapid Transit,51.73
2070,Texas 20th,Multi-Family Housing,32.7
2070,Texas 20th,Other Health Care,98.6
2070,Texas 20th,Other Transportation,143.43
2070,Texas 20th,Pollution Control,52.11
2070,Texas 20th,Primary/Secondary Education,4324.82
2070,Texas 20th,Public Higher Education,8697
2070,Texas 20th,Senior Housing/Independent Living,33.71
2070,Texas 20th,Sewer,69.92
2070,Texas 20th,Stadiums/Sports Complexes,121.26
2070,Texas 20th,Streets and Highways,334
2070,Texas 20th,Water Utilities,806.08
2070,Texas 20th,Water/Sewer Utilities,2801.92
2074,Texas 21st,Charter Schools,1122.14
2074,Texas 21st,Combined Utilities,586.97
2074,Texas 21st,Courts and Courtroom Facilities,27.98
2074,Texas 21st,Economic Development,202.04
2074,Texas 21st,Electric Utilities and Public Power,4420.71
2074,Texas 21st,Fire Stations and Equipment,1.35
2074,Texas 21st,General Purpose/Public Improvements,1459.84
2074,Texas 21st,Government and Public Buildings,5.38
2074,Texas 21st,Hospitals,1432.47
2074,Texas 21st,Lifecare/Retirement Centers,176.28
2074,Texas 21st,Mass/Rapid Transit,0.58
2074,Texas 21st,Multi-Family Housing,21.25
2074,Texas 21st,Other,8.94
2074,Texas 21st,"Parks, Zoos and Beaches",76.36
2074,Texas 21st,Police Stations and Equipment,1.71
2074,Texas 21st,Pollution Control,52.11
2074,Texas 21st,Primary/Secondary Education,5159.12
2074,Texas 21st,Private Higher Education,102.2
2074,Texas 21st,Senior Housing/Independent Living,32.52
2074,Texas 21st,Sewer,180.52
2074,Texas 21st,Stadiums/Sports Complexes,9.32
2074,Texas 21st,Streets and Highways,436.91
2074,Texas 21st,Telecommunications Equipment,2.5
2074,Texas 21st,Toll Roads,94.02
2074,Texas 21st,Water Utilities,433.92
2074,Texas 21st,Water/Sewer Utilities,613.72
2080,Texas 22nd,Airports,5.92
2080,Texas 22nd,Charter Schools,636.63
2080,Texas 22nd,Combined Utilities,481.12
2080,Texas 22nd,Courts and Courtroom Facilities,85.9
2080,Texas 22nd,Economic Development,202.04
2080,Texas 22nd,Electric Utilities and Public Power,4590.34
2080,Texas 22nd,Fire Stations and Equipment,18.67
2080,Texas 22nd,Flood Control/Storm Drainage,117.96
2080,Texas 22nd,General Purpose/Public Improvements,3000.06
2080,Texas 22nd,Government and Public Buildings,90.98
2080,Texas 22nd,Higher Education,1.85
2080,Texas 22nd,Hospitals,3197.19
2080,Texas 22nd,Libraries and Museums,15.6
2080,Texas 22nd,Lifecare/Retirement Centers,241.7
2080,Texas 22nd,Other,61.5
2080,Texas 22nd,Other Transportation,80.92
2080,Texas 22nd,Other Utilities,4.02
2080,Texas 22nd,"Parks, Zoos and Beaches",161.32
2080,Texas 22nd,Pollution Control,554.29
2080,Texas 22nd,Primary/Secondary Education,9085.61
2080,Texas 22nd,Public Higher Education,17.96
2080,Texas 22nd,Redevelopment/Land Clearance,11.31
2080,Texas 22nd,Senior Housing/Independent Living,32.52
2080,Texas 22nd,Sewer,181.09
2080,Texas 22nd,Single Family Housing,11.23
2080,Texas 22nd,Streets and Highways,1118.01
2080,Texas 22nd,Toll Roads,2609.64
2080,Texas 22nd,Water Utilities,1356.58
2080,Texas 22nd,Water/Sewer Utilities,2764.12
2088,Texas 23rd,Bridges,41.06
2088,Texas 23rd,Charter Schools,2374.38
2088,Texas 23rd,Combined Utilities,4.97
2088,Texas 23rd,Courts and Courtroom Facilities,283.44
2088,Texas 23rd,Flood Control/Storm Drainage,167.04
2088,Texas 23rd,General Purpose/Public Improvements,1617.95
2088,Texas 23rd,Government and Public Buildings,50.16
2088,Texas 23rd,Higher Education,25.52
2088,Texas 23rd,Hospitals,394.07
2088,Texas 23rd,Lifecare/Retirement Centers,110.22
2088,Texas 23rd,Mass/Rapid Transit,51.73
2088,Texas 23rd,Other,69.16
2088,Texas 23rd,Other Transportation,143.43
2088,Texas 23rd,"Parks, Zoos and Beaches",10.15
2088,Texas 23rd,Pollution Control,52.11
2088,Texas 23rd,Primary/Secondary Education,7431.21
2088,Texas 23rd,Public Higher Education,4303.52
2088,Texas 23rd,Sewer,26.62
2088,Texas 23rd,Stadiums/Sports Complexes,121.26
2088,Texas 23rd,Streets and Highways,228
2088,Texas 23rd,Student Housing,513.86
2088,Texas 23rd,Water Utilities,39.53
2088,Texas 23rd,Water/Sewer Utilities,102.18
2094,Texas 24th,Airports,3186.13
2094,Texas 24th,Bridges,5
2094,Texas 24th,Charter Schools,805.12
2094,Texas 24th,Civic/Convention Centers,529.92
2094,Texas 24th,Combined Utilities,48.94
2094,Texas 24th,Fire Stations and Equipment,54.36
2094,Texas 24th,Flood Control/Storm Drainage,173.58
2094,Texas 24th,General Purpose/Public Improvements,4447.1
2094,Texas 24th,Hospitals,2775.5
2094,Texas 24th,Industrial Development,537.51
2094,Texas 24th,Libraries and Museums,8.58
2094,Texas 24th,Lifecare/Retirement Centers,168.73
2094,Texas 24th,Mass/Rapid Transit,1739.1
2094,Texas 24th,Other,50
2094,Texas 24th,Other Recreation,27.66
2094,Texas 24th,Other Transportation,43.96
2094,Texas 24th,"Parks, Zoos and Beaches",53.08
2094,Texas 24th,Police Stations and Equipment,1.78
2094,Texas 24th,Primary/Secondary Education,8496.98
2094,Texas 24th,Private Higher Education,280.08
2094,Texas 24th,Public Higher Education,556.66
2094,Texas 24th,Sewer,1700.26
2094,Texas 24th,Solid Waste/Resource Recovery,11.36
2094,Texas 24th,Stadiums/Sports Complexes,77.1
2094,Texas 24th,Streets and Highways,764.34
2094,Texas 24th,Toll Roads,7036.26
2094,Texas 24th,UNKNOWN,16.48
2094,Texas 24th,Water Utilities,11811.83
2094,Texas 24th,Water/Sewer Utilities,4709.24
2099,Texas 25th,Charter Schools,2760.91
2099,Texas 25th,Combined Utilities,119.14
2099,Texas 25th,Courts and Courtroom Facilities,18.46
2099,Texas 25th,Economic Development,202.04
2099,Texas 25th,Electric Utilities and Public Power,4420.71
2099,Texas 25th,Fire Stations and Equipment,56.96
2099,Texas 25th,Flood Control/Storm Drainage,24.69
2099,Texas 25th,General Purpose/Public Improvements,1446.61
2099,Texas 25th,Higher Education,25.52
2099,Texas 25th,Hospitals,1044.45
2099,Texas 25th,Multi-Family Housing,39.09
2099,Texas 25th,Other,44.54
2099,Texas 25th,"Parks, Zoos and Beaches",2.98
2099,Texas 25th,Pollution Control,106.04
2099,Texas 25th,Primary/Secondary Education,3919.87
2099,Texas 25th,Public Higher Education,10175.18
2099,Texas 25th,Sewer,122.32
2099,Texas 25th,Stadiums/Sports Complexes,519.42
2099,Texas 25th,Streets and Highways,396.64
2099,Texas 25th,Student Housing,64.19
2099,Texas 25th,Water Utilities,221.92
2099,Texas 25th,Water/Sewer Utilities,518.12
2105,Texas 26th,Bridges,5
2105,Texas 26th,Charter Schools,645.4
2105,Texas 26th,Combined Utilities,138.76
2105,Texas 26th,Electric Utilities and Public Power,163.16
2105,Texas 26th,Fire Stations and Equipment,8.9
2105,Texas 26th,Flood Control/Storm Drainage,8.1
2105,Texas 26th,General Purpose/Public Improvements,3464.88
2105,Texas 26th,Government and Public Buildings,6.31
2105,Texas 26th,Hospitals,1092.16
2105,Texas 26th,Libraries and Museums,2.65
2105,Texas 26th,Multi-Family Housing,82.92
2105,Texas 26th,Other,9.22
2105,Texas 26th,Police Stations and Equipment,32.19
2105,Texas 26th,Primary/Secondary Education,7381.17
2105,Texas 26th,Public Higher Education,30.7
2105,Texas 26th,Sewer,87.74
2105,Texas 26th,Stadiums/Sports Complexes,5.99
2105,Texas 26th,Streets and Highways,986.66
2105,Texas 26th,Toll Roads,7039.03
2105,Texas 26th,UNKNOWN,1.79
2105,Texas 26th,Water Utilities,363
2105,Texas 26th,Water/Sewer Utilities,871.47
2111,Texas 27th,Charter Schools,807.5
2111,Texas 27th,Civic/Convention Centers,2.04
2111,Texas 27th,Combined Utilities,1299.17
2111,Texas 27th,Electric Utilities and Public Power,170.72
2111,Texas 27th,Fire Stations and Equipment,1.84
2111,Texas 27th,Flood Control/Storm Drainage,10.7
2111,Texas 27th,General Purpose/Public Improvements,1221.2
2111,Texas 27th,Government and Public Buildings,40.48
2111,Texas 27th,Higher Education,78.08
2111,Texas 27th,Hospitals,1357.46
2111,Texas 27th,Other,35.6
2111,Texas 27th,"Parks, Zoos and Beaches",23.82
2111,Texas 27th,Police Stations and Equipment,5.74
2111,Texas 27th,Pollution Control,52.11
2111,Texas 27th,Primary/Secondary Education,3416.8
2111,Texas 27th,Public Higher Education,4924.44
2111,Texas 27th,Seaports and Marine Terminals,86.74
2111,Texas 27th,Sewer,164.95
2111,Texas 27th,Stadiums/Sports Complexes,12.34
2111,Texas 27th,Streets and Highways,55.85
2111,Texas 27th,Student Housing,210.57
2111,Texas 27th,Water Utilities,448.78
2111,Texas 27th,Water/Sewer Utilities,207.7
2117,Texas 28th,Bridges,13.9
2117,Texas 28th,Charter Schools,1871.94
2117,Texas 28th,Combined Utilities,13.51
2117,Texas 28th,Courts and Courtroom Facilities,1.63
2117,Texas 28th,General Purpose/Public Improvements,787.62
2117,Texas 28th,Higher Education,25.52
2117,Texas 28th,Hospitals,2.01
2117,Texas 28th,Lifecare/Retirement Centers,73.22
2117,Texas 28th,Multi-Family Housing,44.65
2117,Texas 28th,Other,43.82
2117,Texas 28th,"Parks, Zoos and Beaches",2.33
2117,Texas 28th,Pollution Control,52.11
2117,Texas 28th,Primary/Secondary Education,3162.99
2117,Texas 28th,Public Higher Education,3404.76
2117,Texas 28th,Sewer,101.95
2117,Texas 28th,Streets and Highways,39.38
2117,Texas 28th,Toll Roads,4.48
2117,Texas 28th,Water Utilities,41.92
2117,Texas 28th,Water/Sewer Utilities,630.45
2122,Texas 29th,Airports,787.25
2122,Texas 29th,Bridges,13
2122,Texas 29th,Charter Schools,3230.37
2122,Texas 29th,Civic/Convention Centers,301.07
2122,Texas 29th,Combined Utilities,2282.21
2122,Texas 29th,Courts and Courtroom Facilities,423.09
2122,Texas 29th,Electric Utilities and Public Power,169.62
2122,Texas 29th,Flood Control/Storm Drainage,1251.3
2122,Texas 29th,General Purpose/Public Improvements,3751.31
2122,Texas 29th,Higher Education,54.07
2122,Texas 29th,Mass/Rapid Transit,305.9
2122,Texas 29th,Multi-Family Housing,23.08
2122,Texas 29th,Other,112.01
2122,Texas 29th,"Parks, Zoos and Beaches",164.08
2122,Texas 29th,Primary/Secondary Education,4754.08
2122,Texas 29th,Private Higher Education,0.02
2122,Texas 29th,Private Human Service Providers,53.94
2122,Texas 29th,Public Higher Education,1400.71
2122,Texas 29th,Redevelopment/Land Clearance,21.74
2122,Texas 29th,Seaports and Marine Terminals,911.18
2122,Texas 29th,Sewer,244.61
2122,Texas 29th,Stadiums/Sports Complexes,825.34
2122,Texas 29th,Streets and Highways,683.24
2122,Texas 29th,Toll Roads,3121.91
2122,Texas 29th,UNKNOWN,25.2
2122,Texas 29th,Water Utilities,171.82
2122,Texas 29th,Water/Sewer Utilities,3814.22
2127,Texas 30th,Bridges,5
2127,Texas 30th,Charter Schools,2559.12
2127,Texas 30th,Civic/Convention Centers,429.42
2127,Texas 30th,Combined Utilities,2.93
2127,Texas 30th,Economic Development,3.8
2127,Texas 30th,Fire Stations and Equipment,9.6
2127,Texas 30th,Flood Control/Storm Drainage,36.12
2127,Texas 30th,General Purpose/Public Improvements,2892.64
2127,Texas 30th,Government and Public Buildings,44.6
2127,Texas 30th,Hospitals,2259.26
2127,Texas 30th,Hotels,2.01
2127,Texas 30th,Industrial Development,537.51
2127,Texas 30th,Lifecare/Retirement Centers,521.38
2127,Texas 30th,Mass/Rapid Transit,1739.1
2127,Texas 30th,Multi-Family Housing,102.58
2127,Texas 30th,"Parks, Zoos and Beaches",6.68
2127,Texas 30th,Primary/Secondary Education,4281.18
2127,Texas 30th,Public Higher Education,7608.03
2127,Texas 30th,Sewer,1582.4
2127,Texas 30th,Solid Waste/Resource Recovery,13.58
2127,Texas 30th,Streets and Highways,694.26
2127,Texas 30th,Theaters,0
2127,Texas 30th,Toll Roads,7036.26
2127,Texas 30th,Water Utilities,257.58
2127,Texas 30th,Water/Sewer Utilities,2355.74
2132,Texas 31st,Charter Schools,80.15
2132,Texas 31st,Combined Utilities,779.48
2132,Texas 31st,Courts and Courtroom Facilities,6.92
2132,Texas 31st,Economic Development,202.04
2132,Texas 31st,Electric Utilities and Public Power,4420.71
2132,Texas 31st,Fire Stations and Equipment,7.5
2132,Texas 31st,General Purpose/Public Improvements,3017.63
2132,Texas 31st,Government and Public Buildings,19.5
2132,Texas 31st,Hospitals,1468.61
2132,Texas 31st,Libraries and Museums,26.88
2132,Texas 31st,Lifecare/Retirement Centers,118.12
2132,Texas 31st,Mass/Rapid Transit,16.04
2132,Texas 31st,Multi-Family Housing,18.2
2132,Texas 31st,Other,8.94
2132,Texas 31st,"Parks, Zoos and Beaches",63.49
2132,Texas 31st,Police Stations and Equipment,10.08
2132,Texas 31st,Pollution Control,106.04
2132,Texas 31st,Primary/Secondary Education,6592.75
2132,Texas 31st,Private Higher Education,98
2132,Texas 31st,Public Higher Education,109.66
2132,Texas 31st,Sewer,75.86
2132,Texas 31st,Stadiums/Sports Complexes,5.34
2132,Texas 31st,Streets and Highways,4203.85
2132,Texas 31st,Toll Roads,1605.09
2132,Texas 31st,Water Utilities,712.86
2132,Texas 31st,Water/Sewer Utilities,1490.24
2132,Texas 31st,NA,3.01
2139,Texas 32nd,Bridges,5
2139,Texas 32nd,Charter Schools,2292.24
2139,Texas 32nd,Civic/Convention Centers,417.9
2139,Texas 32nd,Electric Utilities and Public Power,717.56
2139,Texas 32nd,Fire Stations and Equipment,9.6
2139,Texas 32nd,Flood Control/Storm Drainage,110.08
2139,Texas 32nd,General Purpose/Public Improvements,4773.17
2139,Texas 32nd,Higher Education,212.34
2139,Texas 32nd,Hospitals,1439.68
2139,Texas 32nd,Industrial Development,537.51
2139,Texas 32nd,Libraries and Museums,6.23
2139,Texas 32nd,Lifecare/Retirement Centers,363.18
2139,Texas 32nd,Mass/Rapid Transit,1739.1
2139,Texas 32nd,Multi-Family Housing,161.21
2139,Texas 32nd,Other,10.8
2139,Texas 32nd,Other Utilities,14.77
2139,Texas 32nd,Primary/Secondary Education,7991.35
2139,Texas 32nd,Public Higher Education,8636.06
2139,Texas 32nd,Sanitation,49.27
2139,Texas 32nd,Sewer,3210.53
2139,Texas 32nd,Solid Waste/Resource Recovery,55.58
2139,Texas 32nd,Streets and Highways,1051.28
2139,Texas 32nd,Toll Roads,7036.26
2139,Texas 32nd,Water Utilities,3289.69
2139,Texas 32nd,Water/Sewer Utilities,3041.52
2144,Texas 33rd,Bridges,5
2144,Texas 33rd,Charter Schools,1905.55
2144,Texas 33rd,Civic/Convention Centers,620.8
2144,Texas 33rd,Combined Utilities,48.94
2144,Texas 33rd,Fire Stations and Equipment,44.75
2144,Texas 33rd,Flood Control/Storm Drainage,157.71
2144,Texas 33rd,General Purpose/Public Improvements,4144.08
2144,Texas 33rd,Government and Public Buildings,44.6
2144,Texas 33rd,Hospitals,437.07
2144,Texas 33rd,Industrial Development,537.51
2144,Texas 33rd,Libraries and Museums,8.58
2144,Texas 33rd,Lifecare/Retirement Centers,51.86
2144,Texas 33rd,Mass/Rapid Transit,1739.1
2144,Texas 33rd,Multi-Family Housing,108.06
2144,Texas 33rd,Other,50
2144,Texas 33rd,Other Recreation,3.12
2144,Texas 33rd,Other Transportation,43.96
2144,Texas 33rd,Other Utilities,0.14
2144,Texas 33rd,"Parks, Zoos and Beaches",6.68
2144,Texas 33rd,Police Stations and Equipment,1.78
2144,Texas 33rd,Primary/Secondary Education,7603.73
2144,Texas 33rd,Public Higher Education,556.66
2144,Texas 33rd,Senior Housing/Independent Living,26.24
2144,Texas 33rd,Sewer,1727.43
2144,Texas 33rd,Solid Waste/Resource Recovery,13.58
2144,Texas 33rd,Stadiums/Sports Complexes,77.1
2144,Texas 33rd,Streets and Highways,721.9
2144,Texas 33rd,Theaters,29.28
2144,Texas 33rd,Toll Roads,7036.26
2144,Texas 33rd,Water Utilities,11787.02
2144,Texas 33rd,Water/Sewer Utilities,4838.28
2149,Texas 34th,Charter Schools,1829.14
2149,Texas 34th,Combined Utilities,160.66
2149,Texas 34th,Courts and Courtroom Facilities,128.34
2149,Texas 34th,Economic Development,13.81
2149,Texas 34th,Electric Utilities and Public Power,0.1
2149,Texas 34th,Fire Stations and Equipment,1.83
2149,Texas 34th,Flood Control/Storm Drainage,0.77
2149,Texas 34th,General Purpose/Public Improvements,757.36
2149,Texas 34th,Higher Education,25.52
2149,Texas 34th,Hospitals,1253.56
2149,Texas 34th,Mass/Rapid Transit,3.92
2149,Texas 34th,Other,38.01
2149,Texas 34th,Other Transportation,33.8
2149,Texas 34th,"Parks, Zoos and Beaches",35.38
2149,Texas 34th,Pollution Control,52.11
2149,Texas 34th,Primary/Secondary Education,1046.26
2149,Texas 34th,Public Higher Education,3378.88
2149,Texas 34th,Sewer,28
2149,Texas 34th,Stadiums/Sports Complexes,2.8
2149,Texas 34th,Streets and Highways,134.6
2149,Texas 34th,Theaters,8.48
2149,Texas 34th,Toll Roads,232.48
2149,Texas 34th,Water Utilities,47.4
2149,Texas 34th,Water/Sewer Utilities,101.79
2154,Texas 35th,Airports,202.28
2154,Texas 35th,Charter Schools,2660.98
2154,Texas 35th,Civic/Convention Centers,613.02
2154,Texas 35th,Combined Utilities,6016
2154,Texas 35th,Courts and Courtroom Facilities,508.34
2154,Texas 35th,Economic Development,202.04
2154,Texas 35th,Electric Utilities and Public Power,6176.5
2154,Texas 35th,Fire Stations and Equipment,1.35
2154,Texas 35th,Flood Control/Storm Drainage,197.86
2154,Texas 35th,GAS,145.92
2154,Texas 35th,General Purpose/Public Improvements,6685.16
2154,Texas 35th,Government and Public Buildings,8.89
2154,Texas 35th,Hospitals,1359.84
2154,Texas 35th,Hotels,184.61
2154,Texas 35th,Lifecare/Retirement Centers,123.72
2154,Texas 35th,Mass/Rapid Transit,51.73
2154,Texas 35th,Multi-Family Housing,706.26
2154,Texas 35th,Other,43.22
2154,Texas 35th,Other Transportation,163.2
2154,Texas 35th,"Parks, Zoos and Beaches",292.53
2154,Texas 35th,Pollution Control,52.11
2154,Texas 35th,Primary/Secondary Education,6472.16
2154,Texas 35th,Private Higher Education,93.15
2154,Texas 35th,Public Higher Education,2735
2154,Texas 35th,Sewer,209.67
2154,Texas 35th,Single Family Housing,19.5
2154,Texas 35th,Solid Waste/Resource Recovery,21.59
2154,Texas 35th,Stadiums/Sports Complexes,121.26
2154,Texas 35th,Streets and Highways,4035.05
2154,Texas 35th,Toll Roads,1696.57
2154,Texas 35th,Water Utilities,1193.08
2154,Texas 35th,Water/Sewer Utilities,5275.1
2160,Texas 36th,Charter Schools,187.24
2160,Texas 36th,Combined Utilities,68.6
2160,Texas 36th,Courts and Courtroom Facilities,22.84
2160,Texas 36th,Electric Utilities and Public Power,169.62
2160,Texas 36th,Fire Stations and Equipment,30.7
2160,Texas 36th,General Purpose/Public Improvements,1004.59
2160,Texas 36th,Higher Education,52.57
2160,Texas 36th,Hospitals,4450.74
2160,Texas 36th,Hotels,62.76
2160,Texas 36th,Other,55.86
2160,Texas 36th,"Parks, Zoos and Beaches",21.58
2160,Texas 36th,Primary/Secondary Education,4686.35
2160,Texas 36th,Public Higher Education,1910.35
2160,Texas 36th,Seaports and Marine Terminals,77.56
2160,Texas 36th,Sewer,1520.01
2160,Texas 36th,Solid Waste/Resource Recovery,11.36
2160,Texas 36th,Streets and Highways,282.96
2160,Texas 36th,Toll Roads,2090.3
2160,Texas 36th,Water Utilities,405.47
2160,Texas 36th,Water/Sewer Utilities,942.02
2166,Texas 37th,Airports,202.28
2166,Texas 37th,Charter Schools,1998.12
2166,Texas 37th,Civic/Convention Centers,70.44
2166,Texas 37th,Combined Utilities,162.1
2166,Texas 37th,Courts and Courtroom Facilities,232.32
2166,Texas 37th,Economic Development,202.04
2166,Texas 37th,Electric Utilities and Public Power,5876.94
2166,Texas 37th,General Purpose/Public Improvements,2720.66
2166,Texas 37th,Government and Public Buildings,9
2166,Texas 37th,Higher Education,25.52
2166,Texas 37th,Hospitals,79.02
2166,Texas 37th,Hotels,184.61
2166,Texas 37th,Lifecare/Retirement Centers,230.56
2166,Texas 37th,Multi-Family Housing,306.37
2166,Texas 37th,Other,42.16
2166,Texas 37th,Other Transportation,19.76
2166,Texas 37th,"Parks, Zoos and Beaches",267.6
2166,Texas 37th,Pollution Control,106.04
2166,Texas 37th,Primary/Secondary Education,4935.94
2166,Texas 37th,Private Higher Education,73.25
2166,Texas 37th,Public Higher Education,8573.16
2166,Texas 37th,Sewer,26.52
2166,Texas 37th,Single Family Housing,19.5
2166,Texas 37th,Solid Waste/Resource Recovery,21.59
2166,Texas 37th,Streets and Highways,4233.32
2166,Texas 37th,Toll Roads,1602.55
2166,Texas 37th,Water Utilities,103.91
2166,Texas 37th,Water/Sewer Utilities,2205.55
2171,Texas 38th,Airports,787.25
2171,Texas 38th,Bridges,13
2171,Texas 38th,Charter Schools,636.63
2171,Texas 38th,Civic/Convention Centers,301.07
2171,Texas 38th,Combined Utilities,2397.68
2171,Texas 38th,Courts and Courtroom Facilities,423.09
2171,Texas 38th,Flood Control/Storm Drainage,1264.67
2171,Texas 38th,General Purpose/Public Improvements,4260.68
2171,Texas 38th,Higher Education,54.07
2171,Texas 38th,Hospitals,3197.19
2171,Texas 38th,Lifecare/Retirement Centers,417.13
2171,Texas 38th,Mass/Rapid Transit,305.9
2171,Texas 38th,Other,160.55
2171,Texas 38th,"Parks, Zoos and Beaches",112.48
2171,Texas 38th,Police Stations and Equipment,2.56
2171,Texas 38th,Primary/Secondary Education,11117.98
2171,Texas 38th,Private Higher Education,0.02
2171,Texas 38th,Private Human Service Providers,53.94
2171,Texas 38th,Public Higher Education,841.86
2171,Texas 38th,Seaports and Marine Terminals,911.18
2171,Texas 38th,Senior Housing/Independent Living,32.52
2171,Texas 38th,Sewer,294.74
2171,Texas 38th,Stadiums/Sports Complexes,825.34
2171,Texas 38th,Streets and Highways,775.96
2171,Texas 38th,Toll Roads,5193.77
2171,Texas 38th,UNKNOWN,25.2
2171,Texas 38th,Water Utilities,2792.34
2171,Texas 38th,Water/Sewer Utilities,5243.44
2178,Utah 1st,Airports,96.7
2178,Utah 1st,Charter Schools,139.28
2178,Utah 1st,Civic/Convention Centers,45.74
2178,Utah 1st,Combined Utilities,740.69
2178,Utah 1st,General Purpose/Public Improvements,239.83
2178,Utah 1st,Government and Public Buildings,60.8
2178,Utah 1st,Hospitals,1320.74
2178,Utah 1st,LD PRESERVTN,5.42
2178,Utah 1st,Libraries and Museums,13.18
2178,Utah 1st,Mass/Rapid Transit,1182.19
2178,Utah 1st,Multi-Family Housing,12.34
2178,Utah 1st,Other,33.68
2178,Utah 1st,Other Recreation,17.28
2178,Utah 1st,Other Transportation,839.01
2178,Utah 1st,Other Utilities,19.1
2178,Utah 1st,"Parks, Zoos and Beaches",36.02
2178,Utah 1st,Primary/Secondary Education,1405.23
2178,Utah 1st,Public Higher Education,2049.14
2178,Utah 1st,Redevelopment/Land Clearance,66.28
2178,Utah 1st,Sewer,47.19
2178,Utah 1st,Solid Waste/Resource Recovery,14.68
2178,Utah 1st,Stadiums/Sports Complexes,3.64
2178,Utah 1st,Streets and Highways,93.46
2178,Utah 1st,Student Housing,70.72
2178,Utah 1st,Telecommunications Equipment,578.82
2178,Utah 1st,Theaters,0.98
2178,Utah 1st,UNKNOWN,0.86
2178,Utah 1st,Water Utilities,414.24
2178,Utah 1st,Water/Sewer Utilities,227.36
2183,Utah 2nd,Airports,397.04
2183,Utah 2nd,Charter Schools,335.8
2183,Utah 2nd,Civic/Convention Centers,23.93
2183,Utah 2nd,Combined Utilities,698.95
2183,Utah 2nd,Courts and Courtroom Facilities,87.52
2183,Utah 2nd,Electric Utilities and Public Power,32.16
2183,Utah 2nd,Flood Control/Storm Drainage,0.88
2183,Utah 2nd,General Purpose/Public Improvements,500.19
2183,Utah 2nd,Government and Public Buildings,144.84
2183,Utah 2nd,Hospitals,1320.74
2183,Utah 2nd,Libraries and Museums,37.8
2183,Utah 2nd,Multi-Family Housing,42.39
2183,Utah 2nd,Other Recreation,19.26
2183,Utah 2nd,"Parks, Zoos and Beaches",30.1
2183,Utah 2nd,Primary/Secondary Education,1259.55
2183,Utah 2nd,Public Higher Education,111.16
2183,Utah 2nd,Redevelopment/Land Clearance,0.57
2183,Utah 2nd,Sewer,69.13
2183,Utah 2nd,Solid Waste/Resource Recovery,14.68
2183,Utah 2nd,Streets and Highways,118.04
2183,Utah 2nd,Student Housing,42.94
2183,Utah 2nd,Telecommunications Equipment,241.85
2183,Utah 2nd,Theaters,0.98
2183,Utah 2nd,Water Utilities,671.8
2183,Utah 2nd,Water/Sewer Utilities,181.55
2188,Utah 3rd,Airports,3.7
2188,Utah 3rd,Charter Schools,187.61
2188,Utah 3rd,Civic/Convention Centers,22.49
2188,Utah 3rd,Combined Utilities,2.52
2188,Utah 3rd,Electric Utilities and Public Power,140.48
2188,Utah 3rd,Fire Stations and Equipment,30
2188,Utah 3rd,Flood Control/Storm Drainage,6.68
2188,Utah 3rd,General Purpose/Public Improvements,1096.18
2188,Utah 3rd,Government and Public Buildings,4.39
2188,Utah 3rd,Hospitals,1320.74
2188,Utah 3rd,Hotels,260
2188,Utah 3rd,LD PRESERVTN,4.15
2188,Utah 3rd,Libraries and Museums,3.82
2188,Utah 3rd,Multi-Family Housing,37.41
2188,Utah 3rd,OTHER PUB SVC,6.28
2188,Utah 3rd,Other Recreation,12.24
2188,Utah 3rd,"Parks, Zoos and Beaches",65.9
2188,Utah 3rd,Police Stations and Equipment,16.47
2188,Utah 3rd,Primary/Secondary Education,1604.54
2188,Utah 3rd,Public Higher Education,67.32
2188,Utah 3rd,Sewer,353.77
2188,Utah 3rd,Streets and Highways,32.66
2188,Utah 3rd,Telecommunications Equipment,250.03
2188,Utah 3rd,UNKNOWN,8.38
2188,Utah 3rd,Water Utilities,377.99
2188,Utah 3rd,Water/Sewer Utilities,234.62
2193,Utah 4th,Charter Schools,259.62
2193,Utah 4th,Civic/Convention Centers,22.49
2193,Utah 4th,Combined Utilities,7.57
2193,Utah 4th,Electric Utilities and Public Power,46.6
2193,Utah 4th,Fire Stations and Equipment,6.9
2193,Utah 4th,Flood Control/Storm Drainage,2.84
2193,Utah 4th,General Purpose/Public Improvements,323.97
2193,Utah 4th,Government and Public Buildings,76.88
2193,Utah 4th,Hospitals,1320.74
2193,Utah 4th,Libraries and Museums,3.82
2193,Utah 4th,Mass/Rapid Transit,1264.71
2193,Utah 4th,Multi-Family Housing,15.68
2193,Utah 4th,Other,33.68
2193,Utah 4th,Other Recreation,65.78
2193,Utah 4th,Other Transportation,839.01
2193,Utah 4th,Parking Facilities,8.04
2193,Utah 4th,"Parks, Zoos and Beaches",19.02
2193,Utah 4th,Police Stations and Equipment,16.47
2193,Utah 4th,Primary/Secondary Education,1014.22
2193,Utah 4th,Sewer,205.54
2193,Utah 4th,Streets and Highways,24.69
2193,Utah 4th,Telecommunications Equipment,259.39
2193,Utah 4th,UNKNOWN,8.38
2193,Utah 4th,Water Utilities,255.5
2193,Utah 4th,Water/Sewer Utilities,199.61
2198,Virginia 1st,Civic/Convention Centers,63.7
2198,Virginia 1st,Economic Development,309.51
2198,Virginia 1st,Electric Utilities and Public Power,242.5
2198,Virginia 1st,General Purpose/Public Improvements,1047.04
2198,Virginia 1st,Higher Education,45.94
2198,Virginia 1st,Hospitals,2001.07
2198,Virginia 1st,Industrial Development,80
2198,Virginia 1st,Lifecare/Retirement Centers,659.3
2198,Virginia 1st,Mass/Rapid Transit,141
2198,Virginia 1st,Multi-Family Housing,8.37
2198,Virginia 1st,Pollution Control,222
2198,Virginia 1st,Primary/Secondary Education,244.82
2198,Virginia 1st,Private Higher Education,43.06
2198,Virginia 1st,Public Higher Education,6005.45
2198,Virginia 1st,Redevelopment/Land Clearance,37.68
2198,Virginia 1st,Sanitation,240.78
2198,Virginia 1st,Sewer,503.74
2198,Virginia 1st,Solid Waste/Resource Recovery,160
2198,Virginia 1st,Streets and Highways,2332.3
2198,Virginia 1st,Student Housing,242.12
2198,Virginia 1st,Toll Roads,151.38
2198,Virginia 1st,Water/Sewer Utilities,284.16
2198,Virginia 1st,NA,8.18
2203,Virginia 2nd,AGRICULTURE,0.5
2203,Virginia 2nd,Bridges,78.02
2203,Virginia 2nd,Courts and Courtroom Facilities,7.32
2203,Virginia 2nd,Electric Utilities and Public Power,242.5
2203,Virginia 2nd,Flood Control/Storm Drainage,238.79
2203,Virginia 2nd,General Purpose/Public Improvements,1113.3
2203,Virginia 2nd,Government and Public Buildings,26.11
2203,Virginia 2nd,Higher Education,45.94
2203,Virginia 2nd,Hospitals,2101.24
2203,Virginia 2nd,LD PRESERVTN,0.23
2203,Virginia 2nd,Lifecare/Retirement Centers,723.14
2203,Virginia 2nd,Mass/Rapid Transit,141
2203,Virginia 2nd,Multi-Family Housing,28.03
2203,Virginia 2nd,Other,0.18
2203,Virginia 2nd,"Parks, Zoos and Beaches",19.35
2203,Virginia 2nd,Pollution Control,222
2203,Virginia 2nd,Primary/Secondary Education,143.26
2203,Virginia 2nd,Private Higher Education,67.01
2203,Virginia 2nd,Public Higher Education,5991.78
2203,Virginia 2nd,Sanitation,240.78
2203,Virginia 2nd,Sewer,503.74
2203,Virginia 2nd,Solid Waste/Resource Recovery,160
2203,Virginia 2nd,Streets and Highways,2332.3
2203,Virginia 2nd,TUNNELS,321.52
2203,Virginia 2nd,Toll Roads,296.89
2203,Virginia 2nd,Water/Sewer Utilities,186.59
2203,Virginia 2nd,NA,8.18
2207,Virginia 3rd,Airports,67.27
2207,Virginia 3rd,Bridges,78.02
2207,Virginia 3rd,Electric Utilities and Public Power,242.5
2207,Virginia 3rd,Flood Control/Storm Drainage,8.54
2207,Virginia 3rd,General Purpose/Public Improvements,1413.68
2207,Virginia 3rd,Government and Public Buildings,95.25
2207,Virginia 3rd,Higher Education,45.94
2207,Virginia 3rd,Hospitals,2001.07
2207,Virginia 3rd,Lifecare/Retirement Centers,477.34
2207,Virginia 3rd,Mass/Rapid Transit,141
2207,Virginia 3rd,Multi-Family Housing,60
2207,Virginia 3rd,Pollution Control,222
2207,Virginia 3rd,Private Higher Education,80.72
2207,Virginia 3rd,Public Higher Education,6021.26
2207,Virginia 3rd,Sanitation,240.78
2207,Virginia 3rd,Seaports and Marine Terminals,233.56
2207,Virginia 3rd,Sewer,504.45
2207,Virginia 3rd,Solid Waste/Resource Recovery,160
2207,Virginia 3rd,Streets and Highways,2332.3
2207,Virginia 3rd,TUNNELS,321.52
2207,Virginia 3rd,Toll Roads,296.89
2207,Virginia 3rd,Water Utilities,275.08
2207,Virginia 3rd,Water/Sewer Utilities,109.39
2207,Virginia 3rd,NA,8.18
2211,Virginia 4th,Airports,32.36
2211,Virginia 4th,Civic/Convention Centers,63.7
2211,Virginia 4th,Combined Utilities,619.92
2211,Virginia 4th,Courts and Courtroom Facilities,32.08
2211,Virginia 4th,Economic Development,284.74
2211,Virginia 4th,Electric Utilities and Public Power,242.5
2211,Virginia 4th,General Purpose/Public Improvements,1659.2
2211,Virginia 4th,Higher Education,45.94
2211,Virginia 4th,Hospitals,781.38
2211,Virginia 4th,Industrial Development,80
2211,Virginia 4th,Lifecare/Retirement Centers,811.85
2211,Virginia 4th,Multi-Family Housing,38.96
2211,Virginia 4th,Pollution Control,222
2211,Virginia 4th,Primary/Secondary Education,202.74
2211,Virginia 4th,Private Higher Education,202.44
2211,Virginia 4th,Public Higher Education,6072.09
2211,Virginia 4th,Sewer,19.59
2211,Virginia 4th,Solid Waste/Resource Recovery,160
2211,Virginia 4th,Stadiums/Sports Complexes,129.72
2211,Virginia 4th,Water/Sewer Utilities,284.16
2215,Virginia 5th,Civic/Convention Centers,63.7
2215,Virginia 5th,Economic Development,123.68
2215,Virginia 5th,Electric Utilities and Public Power,242.5
2215,Virginia 5th,General Purpose/Public Improvements,726.72
2215,Virginia 5th,Higher Education,45.94
2215,Virginia 5th,Hospitals,1968.34
2215,Virginia 5th,Lifecare/Retirement Centers,715.72
2215,Virginia 5th,Other Transportation,8.93
2215,Virginia 5th,"Parks, Zoos and Beaches",14.74
2215,Virginia 5th,Pollution Control,222
2215,Virginia 5th,Primary/Secondary Education,161.94
2215,Virginia 5th,Private Higher Education,115.14
2215,Virginia 5th,Public Higher Education,6981.74
2215,Virginia 5th,Redevelopment/Land Clearance,37.68
2215,Virginia 5th,Senior Housing/Independent Living,13.94
2215,Virginia 5th,Solid Waste/Resource Recovery,160
2215,Virginia 5th,Student Housing,242.54
2215,Virginia 5th,Water/Sewer Utilities,18.44
2219,Virginia 6th,Courts and Courtroom Facilities,52.5
2219,Virginia 6th,Economic Development,34.74
2219,Virginia 6th,Electric Utilities and Public Power,242.5
2219,Virginia 6th,General Purpose/Public Improvements,488.82
2219,Virginia 6th,Higher Education,45.94
2219,Virginia 6th,Hospitals,2346.7
2219,Virginia 6th,Lifecare/Retirement Centers,603.78
2219,Virginia 6th,Multi-Family Housing,8.29
2219,Virginia 6th,Pollution Control,222
2219,Virginia 6th,Primary/Secondary Education,29.16
2219,Virginia 6th,Private Higher Education,135.88
2219,Virginia 6th,Public Higher Education,6076.06
2219,Virginia 6th,Solid Waste/Resource Recovery,160
2223,Virginia 7th,Economic Development,31.02
2223,Virginia 7th,Electric Utilities and Public Power,242.5
2223,Virginia 7th,General Purpose/Public Improvements,378.6
2223,Virginia 7th,Higher Education,45.94
2223,Virginia 7th,Hospitals,1360.12
2223,Virginia 7th,Lifecare/Retirement Centers,389.4
2223,Virginia 7th,Pollution Control,222
2223,Virginia 7th,Primary/Secondary Education,115.82
2223,Virginia 7th,Public Higher Education,5991.78
2223,Virginia 7th,Solid Waste/Resource Recovery,160
2223,Virginia 7th,Water/Sewer Utilities,341.22
2227,Virginia 8th,Economic Development,15
2227,Virginia 8th,Electric Utilities and Public Power,242.5
2227,Virginia 8th,General Purpose/Public Improvements,3838.96
2227,Virginia 8th,Government and Public Buildings,29.43
2227,Virginia 8th,Higher Education,45.94
2227,Virginia 8th,Hospitals,1945.01
2227,Virginia 8th,Industrial Development,44.02
2227,Virginia 8th,Lifecare/Retirement Centers,151.36
2227,Virginia 8th,Mass/Rapid Transit,433.86
2227,Virginia 8th,Multi-Family Housing,67.12
2227,Virginia 8th,Other,14.5
2227,Virginia 8th,"Parks, Zoos and Beaches",237.88
2227,Virginia 8th,Pollution Control,222
2227,Virginia 8th,Primary/Secondary Education,344.72
2227,Virginia 8th,Private Higher Education,111.38
2227,Virginia 8th,Public Higher Education,5991.78
2227,Virginia 8th,Sewer,568.82
2227,Virginia 8th,Solid Waste/Resource Recovery,160
2231,Virginia 9th,Courts and Courtroom Facilities,147.5
2231,Virginia 9th,General Purpose/Public Improvements,90.54
2231,Virginia 9th,Higher Education,45.94
2231,Virginia 9th,Hospitals,1005.62
2231,Virginia 9th,Lifecare/Retirement Centers,24.13
2231,Virginia 9th,Primary/Secondary Education,48.89
2231,Virginia 9th,Public Higher Education,7094.7
2231,Virginia 9th,Sanitation,30.71
2231,Virginia 9th,Senior Housing/Independent Living,7.38
2235,Virginia 10th,Courts and Courtroom Facilities,44.2
2235,Virginia 10th,Electric Utilities and Public Power,242.5
2235,Virginia 10th,General Purpose/Public Improvements,1698
2235,Virginia 10th,Government and Public Buildings,32.63
2235,Virginia 10th,Hospitals,1531.06
2235,Virginia 10th,Malls/Shopping Centers,8.26
2235,Virginia 10th,Mass/Rapid Transit,154.54
2235,Virginia 10th,Multi-Family Housing,18.4
2235,Virginia 10th,Pollution Control,222
2235,Virginia 10th,Primary/Secondary Education,277.86
2235,Virginia 10th,Senior Housing/Independent Living,14
2235,Virginia 10th,Sewer,382.19
2235,Virginia 10th,Solid Waste/Resource Recovery,160
2235,Virginia 10th,Streets and Highways,41.75
2235,Virginia 10th,Water/Sewer Utilities,212.69
2239,Virginia 11th,Economic Development,44.5
2239,Virginia 11th,Electric Utilities and Public Power,242.5
2239,Virginia 11th,General Purpose/Public Improvements,2368.56
2239,Virginia 11th,Government and Public Buildings,94.44
2239,Virginia 11th,Higher Education,45.94
2239,Virginia 11th,Hospitals,1531.06
2239,Virginia 11th,Libraries and Museums,52.54
2239,Virginia 11th,Lifecare/Retirement Centers,354.86
2239,Virginia 11th,Mass/Rapid Transit,296.06
2239,Virginia 11th,Multi-Family Housing,157.84
2239,Virginia 11th,Other,14.5
2239,Virginia 11th,Parking Facilities,112.83
2239,Virginia 11th,Pollution Control,222
2239,Virginia 11th,Primary/Secondary Education,305.78
2239,Virginia 11th,Private Human Service Providers,25.48
2239,Virginia 11th,Public Higher Education,5991.78
2239,Virginia 11th,Senior Housing/Independent Living,19.68
2239,Virginia 11th,Sewer,951.01
2239,Virginia 11th,Solid Waste/Resource Recovery,160
2239,Virginia 11th,Streets and Highways,127.14
2239,Virginia 11th,Water Utilities,315.23
2243,Vermont 0th,Airports,14.89
2243,Vermont 0th,Electric Utilities and Public Power,174.12
2243,Vermont 0th,General Purpose/Public Improvements,158.59
2243,Vermont 0th,Hospitals,290.25
2243,Vermont 0th,Lifecare/Retirement Centers,73.16
2243,Vermont 0th,Private Higher Education,346.58
2243,Vermont 0th,Public Higher Education,553.61
2243,Vermont 0th,Water Utilities,5.54
2246,Washington 1st,Civic/Convention Centers,901.58
2246,Washington 1st,Combined Utilities,11.03
2246,Washington 1st,Electric Utilities and Public Power,299.2
2246,Washington 1st,Fire Stations and Equipment,26.46
2246,Washington 1st,General Purpose/Public Improvements,1405.18
2246,Washington 1st,Government and Public Buildings,141.18
2246,Washington 1st,Higher Education,10
2246,Washington 1st,Hospitals,624.31
2246,Washington 1st,Lifecare/Retirement Centers,160.43
2246,Washington 1st,Mass/Rapid Transit,2246.64
2246,Washington 1st,Multi-Family Housing,2211.26
2246,Washington 1st,Other Transportation,37.15
2246,Washington 1st,Police Stations and Equipment,6.32
2246,Washington 1st,Primary/Secondary Education,2038.94
2246,Washington 1st,Public Higher Education,1448.14
2246,Washington 1st,Sanitation,25.08
2246,Washington 1st,Seaports and Marine Terminals,20.83
2246,Washington 1st,Senior Housing/Independent Living,9.49
2246,Washington 1st,Sewer,3183.42
2246,Washington 1st,Single Family Housing,807.92
2246,Washington 1st,Streets and Highways,18.16
2246,Washington 1st,Water Utilities,4.28
2246,Washington 1st,Water/Sewer Utilities,64.7
2251,Washington 2nd,Combined Utilities,44.68
2251,Washington 2nd,Courts and Courtroom Facilities,90.49
2251,Washington 2nd,Fire Stations and Equipment,8.12
2251,Washington 2nd,General Purpose/Public Improvements,131.91
2251,Washington 2nd,Hospitals,1351.83
2251,Washington 2nd,Multi-Family Housing,1517.78
2251,Washington 2nd,Other Recreation,14.03
2251,Washington 2nd,"Parks, Zoos and Beaches",2.86
2251,Washington 2nd,Police Stations and Equipment,0.37
2251,Washington 2nd,Primary/Secondary Education,1522.22
2251,Washington 2nd,Public Higher Education,118.44
2251,Washington 2nd,Seaports and Marine Terminals,15.71
2251,Washington 2nd,Senior Housing/Independent Living,9.49
2251,Washington 2nd,Single Family Housing,807.92
2251,Washington 2nd,Telecommunications Equipment,12.12
2251,Washington 2nd,Water Utilities,3.47
2251,Washington 2nd,Water/Sewer Utilities,280.08
2256,Washington 3rd,Courts and Courtroom Facilities,11.64
2256,Washington 3rd,Electric Utilities and Public Power,454.46
2256,Washington 3rd,General Purpose/Public Improvements,235.68
2256,Washington 3rd,Government and Public Buildings,5.38
2256,Washington 3rd,Hospitals,1172.61
2256,Washington 3rd,Hotels,43.62
2256,Washington 3rd,Multi-Family Housing,1035.41
2256,Washington 3rd,"Parks, Zoos and Beaches",21.26
2256,Washington 3rd,Primary/Secondary Education,1538.45
2256,Washington 3rd,Seaports and Marine Terminals,64.26
2256,Washington 3rd,Senior Housing/Independent Living,9.49
2256,Washington 3rd,Sewer,107.48
2256,Washington 3rd,Single Family Housing,807.92
2256,Washington 3rd,Stadiums/Sports Complexes,0.43
2256,Washington 3rd,Theaters,2.53
2256,Washington 3rd,Water Utilities,84.6
2256,Washington 3rd,Water/Sewer Utilities,57.33
2261,Washington 4th,Civic/Convention Centers,0.05
2261,Washington 4th,Courts and Courtroom Facilities,4.1
2261,Washington 4th,Electric Utilities and Public Power,920.68
2261,Washington 4th,Fire Stations and Equipment,30.44
2261,Washington 4th,General Purpose/Public Improvements,222.78
2261,Washington 4th,Government and Public Buildings,8.83
2261,Washington 4th,Hospitals,1317.26
2261,Washington 4th,"Parks, Zoos and Beaches",6.79
2261,Washington 4th,Police Stations and Equipment,8.95
2261,Washington 4th,Primary/Secondary Education,1173.92
2261,Washington 4th,Sewer,3.7
2261,Washington 4th,Telecommunications Equipment,7.3
2261,Washington 4th,Water Utilities,65.14
2261,Washington 4th,Water/Sewer Utilities,63
2266,Washington 5th,Airports,39.79
2266,Washington 5th,Combined Utilities,4.56
2266,Washington 5th,Courts and Courtroom Facilities,14.6
2266,Washington 5th,Electric Utilities and Public Power,103.44
2266,Washington 5th,Fire Stations and Equipment,7.14
2266,Washington 5th,General Purpose/Public Improvements,169.83
2266,Washington 5th,Hospitals,1969.65
2266,Washington 5th,Hotels,18.48
2266,Washington 5th,Lifecare/Retirement Centers,102.56
2266,Washington 5th,Multi-Family Housing,1322.83
2266,Washington 5th,OTHER PUB SVC,13.74
2266,Washington 5th,Other Recreation,10.58
2266,Washington 5th,"Parks, Zoos and Beaches",66.54
2266,Washington 5th,Police Stations and Equipment,4
2266,Washington 5th,Primary/Secondary Education,1541.58
2266,Washington 5th,Private Higher Education,242.43
2266,Washington 5th,Public Higher Education,476.15
2266,Washington 5th,Senior Housing/Independent Living,9.49
2266,Washington 5th,Sewer,71.2
2266,Washington 5th,Single Family Housing,807.92
2266,Washington 5th,Stadiums/Sports Complexes,28.54
2266,Washington 5th,Water Utilities,3.06
2266,Washington 5th,Water/Sewer Utilities,112.64
2270,Washington 6th,Civic/Convention Centers,38.49
2270,Washington 6th,Electric Utilities and Public Power,503.68
2270,Washington 6th,Fire Stations and Equipment,9.36
2270,Washington 6th,General Purpose/Public Improvements,165.97
2270,Washington 6th,Government and Public Buildings,10.42
2270,Washington 6th,Higher Education,10
2270,Washington 6th,Hospitals,1553.84
2270,Washington 6th,Lifecare/Retirement Centers,74.3
2270,Washington 6th,Multi-Family Housing,1022.86
2270,Washington 6th,Other,18.36
2270,Washington 6th,"Parks, Zoos and Beaches",139.53
2270,Washington 6th,Primary/Secondary Education,1401.42
2270,Washington 6th,Private Higher Education,27.02
2270,Washington 6th,Public Higher Education,1548.28
2270,Washington 6th,Sanitation,6.58
2270,Washington 6th,Seaports and Marine Terminals,263.34
2270,Washington 6th,Senior Housing/Independent Living,9.49
2270,Washington 6th,Sewer,332.08
2270,Washington 6th,Single Family Housing,807.92
2270,Washington 6th,Solid Waste/Resource Recovery,60.41
2270,Washington 6th,Streets and Highways,29.29
2270,Washington 6th,Water Utilities,97.12
2270,Washington 6th,Water/Sewer Utilities,50.3
2275,Washington 7th,Airports,466.49
2275,Washington 7th,Civic/Convention Centers,900.5
2275,Washington 7th,Combined Utilities,132.08
2275,Washington 7th,Courts and Courtroom Facilities,41.42
2275,Washington 7th,Electric Utilities and Public Power,2492.62
2275,Washington 7th,General Purpose/Public Improvements,1977.3
2275,Washington 7th,Government and Public Buildings,12.82
2275,Washington 7th,Higher Education,10
2275,Washington 7th,Hospitals,3054.51
2275,Washington 7th,Lifecare/Retirement Centers,385.44
2275,Washington 7th,Mass/Rapid Transit,2246.64
2275,Washington 7th,Multi-Family Housing,2027
2275,Washington 7th,Primary/Secondary Education,962.51
2275,Washington 7th,Private Higher Education,51.99
2275,Washington 7th,Public Higher Education,1597.66
2275,Washington 7th,Sanitation,25.08
2275,Washington 7th,Seaports and Marine Terminals,102.2
2275,Washington 7th,Senior Housing/Independent Living,24.24
2275,Washington 7th,Sewer,3777.36
2275,Washington 7th,Single Family Housing,807.92
2275,Washington 7th,Solid Waste/Resource Recovery,53.68
2275,Washington 7th,Streets and Highways,102.07
2275,Washington 7th,Student Housing,183.73
2275,Washington 7th,Water Utilities,575.65
2275,Washington 7th,Water/Sewer Utilities,11.34
2279,Washington 8th,Civic/Convention Centers,900.5
2279,Washington 8th,Combined Utilities,93.04
2279,Washington 8th,Courts and Courtroom Facilities,41.42
2279,Washington 8th,Electric Utilities and Public Power,111.08
2279,Washington 8th,Fire Stations and Equipment,80.14
2279,Washington 8th,General Purpose/Public Improvements,1221.03
2279,Washington 8th,Government and Public Buildings,118.59
2279,Washington 8th,Hospitals,2717.97
2279,Washington 8th,Lifecare/Retirement Centers,101.62
2279,Washington 8th,Mass/Rapid Transit,785.24
2279,Washington 8th,Multi-Family Housing,1694.3
2279,Washington 8th,Other,0.33
2279,Washington 8th,Primary/Secondary Education,2935.05
2279,Washington 8th,Sanitation,25.08
2279,Washington 8th,Seaports and Marine Terminals,20.83
2279,Washington 8th,Senior Housing/Independent Living,9.49
2279,Washington 8th,Sewer,3253.79
2279,Washington 8th,Single Family Housing,807.92
2279,Washington 8th,Streets and Highways,7.63
2279,Washington 8th,Water Utilities,11.72
2279,Washington 8th,Water/Sewer Utilities,94.3
2284,Washington 9th,Airports,466.49
2284,Washington 9th,Civic/Convention Centers,901.58
2284,Washington 9th,Combined Utilities,157.34
2284,Washington 9th,Courts and Courtroom Facilities,50.3
2284,Washington 9th,Electric Utilities and Public Power,2492.62
2284,Washington 9th,General Purpose/Public Improvements,2289.81
2284,Washington 9th,Higher Education,68.46
2284,Washington 9th,Hospitals,3041.69
2284,Washington 9th,Lifecare/Retirement Centers,360.82
2284,Washington 9th,Mass/Rapid Transit,2246.64
2284,Washington 9th,Multi-Family Housing,2114.69
2284,Washington 9th,OFFICE BLDG/LTD PARTN,0
2284,Washington 9th,Other Transportation,16.95
2284,Washington 9th,Primary/Secondary Education,2745.27
2284,Washington 9th,Private Higher Education,58.12
2284,Washington 9th,Sanitation,25.08
2284,Washington 9th,Seaports and Marine Terminals,126.71
2284,Washington 9th,Senior Housing/Independent Living,42.49
2284,Washington 9th,Sewer,3756.95
2284,Washington 9th,Single Family Housing,807.92
2284,Washington 9th,Solid Waste/Resource Recovery,53.68
2284,Washington 9th,Streets and Highways,112.39
2284,Washington 9th,Water Utilities,587.37
2284,Washington 9th,Water/Sewer Utilities,91.42
2289,Washington 10th,Combined Utilities,1.22
2289,Washington 10th,Fire Stations and Equipment,127.89
2289,Washington 10th,General Purpose/Public Improvements,220.8
2289,Washington 10th,Government and Public Buildings,45.42
2289,Washington 10th,Hospitals,2582.83
2289,Washington 10th,Lifecare/Retirement Centers,167.51
2289,Washington 10th,Mass/Rapid Transit,2259.4
2289,Washington 10th,Multi-Family Housing,1006.42
2289,Washington 10th,OFFICE BLDG/LTD PARTN,187.67
2289,Washington 10th,Primary/Secondary Education,1229.88
2289,Washington 10th,Public Higher Education,17.47
2289,Washington 10th,Seaports and Marine Terminals,12.2
2289,Washington 10th,Senior Housing/Independent Living,33.49
2289,Washington 10th,Sewer,75.04
2289,Washington 10th,Single Family Housing,807.92
2289,Washington 10th,Streets and Highways,7.63
2289,Washington 10th,Water Utilities,45
2289,Washington 10th,Water/Sewer Utilities,34.3
2293,Wisconsin 1st,Airports,15.72
2293,Wisconsin 1st,Charter Schools,10.52
2293,Wisconsin 1st,Civic/Convention Centers,531.95
2293,Wisconsin 1st,Combined Utilities,9.92
2293,Wisconsin 1st,Courts and Courtroom Facilities,95.59
2293,Wisconsin 1st,Fire Stations and Equipment,10.36
2293,Wisconsin 1st,Flood Control/Storm Drainage,7.14
2293,Wisconsin 1st,General Purpose/Public Improvements,1601.89
2293,Wisconsin 1st,Government and Public Buildings,29.7
2293,Wisconsin 1st,Hospitals,1806.81
2293,Wisconsin 1st,Libraries and Museums,6.35
2293,Wisconsin 1st,Lifecare/Retirement Centers,179.03
2293,Wisconsin 1st,Mass/Rapid Transit,3.99
2293,Wisconsin 1st,Multi-Family Housing,14
2293,Wisconsin 1st,Nursing Homes,14.24
2293,Wisconsin 1st,Other,31.54
2293,Wisconsin 1st,PENSION OBLIGATION,4.82
2293,Wisconsin 1st,"Parks, Zoos and Beaches",52.26
2293,Wisconsin 1st,Primary/Secondary Education,1146.81
2293,Wisconsin 1st,Private Higher Education,21.08
2293,Wisconsin 1st,Public Higher Education,150.96
2293,Wisconsin 1st,Seaports and Marine Terminals,11.08
2293,Wisconsin 1st,Sewer,14.08
2293,Wisconsin 1st,Streets and Highways,140.48
2293,Wisconsin 1st,Water Utilities,76.09
2293,Wisconsin 1st,Water/Sewer Utilities,61.79
2299,Wisconsin 2nd,Combined Utilities,64.25
2299,Wisconsin 2nd,Courts and Courtroom Facilities,281
2299,Wisconsin 2nd,Electric Utilities and Public Power,1.81
2299,Wisconsin 2nd,Fire Stations and Equipment,17.97
2299,Wisconsin 2nd,General Purpose/Public Improvements,1548.35
2299,Wisconsin 2nd,Government and Public Buildings,19.02
2299,Wisconsin 2nd,Higher Education,6.48
2299,Wisconsin 2nd,Hospitals,1269.08
2299,Wisconsin 2nd,Libraries and Museums,11.95
2299,Wisconsin 2nd,Lifecare/Retirement Centers,287.39
2299,Wisconsin 2nd,Mass/Rapid Transit,71.06
2299,Wisconsin 2nd,Multi-Family Housing,73.8
2299,Wisconsin 2nd,Parking Facilities,28.58
2299,Wisconsin 2nd,"Parks, Zoos and Beaches",22.35
2299,Wisconsin 2nd,Police Stations and Equipment,8.79
2299,Wisconsin 2nd,Primary/Secondary Education,2065.17
2299,Wisconsin 2nd,Public Higher Education,273.4
2299,Wisconsin 2nd,Senior Housing/Independent Living,43.8
2299,Wisconsin 2nd,Sewer,72.64
2299,Wisconsin 2nd,Streets and Highways,164.65
2299,Wisconsin 2nd,Water Utilities,104.31
2299,Wisconsin 2nd,Water/Sewer Utilities,24.12
2305,Wisconsin 3rd,Combined Utilities,2.51
2305,Wisconsin 3rd,Courts and Courtroom Facilities,104.85
2305,Wisconsin 3rd,Electric Utilities and Public Power,16.75
2305,Wisconsin 3rd,Flood Control/Storm Drainage,4.24
2305,Wisconsin 3rd,General Purpose/Public Improvements,750.62
2305,Wisconsin 3rd,Government and Public Buildings,19.85
2305,Wisconsin 3rd,Higher Education,7.84
2305,Wisconsin 3rd,Hospitals,1804.86
2305,Wisconsin 3rd,Libraries and Museums,5.79
2305,Wisconsin 3rd,Lifecare/Retirement Centers,14.14
2305,Wisconsin 3rd,Nursing Homes,40.4
2305,Wisconsin 3rd,OFFICE BLDG/LTD PARTN,1.11
2305,Wisconsin 3rd,Other Recreation,2.44
2305,Wisconsin 3rd,Parking Facilities,11.28
2305,Wisconsin 3rd,"Parks, Zoos and Beaches",29.8
2305,Wisconsin 3rd,Police Stations and Equipment,4.47
2305,Wisconsin 3rd,Primary/Secondary Education,1311.07
2305,Wisconsin 3rd,Private Higher Education,0.17
2305,Wisconsin 3rd,Public Higher Education,226.3
2305,Wisconsin 3rd,Sewer,46.13
2305,Wisconsin 3rd,Solid Waste/Resource Recovery,4.79
2305,Wisconsin 3rd,Streets and Highways,123.69
2305,Wisconsin 3rd,Water Utilities,22.07
2305,Wisconsin 3rd,Water/Sewer Utilities,32.46
2312,Wisconsin 4th,Airports,27.25
2312,Wisconsin 4th,Charter Schools,22.72
2312,Wisconsin 4th,Civic/Convention Centers,531.95
2312,Wisconsin 4th,Economic Development,168.78
2312,Wisconsin 4th,Fire Stations and Equipment,11.74
2312,Wisconsin 4th,Flood Control/Storm Drainage,4.35
2312,Wisconsin 4th,General Purpose/Public Improvements,1536.36
2312,Wisconsin 4th,Hospitals,3025.13
2312,Wisconsin 4th,Lifecare/Retirement Centers,308.5
2312,Wisconsin 4th,Multi-Family Housing,46.82
2312,Wisconsin 4th,Other,79.74
2312,Wisconsin 4th,"Parks, Zoos and Beaches",20.1
2312,Wisconsin 4th,Primary/Secondary Education,455.01
2312,Wisconsin 4th,Private Higher Education,514.7
2312,Wisconsin 4th,Public Higher Education,99.22
2312,Wisconsin 4th,Seaports and Marine Terminals,8.96
2312,Wisconsin 4th,Sewer,742.82
2312,Wisconsin 4th,Stadiums/Sports Complexes,44.3
2312,Wisconsin 4th,Streets and Highways,166.72
2312,Wisconsin 4th,Water Utilities,25.4
2316,Wisconsin 5th,Civic/Convention Centers,5.8
2316,Wisconsin 5th,Combined Utilities,22.35
2316,Wisconsin 5th,Courts and Courtroom Facilities,37.21
2316,Wisconsin 5th,Economic Development,5.88
2316,Wisconsin 5th,Electric Utilities and Public Power,0.23
2316,Wisconsin 5th,Fire Stations and Equipment,22.86
2316,Wisconsin 5th,Flood Control/Storm Drainage,1.88
2316,Wisconsin 5th,General Purpose/Public Improvements,1012.64
2316,Wisconsin 5th,Government and Public Buildings,84.74
2316,Wisconsin 5th,Hospitals,2532.05
2316,Wisconsin 5th,Industrial Development,4.86
2316,Wisconsin 5th,Libraries and Museums,10.53
2316,Wisconsin 5th,Lifecare/Retirement Centers,633.5
2316,Wisconsin 5th,Other,48.2
2316,Wisconsin 5th,Other Transportation,2.42
2316,Wisconsin 5th,Police Stations and Equipment,2.35
2316,Wisconsin 5th,Primary/Secondary Education,943.02
2316,Wisconsin 5th,Public Higher Education,282.18
2316,Wisconsin 5th,Redevelopment/Land Clearance,24.94
2316,Wisconsin 5th,Sewer,65.17
2316,Wisconsin 5th,Streets and Highways,97.62
2316,Wisconsin 5th,Water Utilities,46.58
2316,Wisconsin 5th,Water/Sewer Utilities,46.24
2322,Wisconsin 6th,Combined Utilities,9.2
2322,Wisconsin 6th,Courts and Courtroom Facilities,7.86
2322,Wisconsin 6th,Electric Utilities and Public Power,3.9
2322,Wisconsin 6th,Fire Stations and Equipment,8.76
2322,Wisconsin 6th,Flood Control/Storm Drainage,49.1
2322,Wisconsin 6th,General Purpose/Public Improvements,1078.59
2322,Wisconsin 6th,Government and Public Buildings,62.1
2322,Wisconsin 6th,Higher Education,5.8
2322,Wisconsin 6th,Hospitals,2065.94
2322,Wisconsin 6th,Libraries and Museums,0.82
2322,Wisconsin 6th,Lifecare/Retirement Centers,247.15
2322,Wisconsin 6th,Mass/Rapid Transit,5.92
2322,Wisconsin 6th,Other Recreation,1.19
2322,Wisconsin 6th,"Parks, Zoos and Beaches",3.43
2322,Wisconsin 6th,Primary/Secondary Education,1408.84
2322,Wisconsin 6th,Public Higher Education,446.86
2322,Wisconsin 6th,Sewer,170.44
2322,Wisconsin 6th,Streets and Highways,87.23
2322,Wisconsin 6th,Water Utilities,108.72
2322,Wisconsin 6th,Water/Sewer Utilities,36.78
2329,Wisconsin 7th,Bridges,3.9
2329,Wisconsin 7th,Courts and Courtroom Facilities,62.04
2329,Wisconsin 7th,Electric Utilities and Public Power,19.94
2329,Wisconsin 7th,Fire Stations and Equipment,15.68
2329,Wisconsin 7th,General Purpose/Public Improvements,566.7
2329,Wisconsin 7th,Government and Public Buildings,125.88
2329,Wisconsin 7th,Higher Education,5.28
2329,Wisconsin 7th,Hospitals,1681.38
2329,Wisconsin 7th,Human Services,15.48
2329,Wisconsin 7th,Libraries and Museums,4.34
2329,Wisconsin 7th,Lifecare/Retirement Centers,155.96
2329,Wisconsin 7th,Multi-Family Housing,14
2329,Wisconsin 7th,Other Recreation,1.7
2329,Wisconsin 7th,"Parks, Zoos and Beaches",5.4
2329,Wisconsin 7th,Police Stations and Equipment,6.84
2329,Wisconsin 7th,Primary/Secondary Education,1326.61
2329,Wisconsin 7th,Public Higher Education,199.33
2329,Wisconsin 7th,Sewer,41.6
2329,Wisconsin 7th,Streets and Highways,111.88
2329,Wisconsin 7th,Water Utilities,24.18
2329,Wisconsin 7th,Water/Sewer Utilities,22.46
2337,West Virginia 1st,General Purpose/Public Improvements,18.28
2337,West Virginia 1st,Higher Education,51.85
2337,West Virginia 1st,Hospitals,1327.15
2337,West Virginia 1st,OTHER PUB SVC,3.2
2337,West Virginia 1st,Primary/Secondary Education,116.76
2337,West Virginia 1st,Public Higher Education,399.76
2337,West Virginia 1st,Sewer,41.02
2337,West Virginia 1st,Solid Waste/Resource Recovery,240.38
2337,West Virginia 1st,Water Utilities,20.78
2337,West Virginia 1st,Water/Sewer Utilities,1.41
2341,West Virginia 2nd,Civic/Convention Centers,0.78
2341,West Virginia 2nd,Combined Utilities,88.64
2341,West Virginia 2nd,Courts and Courtroom Facilities,69.58
2341,West Virginia 2nd,Economic Development,181.06
2341,West Virginia 2nd,General Purpose/Public Improvements,411.6
2341,West Virginia 2nd,Government and Public Buildings,61.25
2341,West Virginia 2nd,Higher Education,51.85
2341,West Virginia 2nd,Hospitals,1077.92
2341,West Virginia 2nd,Multi-Family Housing,4.38
2341,West Virginia 2nd,Parking Facilities,4.69
2341,West Virginia 2nd,Primary/Secondary Education,281.38
2341,West Virginia 2nd,Public Higher Education,286.57
2341,West Virginia 2nd,Redevelopment/Land Clearance,14.26
2341,West Virginia 2nd,Sewer,75.87
2341,West Virginia 2nd,Stadiums/Sports Complexes,27.37
2341,West Virginia 2nd,Student Housing,24.92
2341,West Virginia 2nd,Water Utilities,72.93
2341,West Virginia 2nd,Water/Sewer Utilities,106.46
2345,Wyoming 0th,Courts and Courtroom Facilities,2.1
2345,Wyoming 0th,Economic Development,150
2345,Wyoming 0th,Electric Utilities and Public Power,139.72
2345,Wyoming 0th,General Purpose/Public Improvements,21.28
2345,Wyoming 0th,Hospitals,73.18
2345,Wyoming 0th,Pollution Control,116.3
2345,Wyoming 0th,Primary/Secondary Education,13.82
2345,Wyoming 0th,Public Higher Education,263.04
1,Wisconsin 8th,Bridges,20.04
1,Wisconsin 8th,Civic/Convention Centers,95.19
1,Wisconsin 8th,Combined Utilities,19.12
1,Wisconsin 8th,Courts and Courtroom Facilities,69.18
1,Wisconsin 8th,Electric Utilities and Public Power,48.26
1,Wisconsin 8th,Fire Stations and Equipment,13.1
1,Wisconsin 8th,Flood Control/Storm Drainage,26.56
1,Wisconsin 8th,General Purpose/Public Improvements,849.45
1,Wisconsin 8th,Government and Public Buildings,42.74
1,Wisconsin 8th,Higher Education,2.48
1,Wisconsin 8th,Hospitals,1980.94
1,Wisconsin 8th,Lifecare/Retirement Centers,11.22
1,Wisconsin 8th,Multi-Family Housing,14.0
1,Wisconsin 8th,"Parks, Zoos and Beaches",10.39
1,Wisconsin 8th,Police Stations and Equipment,7.64
1,Wisconsin 8th,Primary/Secondary Education,1060.06
1,Wisconsin 8th,Private Higher Education,11.56
1,Wisconsin 8th,Public Higher Education,192.97
1,Wisconsin 8th,Redevelopment/Land Clearance,0.66
1,Wisconsin 8th,Sanitation,1.38
1,Wisconsin 8th,Sewer,86.15
1,Wisconsin 8th,Streets and Highways,122.12
1,Wisconsin 8th,UNKNOWN,0.8
1,Wisconsin 8th,Water Utilities,157.88
1,Wisconsin 8th,Water/Sewer Utilities,20.94
